session_idx,annotations_per_hour,annotations_per_session
0,4.036125817502336,36
1,1.5510555794915986,2
2,0.49712770658418026,5
3,0.5623242736644799,1
4,0.9463913773230066,13
5,0.4945054945054945,1
6,1.144310235219326,2
7,1.002481450999078,45
8,0.4226978297597537,18
9,0.7658108021868153,50
10,107.6923076923077,7
11,0.23356906507493677,1
12,1.841013693959884,9
13,0.15385766029510753,4
14,54.54545454545455,1
15,1.4162077104642015,1
16,2.1235805928329157,4
17,0.56082045956121,6
18,13.043478260869566,2
19,1.1734028683181226,1
20,1.594548551959114,13
21,0.7175245403358413,8
22,0.04362790246740027,1
23,5.280379104140811,26
24,5.8038869257950525,219
25,8.565989847715736,45
26,66.66666666666667,1
27,0.9220721009156687,8
28,0.6563474265711317,10
29,87.80487804878048,1
30,2.345149557570165,12
31,0.24765246104633165,2
32,21.270310192023633,4
33,8.108108108108109,2
34,7.426326129666012,21
35,4.398961356346418,24
36,2.170090922790978,24
37,3.0814380044020546,14
38,1.5393386545039909,27
39,1.2584300318017887,41
40,1.42976019366064,42
41,0.2690824289173917,5
42,1.2588439616285712,30
43,0.6958538706871558,2
44,0.694420089082173,11
45,65.28497409326425,7
46,2.33362143474503,6
47,54.13533834586466,6
48,0.27453671928620454,2
49,0.4132389515974747,9
50,0.08082440897150939,1
51,2.3545121336403647,48
52,0.40506784886468483,10
53,6.149903907751441,8
54,0.825147347740668,14
55,0.24272390156197324,3
56,0.4234895539243365,5
57,1.9092741222642577,15
58,13.04845478824876,19
59,0.7434330084255741,5
60,1.1959521619135236,13
61,0.8837247361099746,3
62,21.560920830993823,32
63,0.42651501688288607,2
64,3.294691885295912,6
65,1.6600061481709192,3
66,1.5557476231633534,5
67,1.5050167224080266,3
68,41.860465116279066,3
69,0.5898641673903426,20
70,4.669260700389105,5
71,0.2992850412902511,6
72,0.9187579753296471,9
73,2.664816099930604,16
74,3.307078577139649,54
75,0.900649648927095,61
76,0.3911007427483404,19
77,0.8501761360281818,12
78,1.3879102910091599,29
79,1.0960572385446794,10
80,0.15459158477845453,6
81,23.04,4
82,1.78653716635355,14
83,1.2304327021669286,25
84,0.7034180908711963,30
85,9.849136246384742,35
86,2.555608140085187,12
87,2.9981261711430354,20
88,1.6835303120482952,11
89,0.3057151753616214,3
90,1.6265060240963853,6
91,0.22143399011748305,3
92,0.7210094131784498,4
93,6.59582264565775,5
94,2.338129496402878,26
95,0.22235856554018718,15
96,20.0,16
97,2.356434695148235,41
98,0.43062200956937796,13
99,0.05877263154457741,1
100,0.8967865149879598,45
101,1.7118402282453637,6
102,0.9648887697668186,1
103,0.48384731929035724,11
104,0.08380668591116491,1
105,1.8848167539267016,1
106,22.22222222222222,4
107,47.05882352941176,2
108,8.812729498164014,2
109,29.38775510204082,2
110,257.14285714285717,2
111,1.4497321147179325,23
112,1.290230091032901,15
113,1.578255151249452,4
114,13.255599877262965,36
115,6.017830609212481,9
116,1.8411183088987384,12
117,2.0524515393386547,2
118,423.52941176470586,2
119,2.0486555697823303,12
120,0.5669827070274357,10
121,0.22547208217204773,2
122,0.22846988639969537,2
123,27.45471877979028,8
124,2.1932918617328285,19
125,0.6557509765427351,9
126,0.23681094592816734,1
127,0.372400951691321,5
128,0.4053095551727632,20
129,0.8676092544987146,3
130,1.228144989339019,4
131,0.11011868346996206,1
132,0.3169293071573202,2
133,3.2225579053373616,8
134,5.18927049385811,23
135,1.6693055869712736,41
136,1.227771010962241,14
137,2.2553250730892387,9
138,3.9764359351988214,6
139,1.5572519083969467,17
140,1.8012184713188333,17
141,0.8164499546416691,6
142,1.53706569888456,8
143,1.7769246589428942,36
144,2.1501808408268905,18
145,0.3592814371257485,4
146,1.0014836795252224,3
147,0.5239822652156388,13
148,11.382113821138212,7
149,0.20666560357199806,9
150,1.5163367230278595,14
151,0.8481231349144024,30
152,2.475303098338572,49
153,2.2768341163715218,35
154,6.081081081081081,2
155,0.6050674398083954,4
156,0.6572341396622546,2
157,0.8955966498051248,3
158,0.9983361064891847,7
159,11.75771971496437,11
160,0.10255825878867302,1
161,1.43287655654745,28
162,0.30410542321338063,4
163,0.5191740412979351,11
164,0.6409875957030091,18
165,0.12356696643097412,2
166,0.7752250979125449,16
167,12.21522055259331,14
168,0.7814407814407814,24
169,0.19787286668315607,2
170,0.981952084375142,6
171,1.9695809169493381,5
172,2.8935030140656397,6
173,0.8581644815256256,1
174,0.6040268456375839,3
175,40.2555910543131,21
176,2.3522316043425815,13
177,7.827032250271771,54
178,0.28655575897476715,2
179,5.440363990900227,93
180,0.34466801768019273,18
181,0.032146301389434584,1
182,14.173228346456693,18
183,2.4582701062215477,9
184,1.9912351614687487,39
185,3.195739014647137,16
186,2.6256153786043606,28
187,0.5744176043733437,23
188,0.5346402316774337,4
189,0.7624695541671078,4
190,0.24627171979750995,1
191,0.12977181788688222,1
192,360.0,1
193,0.14701678441622085,4
194,63.094641962944415,35
195,2.9407760381211707,6
196,1.8508997429305913,1
197,13.734290843806104,34
198,1.2028735312134544,24
199,1.1281729865246004,1
200,0.20881266796852344,3
201,0.22149633076785397,11
202,0.7806852681798467,3
203,0.22902220243018,1
204,0.8633093525179856,2
205,0.547903508104406,10
206,0.44734080742254373,9
207,38.37953091684435,5
208,0.533124596718745,14
209,0.29856687898089174,5
210,1.4105120020281872,68
211,12.763713080168776,121
212,3.8466104713285056,18
213,0.5065903654017543,6
214,5.466487746309768,43
215,2.399338113623828,29
216,2.963348063426046,38
217,9.132420091324201,30
218,7.561966111188909,30
219,1.8923713778829097,24
220,3.6214701444276787,14
221,11.914893617021276,7
222,0.47456882346479184,6
223,0.08432690731067438,2
224,2.4398508980006777,28
225,1.947324360873205,42
226,1.0083798230666885,12
227,0.20566074863051523,9
228,3.438395415472779,1
229,0.329447831707066,8
230,55.03822098679639,22
231,13.846153846153847,7
232,58.06451612903225,30
233,1.4957930819569958,8
234,4.200700116686114,1
235,0.7863695937090432,8
236,1.4263074484944531,1
237,0.6324110671936759,2
238,0.6301417819009277,1
239,0.3690793520606931,1
240,0.3539049699617695,9
241,71.24793842770752,36
242,0.1655061730458987,11
243,1.3520562522169133,18
244,0.4663011096239368,3
245,0.9913064002202904,7
246,0.7875929797267733,9
247,24.95667244367418,4
248,1.794616151545364,1
249,0.871917006418278,6
250,0.13660035857594127,4
251,0.8356098344849752,13
252,0.15658471341735264,4
253,0.6495263870094723,18
254,0.179215930304916,2
255,1.3251238120733504,55
256,0.3032738018092745,13
257,1.9342797353090888,38
258,0.8793049303883597,21
259,1.2356109409652551,13
260,0.07680737350785675,2
261,0.09583069909825974,4
262,1.8474565398678555,16
263,1.5061711177742139,6
264,3.580308304326206,4
265,28.892455858747994,5
266,0.39413181519597107,8
267,0.3505355404089581,1
268,4.8517520215633425,1
269,3.096108363792733,4
270,20.542082738944366,4
271,2.1689146819785816,49
272,4.102564102564103,2
273,0.27014858171994593,3
274,5.027932960893855,2
275,0.5219206680584552,5
276,2.306558742498345,30
277,58.44155844155844,5
278,0.7894621423663396,15
279,1.7682009031133645,31
280,0.5876844031652475,19
281,9.474681545425835,25
282,1.1730205278592374,2
283,0.9564293304994687,1
284,1.7990105442006896,10
285,0.7289293849658315,4
286,0.4891636660099192,2
287,0.2922504911431865,5
288,70.86614173228347,5
289,0.3735380875442835,7
290,0.3497862417411582,1
291,0.061376888191768675,1
292,3.0467246345158956,62
293,1.5234454986007782,62
294,0.9599893334518504,24
295,5.393258426966292,14
296,3.64069006543724,17
297,0.7782101167315175,2
298,2.294851193242938,48
299,2.3562779535289624,6
300,1.1992671145411138,18
301,0.073666332439788,1
302,1.1257622348465106,6
303,0.578824664362087,2
304,3.055195273094106,53
305,3.913043478260869,3
306,0.05054263130554424,1
307,0.12225769204645792,1
308,0.677519525736332,2
309,0.10968587185033972,1
310,0.2215475506687454,3
311,1.7007874015748032,3
312,7.997778394890308,8
313,0.8025861108014714,4
314,7.134767836919592,7
315,3.7037037037037033,2
316,2.4927295388450355,15
317,9.689677010766308,17
318,1.9088016967126193,5
319,2.5854925142257335,13
320,3.9536302623550945,9
321,0.5933739904400857,2
322,1.7585638395310497,8
323,1.616788470175152,11
324,0.7942848013146784,29
325,1.394484040904865,20
326,1.723725161599234,4
327,0.4997686256362795,9
328,114.04662283323371,53
329,0.6242413733310214,4
330,0.9814612868047982,1
331,2.2978723404255317,3
332,1.447664104080426,17
333,0.8455865081974915,20
334,7.064119582155018,34
335,1.9727262764008704,35
336,0.6434086359736918,10
337,5.288323060084107,102
338,6.374650512581547,57
339,20.824295010845987,8
340,3.6160714285714284,36
341,3.103902653283662,53
342,22.451994091580502,38
343,0.3840945463498708,13
344,2.6007289922175154,44
345,1.4177414590922517,4
346,1.3978256046150432,14
347,0.6337470293108001,2
348,0.21860246231384634,8
349,1.2173471975653056,4
350,63.09081253319171,33
351,1.9972533219343163,61
352,1.2846182820212915,18
353,0.40112233218196364,11
354,0.6791812093198755,6
355,0.37124883984737544,1
356,0.2151565861821659,1
357,0.4026474729265629,17
358,0.7784690109451412,13
359,0.13041824406325284,2
360,2.396626969450403,9
361,1.7951754659352988,8
362,0.33702455464612424,7
363,0.3028327479968876,4
364,34.82587064676617,35
365,5.201238390092879,35
366,2.72434886800782,84
367,0.4252202877323947,10
368,0.9977692151693368,41
369,3.2241488159034515,61
370,4.2195348837209306,63
371,1.7285531370038412,9
372,0.21418372203712518,3
373,3.669214732453092,44
374,0.15366884364195157,1
375,0.2822024332120908,5
376,0.6124271679496449,4
377,0.32072221892261094,3
378,1.10803324099723,2
379,0.2984002431409388,3
380,57.324840764331206,5
381,11.203319502074688,3
382,9.803420985448048,64
383,2.488765986864846,2
384,8.470588235294118,1
385,16.475972540045767,4
386,0.063814512483714,2
387,0.39758137993870624,8
388,3.706669717423636,9
389,0.17806796260572785,1
390,2.6581343834604976,3
391,0.9008508035366735,9
392,0.33763188745603756,8
393,1.819100555836281,14
394,34.61538461538461,3
395,4.792294741787714,34
396,1.3968993068416318,22
397,0.12355424374506642,1
398,0.493141034422027,7
399,0.98007815002242,17
400,0.681044267877412,1
401,1.2581321576428839,13
402,0.6299806159810467,13
403,0.1767521787160918,4
404,0.8232083784319405,30
405,0.3534089235753203,2
406,0.6406182474515087,7
407,27.243243243243242,35
408,112.5,1
409,39.56043956043956,1
410,10.94224924012158,1
411,48.648648648648646,1
412,2.804869565217391,56
413,11.909262759924387,7
414,133.33333333333334,1
415,51.26582278481013,27
416,1.054726569208854,29
417,0.6345289503833612,2
418,1.277139208173691,5
419,0.5896443707388981,8
420,0.2810709523981118,13
421,1.0414298997830354,42
422,1.8449072120196306,85
423,57.142857142857146,31
424,64.72765732416711,34
425,22.884386174016687,16
426,2.3029527625332484,38
427,2.3960863922260307,20
428,1.9654556283502085,22
429,11.347517730496454,8
430,3.540817760292258,14
431,59.01639344262295,1
432,2.2038349888425914,31
433,1.385570950788342,29
434,3.892074833129642,69
435,0.6282882974919549,41
436,5.255056000849302,55
437,1.053864168618267,1
438,0.1383152434924599,2
439,1.0031115032740445,6
440,0.6713286713286714,2
441,1.89873417721519,1
442,0.7290400972053463,1
443,1.3765853036772673,6
444,0.5230622919638611,11
445,6.818181818181818,4
446,1.848840195155354,6
447,0.5744031592173757,8
448,0.3202732998825665,5
449,1800.0,1
450,0.4905300449652541,6
451,5.748502994011976,4
452,0.7384615384615384,2
453,0.616310209472101,14
454,3.523148389790699,75
455,2.4204995393082154,27
456,3.023032629558541,49
457,2.8447254049782695,4
458,1.2590347400326416,3
459,2.6059979317476736,7
460,1.2334399269072636,3
461,1.2190211223780063,74
462,2.5944076102623237,10
463,0.2971102491245859,14
464,2.6324622392711583,122
465,84.48500651890483,36
466,0.5517092167892688,17
467,0.3292181069958848,5
468,0.634437094429164,28
469,0.10347801092267893,2
470,1.0403622001733936,15
471,0.3153192607515109,1
472,0.7636016544702514,2
473,0.7380073800738007,4
474,0.5127637013942742,9
475,0.7005935584314489,2
476,5.278592375366569,1
477,13.533834586466165,1
478,59.01639344262295,1
479,4.66228332337119,65
480,0.15845070422535212,1
481,2.376169431211617,23
482,1.3000561752668325,9
483,0.12035202968683399,4
484,2.902835640370918,6
485,1.3471727099048707,57
486,30.98106712564544,25
487,1.126099706744868,8
488,0.17446720864581944,4
489,0.5948938279765347,2
490,0.8355576186607869,2
491,5.647058823529411,2
492,2.4541398116013884,11
493,0.08262376351242799,1
494,1.3067941194264625,6
495,6.122448979591836,1
496,1.441345255571867,6
497,0.047137077239338514,1
498,0.08055493398970687,1
499,0.5469981576798162,16
500,0.18284321194575653,1
501,0.5076285287233142,5
502,1.3448894202032278,5
503,43.261802575107296,14
504,1.0613598673300166,16
505,0.09223792259700996,2
506,0.7187370762802504,14
507,0.9742895805142083,18
508,15.486091195870376,30
509,2.731411229135053,6
510,1.1257168479928257,53
511,0.829971181556196,18
512,8.368295725138903,41
513,0.2901353965183752,4
514,0.979769572711603,9
515,0.3859417156538675,6
516,0.14588483202982533,2
517,2.0364294603461928,5
518,0.740588356305287,12
519,0.379582225242218,9
520,8.006899369070855,49
521,1.3389370327667645,10
522,0.28794241151769645,2
523,1.4444828778969214,29
524,0.3308620795294406,9
525,3.2810791104629966,5
526,0.39295113579857616,9
527,18.045112781954888,2
528,36.41618497109827,7
529,0.9975062344139651,3
530,3.7348703170028816,9
531,0.19976693857166639,3
532,0.5201560468140441,2
533,0.20419739081111743,1
534,0.27556644213104714,1
535,0.33709443325998406,2
536,82.89473684210526,28
537,0.8343472970624023,8
538,12.770989357508869,9
539,1.5296508405690006,46
540,54.614412136536025,12
541,1.2750971502590673,35
542,0.3262741306909157,6
543,0.3194370500682855,23
544,0.15009067978570387,2
545,0.3771871616666085,9
546,0.05009497171721389,2
547,0.1625428932635001,7
548,0.6705549540739706,16
549,0.5932135357470308,39
550,0.7409313094931824,8
551,0.33161385408990424,11
552,20.709491850431448,6
553,0.8815504092912615,7
554,0.48688125507167973,1
555,1.1544011544011545,2
556,1.1432200698634487,1
557,0.7416563658838071,2
558,1.5269334087374522,6
559,0.6968641114982578,1
560,0.6153846153846154,1
561,0.7065750736015701,1
562,1.9618528610354224,1
563,3.0150753768844223,1
564,3.538083538083538,2
565,0.6293706293706294,1
566,0.8904279000742024,1
567,1.2641559125625494,4
568,51.42857142857143,1
569,2.079722703639515,2
570,0.7291877658497062,2
571,0.379067073812783,1
572,16.363636363636363,1
573,7.56832515767344,3
574,0.2423181772288224,2
575,0.1243953006219765,2
576,8.18319582421283,27
577,1.8073297261114518,18
578,0.41159320871205624,4
579,11.428571428571429,5
580,0.3816119571746582,3
581,0.5512172714745062,2
582,0.15467904098994587,1
583,0.1974766867800329,1
584,1.3497589716122123,14
585,3.6478270659761316,27
586,0.8875739644970414,1
587,26.62440570522979,14
588,26.41509433962264,14
589,33.351498637602184,17
590,8.184143222506394,8
591,1.61204966415632,11
592,3.724380245949639,53
593,0.9796806966618288,3
594,0.9962180610644775,15
595,1.3763111992544983,16
596,2.8458498023715415,2
597,0.7951408061844285,6
598,0.19566812511889556,2
599,0.3209744454960701,13
600,34.20707732634338,29
601,0.3843507556525659,27
602,1.4144919943682264,12
603,0.19495288638579011,1
604,0.8403688285414154,42
605,1.0743863314183393,4
606,2.048169922245401,3
607,29.037580201649863,44
608,4.910485933503836,88
609,58.27338129496403,36
610,5.3007993268826255,56
611,2.1964612568639414,1
612,0.3285271034860376,8
613,23.393820500245216,53
614,0.4526593738211996,2
615,2.3529411764705883,29
616,0.42990207786004303,9
617,31.4410480349345,4
618,0.6035458317615994,4
619,0.1878522229179712,2
620,0.04084179476998128,1
621,38.64042933810376,6
622,0.0501952035694367,1
623,9.6,1
624,6.692832059491841,9
625,37.89473684210526,1
626,3.753910323253389,1
627,1.4778325123152711,3
628,0.7227948065854637,3
629,1.2194245711998193,33
630,48.73530459565372,38
631,0.7030906694009081,4
632,0.7166793855137861,6
633,0.31640007031112677,2
634,1.578601183950888,2
635,1.9131127939418096,4
636,0.17036984453751688,2
637,0.20603216391003262,1
638,1.6793002915451893,8
639,3.3333333333333335,13
640,3.375527426160337,2
641,7.834602829162133,2
642,15.115058538554702,52
643,0.41080649302484806,4
644,6.935244017845072,57
645,1.3296705833467992,16
646,2.3560209424083767,2
647,1.1305037683458943,19
648,0.1974959464566545,9
649,1.9955654101995566,5
650,0.1346549466990836,1
651,2.315410342166195,5
652,4.556962025316456,2
653,0.6016210344539453,6
654,0.4244657332350774,4
655,25.093833780160857,13
656,0.46772626876937257,21
657,4.477539614595616,77
658,54.63108320251177,29
659,0.8638894221539644,5
660,0.5139186295503212,8
661,0.09967053351421688,1
662,2.6011560693641615,28
663,1.6652730086999838,26
664,2.0202020202020203,1
665,0.9792987133103017,10
666,0.5784526391901663,2
667,41.37931034482759,21
668,0.9227456810375763,5
669,1.7742730409068508,2
670,1.8210943428041482,6
671,4.4036006649311545,39
672,2.407221664994985,4
673,1.0691522171201426,13
674,1.613897450266181,24
675,0.4411088987593812,8
676,2.417498081350729,35
677,5.723370429252782,1
678,11.97339246119734,3
679,2.330097087378641,2
680,0.17156745937187245,7
681,3.944665114367895,32
682,0.3941497951698402,12
683,42.07011686143573,7
684,2.3291478960989167,54
685,1.2280402524304963,6
686,63.44827586206897,23
687,62.06896551724138,3
688,0.27891841636321374,1
689,13.4411947728687,6
690,6.22478386167147,3
691,1.4496467401251967,11
692,0.9608968370479114,2
693,8.06860261157669,23
694,0.6254777955382584,10
695,0.09344096348015678,5
696,1.837568058076225,9
697,1.4515478697190987,18
698,1.1733263802881169,10
699,0.6109979633401221,3
700,0.4995836802664447,2
701,1.530612244897959,1
702,1.0586332521932333,18
703,17.821782178217823,1
704,4.88632507634883,4
705,4.345202172601086,4
706,12.286689419795222,4
707,18.181818181818183,2
708,2.957553628480146,9
709,7.78995960761685,15
710,0.7019185774450164,10
711,0.819672131147541,1
712,0.5705100631636141,7
713,2.105614973262032,7
714,9.6,7
715,0.4916297754663086,12
716,0.3046415525436159,6
717,0.5203252032520326,8
718,0.7939508506616257,7
719,0.3888777048359299,22
720,5.568357587045046,49
721,30.530973451327434,23
722,1.2002222633821078,9
723,1.856052794390596,20
724,0.3837339444651708,4
725,0.03994851080829153,1
726,2.2242192765670636,77
727,5.594958885529402,55
728,2.480712326546054,102
729,64.86486486486487,6
730,1.235458597707694,88
731,3.0741079597438246,14
732,11.180124223602485,1
733,0.3579240405647246,2
734,0.3676846083137575,1
735,0.30889356042730276,2
736,2.6191342306293195,2
737,0.5949823158033914,5
738,0.4951175904277266,3
739,1.0348544735896514,4
740,0.34831743328753606,5
741,0.04546143355053796,1
742,1.6271711758248852,7
743,0.46849522701349605,17
744,0.18815658809386923,1
745,0.7054974268089023,46
746,2.150623282488351,15
747,4.083947816222349,2
748,0.7109531215285493,8
749,3.9411098527746318,29
750,9.056603773584905,6
751,14.007782101167315,1
752,18.274111675126903,8
753,4.86236171854901,21
754,14.84973482616382,35
755,1.7103112766523507,25
756,1.8619651033664453,68
757,2.7142498115104297,9
758,1.0337153932664929,24
759,1.655379984951091,11
760,1.5904365904365905,34
761,0.06446125609919871,2
762,0.887261460460531,7
763,0.6538915629824721,8
764,0.5802259012842333,25
765,18.339276617422314,10
766,0.37106844151254564,7
767,0.6631666206134291,2
768,1.5301982302252792,11
769,0.509313841075218,18
770,5.07446221731936,23
771,0.9056603773584906,5
772,8.059701492537313,3
773,3.7878379107537903,39
774,2.5055098016471407,6
775,3.8904899135446684,15
776,29.508196721311474,3
777,2.2736842105263158,6
778,5.818181818181818,4
779,0.36830528415775743,4
780,0.8903432006696598,39
781,2.670156120916826,123
782,3.471286886249541,63
783,4.2880906906536875,58
784,1.0710248120748131,45
785,2.3400936037441498,5
786,0.18385169296767273,1
787,2.5559105431309903,2
788,0.9504412763068567,7
789,0.31862354628007006,10
790,0.10139131414408832,1
791,1.4703572214018663,26
792,1.9915910599690199,5
793,0.7763640284666811,6
794,1.2282497441146367,3
795,0.3468876469454616,1
796,1.8763437357482573,24
797,0.7837548984681154,11
798,0.15091597613291785,6
799,1.030905125889376,13
800,0.9423837072327949,10
801,0.4790674154312938,5
802,0.5371645386140302,7
803,1.4430303637639044,8
804,0.3079160073557713,2
805,1.1631663974151858,1
806,0.17147756501857672,1
807,0.6518590053114437,6
808,1.1645962732919255,5
809,0.2694711628429208,6
810,0.26851644663235624,1
811,0.36648681665478977,5
812,1.4607085367638255,61
813,1.4569632145696323,28
814,2.1646492902146353,23
815,1.9681951080367968,23
816,2.4036054081121683,12
817,1.2763694380429003,2
818,0.37597911227154046,5
819,2.154398563734291,2
820,1.2716354645001766,2
821,0.9070294784580498,2
822,1.0847294202723876,15
823,2.0263139379441357,40
824,2.8743789921930447,9
825,0.49581654787728535,4
826,0.15208482953825356,2
827,0.39807596616354285,4
828,35.584843492586494,6
829,0.28567460868530165,12
830,2.633118782913985,5
831,0.5393951069158158,7
832,0.36180904522613067,2
833,1.567602873938602,4
834,0.05476812292400923,3
835,13.688212927756654,4
836,0.4934886908841672,1
837,3.706972639011474,21
838,1.9831068674256336,9
839,8.237986270022883,2
840,1.530612244897959,10
841,0.5403602401601068,9
842,9.486166007905139,14
843,77.34375,22
844,0.42156212186268,3
845,3.8464963048704477,36
846,1.2616286478909136,11
847,1.336430915143822,31
848,1.1906730610219944,2
849,3.635955560543149,9
850,1.282508015675098,2
851,0.3709428129829984,6
852,5.247581606961439,33
853,0.3449597546952855,1
854,0.9735869467231588,21
855,0.9690816797415782,14
856,1.434834595456357,9
857,1.3441709509722264,26
858,0.5425863281642496,9
859,6.564019448946516,27
860,6.194791786164965,30
861,1.666152422091947,9
862,2.451648052301825,5
863,2.616849603838046,20
864,0.4944488955018885,6
865,1.9238023387400982,85
866,2.033754678341925,8
867,2.0271221434939704,36
868,47.950819672131146,13
869,5.687203791469194,1
870,0.596745027124774,11
871,2.1576661977860683,98
872,0.8077861610523659,8
873,0.36180385062669596,7
874,1.5949454867665755,23
875,0.5447307772889168,13
876,1.386548553271388,40
877,0.075754387441606,1
878,40.19138755980861,7
879,0.9809709796085199,6
880,0.29339587615796286,18
881,0.864191451644672,39
882,1.881467544684854,5
883,0.5957182748991623,8
884,0.7501562825588663,1
885,1.41420995303823,22
886,0.8222932846048424,4
887,3.6212099439574654,7
888,0.3339130434782609,4
889,12.152175896359822,37
890,0.6573455759599333,7
891,0.5594405594405594,2
892,0.5689900426742531,2
893,0.28790786948176583,3
894,1.7359436782717717,5
895,0.49656313938251456,6
896,0.9027081243731194,4
897,0.781702374059062,6
898,1.3176677281212255,10
899,86.7237687366167,45
900,75.74960547080485,40
901,1.2194261358022949,24
902,0.2710670659306926,13
903,0.5465084184377588,11
904,0.2795682224120525,1
905,0.05472372121304248,1
906,0.04138834917970591,1
907,0.15932023366967604,2
908,0.33641715727502103,1
909,0.49303402681806296,11
910,0.26945989142351434,17
911,0.34765813616610336,9
912,0.4042168298920841,9
913,0.5328596802841918,1
914,0.629527854109418,7
915,0.4804861389170219,17
916,0.10520163646990063,2
917,1.5379772451319873,19
918,0.37364505017611915,16
919,0.7438016528925621,3
920,214.61538461538464,31
921,1.763179558788283,47
922,0.2895985841846995,4
923,1.5336189146332804,18
924,0.4684221654766358,8
925,1.975633849193283,5
926,0.7127301524450604,1
927,0.30135610246107486,1
928,0.19001873795888208,4
929,0.08485362749257531,3
930,1.3658092419758707,5
931,0.15212210334161555,10
932,1.7144898202166925,12
933,1.1124387128672077,15
934,61.407249466950965,24
935,0.19444069365945874,14
936,1.4689042448173741,31
937,1.453436210299659,27
938,0.6307674337110151,27
939,0.38154262325694066,21
940,0.08078088185796028,1
941,0.6821241585639491,19
942,0.40864511442063206,5
943,22.044276966556758,39
944,0.4075164138555581,1
945,4.391819160387514,17
946,0.31214774993496924,1
947,0.81291633736028,6
948,2.7038304264374533,9
949,5.098031393980493,71
950,1.0112359550561798,5
951,1.9938176197836168,43
952,5.556984821198868,6
953,0.9781226565811353,25
954,0.0896749283846058,2
955,3.2463928967813542,13
956,0.7648671043406208,10
957,0.4148421295229316,2
958,3.103448275862069,9
959,2.6352427839416688,51
960,3.1540740122658435,63
961,1.2866333095067906,11
962,0.4079204555111753,4
963,70.26022304832715,21
964,0.12660676291125217,2
965,1.578860808069733,8
966,4.960044089280794,5
967,2.5300841927109476,49
968,2.449795850345805,49
969,1.1341757972485735,9
970,10.135557872784151,27
971,0.7469654528478057,4
972,32.82674772036474,3
973,0.30069535801541064,12
974,9.960036889025515,99
975,2.379815637739175,18
976,2.2255553753851145,61
977,16.110986797941376,20
978,2.1895861148197597,41
979,0.38899294049848726,3
980,0.30372057706909644,1
981,0.26479674398077774,6
982,0.7480260423881424,6
983,4.9815498154981555,3
984,3.036693378321383,2
985,0.6226309038237032,24
986,0.7928816844330896,25
987,0.39144617615077926,9
988,0.3862395715315686,25
989,9.027081243731194,5
990,0.18433704093533979,9
991,1.3623978201634876,25
992,0.3475700269125403,8
993,1.4133820765646319,61
994,6.9049694856146475,22
995,21.0,7
996,22.570532915360502,2
997,2.8048305414881183,2
998,4.128187878417222,75
999,1200.0,1
1000,7.361963190184049,2
1001,2.354480052321779,1
1002,411.42857142857144,4
1003,3.7924677376876486,4
1004,0.1978674288226888,1
1005,0.4435682602267127,1
1006,5.2631578947368425,1
1007,42.35294117647059,1
1008,1.1620400258231118,1
1009,0.9463722397476341,1
1010,3.7578288100208765,1
1011,1800.0,1
1012,0.2864417568427753,1
1013,0.9129911025635606,12
1014,6.722850028730129,39
1015,1.5398995579917936,27
1016,0.27336927633077684,5
1017,1.2847841813359056,37
1018,0.4178515466310719,8
1019,1.5123508654007731,5
1020,0.13106827929194,5
1021,1.5581962697725662,44
1022,0.2942509604024402,11
1023,0.376972122678829,9
1024,0.7498197548666187,13
1025,25.930372148859544,6
1026,0.5895518314318468,3
1027,0.8877753336555628,25
1028,0.5468631323104967,4
1029,2.364143818748974,4
1030,0.31413003432161485,9
1031,0.4624917235722545,13
1032,0.2691094922257258,11
1033,0.3825852846363669,9
1034,0.08441984804427352,1
1035,1.688687358298804,6
1036,1.4483591010977643,7
1037,0.8736803785948307,2
1038,1.0759115361625822,9
1039,0.35383617385150673,5
1040,0.2961890344237478,5
1041,0.14795331251027455,1
1042,0.06652253450856477,1
1043,4.830593760483059,4
1044,1.0236790404301521,22
1045,1.2804003090621436,58
1046,7.037140463557666,7
1047,0.5275940038522737,7
1048,1.0608292990949273,7
1049,0.6303624584135878,1
1050,2.3097369466255233,21
1051,0.6852411430202955,8
1052,0.36502755256045766,26
1053,1.3911976690691612,63
1054,1.4570361145703612,13
1055,1.578836572872079,25
1056,0.446417499565983,5
1057,0.2049238650917888,2
1058,0.3554853362298805,4
1059,0.20061671062897055,3
1060,1.0252114917497277,17
1061,0.3528912027708494,9
1062,7.234650166587339,38
1063,5.890052356020942,55
1064,2.479948826452788,14
1065,1.7743650937767517,19
1066,3.7825123202798245,155
1067,4.568721181099031,90
1068,31.578947368421055,10
1069,3.0971374941342096,33
1070,0.4570944873558354,6
1071,0.12642817006930138,3
1072,2.073892003994162,45
1073,1.167366791952244,22
1074,0.282574568288854,1
1075,0.4577008162331223,5
1076,0.3252424260675782,6
1077,2.4128686327077746,5
1078,0.23825379820399653,16
1079,50.0,4
1080,1.0507540132965785,9
1081,0.33265570134910366,4
1082,0.24749922656491702,2
1083,0.17733116595241613,2
1084,1.462919065357264,24
1085,0.5640963142225395,18
1086,166.29798308392972,71
1087,1.8890696332056462,10
1088,1.2962073931829092,15
1089,1.5828350334154062,5
1090,1.9693654266958425,11
1091,2.9786890539231514,41
1092,1.208155046564309,4
1093,0.8853795870817422,19
1094,1.221403644823575,7
1095,0.9164580593152022,12
1096,3.0169309536592075,64
1097,2.3627559652295664,90
1098,56.360078277886494,8
1099,2.447806040511838,105
1100,21.218074656188605,3
1101,1.2770360151746565,36
1102,0.43824943697120944,2
1103,2.9902171906724915,27
1104,3.216259981015132,48
1105,4.882017900732303,15
1106,1.3284132841328413,1
1107,1.0222045544891818,10
1108,0.7516285284783698,5
1109,3.7848256527072017,6
1110,0.9173844350440854,5
1111,1.1577158083337162,7
1112,38.62660944206009,5
1113,2.333518533216922,49
1114,0.14453574583121437,3
1115,0.3770757293756496,13
1116,0.11425669671194617,1
1117,1.3719294345554727,24
1118,0.02732281910775816,1
1119,0.08502798837950824,1
1120,0.19038320722479865,13
1121,1.6394569513662143,106
1122,0.19588474610323292,13
1123,0.5737966209754543,2
1124,0.2604166666666667,1
1125,16.35012386457473,11
1126,0.3666547843356928,4
1127,0.10679006852362731,1
1128,2.0673813169984685,15
1129,0.08657592227406088,1
1130,5.217391304347826,107
1131,0.8512650744856941,3
1132,1.137863430760754,74
1133,2.504577077993409,19
1134,1.1199174202306295,44
1135,18.95734597156398,10
1136,6.89875439156819,6
1137,2.18978102189781,1
1138,1.005291744041552,20
1139,2.598339949476723,2
1140,0.512759643916914,6
1141,0.9716599190283401,1
1142,1.6675351745700884,8
1143,26.785714285714285,5
1144,4.321728691476591,1
1145,0.24055090874787746,17
1146,3.0473335831147748,61
1147,0.6547967906873345,9
1148,55.238095238095234,29
1149,1028.5714285714287,2
1150,1.909814323607427,1
1151,0.0641037055503125,1
1152,0.16789635198537436,5
1153,17.5609756097561,5
1154,1.9988895058300942,2
1155,0.7867132867132868,1
1156,0.18724319076266926,3
1157,0.8,1
1158,0.24725274725274726,1
1159,4.992250591402235,119
1160,3.659083435472781,68
1161,6.47693817468106,11
1162,0.31339565531835106,13
1163,0.8564939980534227,11
1164,7.409274193548387,49
1165,0.2579535683576956,1
1166,1.5985629080927246,44
1167,1.5987683562292754,15
1168,0.6527257343164511,3
1169,1.8821889159986058,3
1170,14.371257485029941,2
1171,1.0110150716135675,9
1172,0.6820027063599459,7
1173,1.2782233985894353,44
1174,1.3820461961737796,6
1175,0.18889457321632364,8
1176,1.2424377766048154,34
1177,4.097602617912784,144
1178,0.8060904612628751,10
1179,0.31568216943801997,8
1180,0.08038046754638624,3
1181,2.165558266216623,36
1182,115.38461538461539,5
1183,3.830369357045144,7
1184,3.1537450722733245,4
1185,0.23078402461696265,1
1186,3.2727272727272725,1
1187,0.3150639973744667,4
1188,0.23673481316946998,9
1189,0.7261724659606656,2
1190,0.39301310043668125,1
1191,14.710389212381244,40
1192,0.3710575139146568,1
1193,13.636363636363637,5
1194,2.9182515433061047,65
1195,18.404907975460123,5
1196,1.0230905861456483,4
1197,0.9641504380762903,21
1198,0.9241174566680432,23
1199,0.6049403461603092,3
1200,0.14422788005047976,2
1201,1.0066730219256435,22
1202,0.14565463667260073,2
1203,0.22451088699618688,7
1204,31.858407079646017,6
1205,2.243922709328901,42
1206,0.49854590776900704,1
1207,0.9636404193620344,6
1208,0.36902088322725535,11
1209,0.39028620988725066,2
1210,0.20687277324445466,1
1211,0.7598588163557265,18
1212,0.24357918114410573,17
1213,1.241068070703272,11
1214,0.8999035817590972,7
1215,0.35876028390782966,9
1216,0.20090406830738322,2
1217,3.1287590137607455,138
1218,1.9534883720930232,7
1219,1.1647344297654354,6
1220,0.14176577144207292,2
1221,94.24083769633508,5
1222,1.1338861684588697,64
1223,1.7381041789603564,54
1224,1.0066175785254916,12
1225,2.360846973139579,170
1226,0.5404593904819096,2
1227,0.7861978597947149,4
1228,0.30273300630693767,6
1229,0.19049231680988868,5
1230,0.26765799256505574,1
1231,0.2133586202809222,2
1232,0.3251562556450739,5
1233,1.4962593516209477,4
1234,0.2974109991230188,13
1235,2.7879601424957405,30
1236,1.1662797065788357,42
1237,16.83366733466934,7
1238,1.3268984899618748,32
1239,0.19916645151772214,3
1240,0.4535575923651139,8
1241,7.713498622589532,14
1242,3.005175580165841,15
1243,1.9642857142857144,11
1244,0.4779289744440757,2
1245,1.2151898734177216,8
1246,0.35524855063525346,4
1247,1.0553347169944067,25
1248,36.286472148541115,19
1249,0.8991851134908988,8
1250,0.27681052758768415,7
1251,1.8681888946549041,6
1252,4.947938359017076,66
1253,3.1690140845070425,1
1254,0.819672131147541,3
1255,2.565092183000327,48
1256,4.301816798249786,201
1257,2.6571282575370465,26
1258,1.8009304807483866,60
1259,7.00966075039317,26
1260,6.92707331152588,20
1261,1.5468070250819055,8
1262,0.4113893914865251,12
1263,0.9516256938937352,2
1264,0.7686559197181595,4
1265,2.202845341899954,32
1266,4.390243902439025,1
1267,1.6885553470919326,1
1268,0.29369681451916557,13
1269,1.5388122649036817,15
1270,0.15433752759855093,2
1271,0.3003353745015267,5
1272,29.018492176386914,34
1273,1.1871941326227757,25
1274,0.3153192607515109,1
1275,1.0354836179170044,11
1276,0.6577144423129624,8
1277,3.352522858110396,66
1278,0.588049526837927,15
1279,2.724389293862334,68
1280,3.836135448733128,9
1281,1.0770381451009723,2
1282,0.2957546879171887,4
1283,2.2613065326633164,4
1284,0.22282743253280515,2
1285,5.645773258461071,31
1286,2.7777777777777777,2
1287,2.058319039451115,1
1288,1.3705217600384707,19
1289,0.3471887356543543,1
1290,0.7509386733416771,1
1291,0.3170549121493681,2
1292,2.136498516320475,16
1293,0.630155569656259,8
1294,1.05993690851735,14
1295,6.162273194111605,5
1296,0.9351297059536591,15
1297,5.539733578318787,67
1298,7.602956705385428,2
1299,17.243920412675017,13
1300,2.0472862997849433,87
1301,4.060687902136786,71
1302,0.163106268264504,2
1303,17.880794701986755,3
1304,0.258583536848154,5
1305,0.322978580239991,12
1306,46.48493543758967,9
1307,1.537311839436319,12
1308,4.546540601426767,37
1309,0.9903713892709767,22
1310,0.15055517219747822,2
1311,3.0901287553648067,21
1312,0.45431600201918226,2
1313,0.2114247680200462,3
1314,1.2373861838179978,53
1315,175.03285151116953,37
1316,0.5356823998571513,10
1317,1.2810601877415793,29
1318,0.7167834343384064,16
1319,514.2857142857143,1
1320,5.943045810978127,8
1321,0.20887728459530025,5
1322,0.3060703961911239,5
1323,0.7213344687672194,4
1324,1.9639934533551555,31
1325,1.6212159119339504,9
1326,0.1585111691666422,9
1327,12.418983901317164,33
1328,0.7257619185358543,46
1329,2.086186913918449,44
1330,0.08931284926596003,4
1331,4.481132075471698,19
1332,2.068470193919081,24
1333,29.87551867219917,4
1334,15.278514588859416,8
1335,0.23360106129864888,9
1336,0.5869337370443694,14
1337,0.12833995828951356,6
1338,2.299908003679853,25
1339,0.4151770268711798,1
1340,1.1381839642525926,15
1341,0.17039806882188668,1
1342,0.8296630134180069,9
1343,0.33386659247409056,4
1344,0.08382620034461882,1
1345,0.27129884321187686,12
1346,77.52355316285329,32
1347,0.7113559474267238,33
1348,0.33077264174686305,23
1349,8.3373963920039,38
1350,0.4108182129407737,1
1351,1.1870834020302894,14
1352,1.660353659254607,47
1353,0.10432590252772969,4
1354,2.760312835454685,5
1355,3.3640596787988213,59
1356,1.6214025131738954,10
1357,44.69525959367946,11
1358,0.5205127463657057,35
1359,1.5769892831362096,71
1360,0.5357552258256544,37
1361,1.8699403291399035,41
1362,0.6147774278016014,9
1363,47.671935070482704,31
1364,1.5685363232346705,15
1365,0.05981855039712871,2
1366,0.3919945991855223,15
1367,0.3701418877236274,3
1368,1.03752092882826,21
1369,0.37885993920431316,26
1370,3.732809430255403,19
1371,7.436309387193023,27
1372,1.6353415478962012,8
1373,1.845917190103833,4
1374,1.3400108283703303,11
1375,17.839444995044598,5
1376,0.19254425843718245,11
1377,0.4568344843246998,19
1378,32.142857142857146,4
1379,1.854522975479085,5
1380,2.9315960912052113,6
1381,3.829787234042553,2
1382,0.42969682501790407,3
1383,0.41274936941068563,1
1384,1.2647110486562445,2
1385,0.32094142818935545,1
1386,0.48787098522835076,1
1387,9.75609756097561,1
1388,0.712260106839016,6
1389,1.381839894229539,9
1390,0.10383766711374551,2
1391,1.3071895424836601,5
1392,6.624605678233439,7
1393,0.2785443478709411,3
1394,5.5377328893971445,152
1395,2.555080714576947,94
1396,33.87096774193549,7
1397,2.4457614846201294,76
1398,4.663212435233161,2
1399,0.42994436014162873,17
1400,1.0776673715924563,31
1401,0.26068066618392466,2
1402,1.1523687580025608,14
1403,0.17778655736085733,1
1404,1.0756245131411863,28
1405,0.7784120394395434,5
1406,0.07391134744492578,1
1407,0.9829500637097264,18
1408,92.56661991584853,55
1409,0.43658413340070745,6
1410,180.0,1
1411,1.2574222843171499,1
1412,0.7994670219853431,1
1413,0.04601579875757344,1
1414,1.428494129105568,22
1415,0.5694312631652045,41
1416,0.2821980089362703,3
1417,1.5570934256055362,10
1418,8.2329623418204,15
1419,3.7067545304777596,5
1420,4.514106583072101,22
1421,46.51162790697674,5
1422,0.8671303405293107,8
1423,0.6436809011532616,12
1424,2.2904988833817943,100
1425,1.1874134177716207,5
1426,0.10911736178467506,1
1427,0.0742145625463841,1
1428,0.04156755882964229,1
1429,1.051094890510949,5
1430,0.20716890739981442,8
1431,2.6666666666666665,17
1432,1.5663699042773946,26
1433,0.25318236162880653,2
1434,1.1246485473289598,1
1435,0.4536494477898091,14
1436,1.3189228796482872,56
1437,3.6715961244263133,2
1438,1.9533369506239826,1
1439,0.7733619763694951,1
1440,1.04834012813046,1
1441,36.0,1
1442,1.955458989679522,1
1443,70.58823529411765,1
1444,1.8255578093306286,2
1445,4.542586750788644,2
1446,14.486921529175051,2
1447,1.160915833602064,1
1448,1.0714285714285714,1
1449,6.521739130434783,1
1450,4.449938195302844,1
1451,2.1015761821366024,3
1452,1.668904661423365,29
1453,0.718562874251497,1
1454,0.28540283420870083,8
1455,1.4420975965040057,11
1456,2.101723413198823,25
1457,0.6179638662794856,24
1458,0.6954505940307157,2
1459,0.9238823589796233,5
1460,0.5634243681039205,22
1461,0.23378141437755698,5
1462,1.537804357112345,13
1463,0.2062682633358162,2
1464,1.6405395552314983,5
1465,0.3765887337203829,6
1466,0.6601787035456149,29
1467,4.690117252931324,7
1468,0.4676660864143002,5
1469,0.5361131794489947,1
1470,257.14285714285717,1
1471,0.6674082313681869,1
1472,19.565217391304348,1
1473,0.15197247609599596,2
1474,0.25908600215905003,4
1475,1.607501674480911,2
1476,0.4092246046293533,16
1477,0.6213400727362387,14
1478,2.8905021578401526,24
1479,1.0677212061295107,12
1480,0.7489684346790878,18
1481,0.2916869227029655,2
1482,0.278208241309043,19
1483,0.4307851857761114,18
1484,35.56231003039513,13
1485,3.7170882808466703,2
1486,0.42150864970874924,24
1487,0.8847237695786093,15
1488,3.563941299790357,17
1489,1.3817705628683028,17
1490,4.7368421052631575,1
1491,1.1439466158245948,1
1492,0.848906443435713,4
1493,0.08791852882995091,1
1494,0.36312285656647164,1
1495,16.0,1
1496,3.0954428202923476,1
1497,0.5402160864345739,1
1498,7.178464606181456,4
1499,5.752111390093586,84
1500,1.8593120545398203,5
1501,0.13691394282575167,9
1502,1.2566276879374576,58
1503,0.14600612414576278,2
1504,0.09140381018475417,3
1505,0.703789384510117,6
1506,0.36897059765549933,8
1507,0.7754386972629886,15
1508,0.2636268215881075,3
1509,0.2617610703119319,7
1510,0.5836575875486382,1
1511,39.130434782608695,1
1512,3.3316780280799962,41
1513,3.174043378592841,5
1514,0.6748749673609576,28
1515,2.3637557452396583,48
1516,1.2757373652934014,39
1517,0.13990470934796634,5
1518,3.2593933906745134,4
1519,2.3904382470119523,7
1520,0.24245145358626108,3
1521,1.1475339220331682,37
1522,1.4471243042671615,13
1523,1.4891947792596818,29
1524,0.05878126836914637,2
1525,3.230769230769231,21
1526,0.5863311549502229,8
1527,0.20402380277699067,1
1528,1.6622033428756118,10
1529,0.29498256507370013,18
1530,13.245880659094544,23
1531,4.398661603819693,65
1532,7.810194907752919,125
1533,0.25244261605348045,3
1534,2.779207411219763,6
1535,9.148665819567979,14
1536,2.806171223508302,53
1537,0.7918513755879666,13
1538,1.4308426073131955,1
1539,2.8968846993907347,14
1540,1.5794561022259088,64
1541,11.97149643705463,7
1542,2.6174640635056856,61
1543,1.5711168418964492,33
1544,0.6631317184847967,14
1545,1.2284509233856107,25
1546,6.1757137605685575,14
1547,1.544811228749093,55
1548,0.7527050337149129,4
1549,1.2133168927250308,41
1550,0.584700341075199,6
1551,0.4873426289427372,9
1552,61.835748792270536,32
1553,36.03275705186533,22
1554,0.7768324895003736,54
1555,22.277227722772277,5
1556,0.523426992839228,4
1557,0.26801889367756665,9
1558,0.3499789364528986,15
1559,0.17341875812900429,1
1560,0.18659617477841703,1
1561,0.1545362838316413,2
1562,1.0149842859867488,34
1563,0.16401658389903867,2
1564,0.6178348321548706,10
1565,0.3071344779780314,4
1566,3.8191221323431903,64
1567,0.5138924292633189,14
1568,0.6931519157948784,12
1569,0.9409673667289621,40
1570,1.3848817080207734,4
1571,1.0175445680482929,14
1572,0.9227456810375763,5
1573,0.6913935902052575,8
1574,38.59111791730475,7
1575,4.723354363240467,47
1576,4.103863204559848,27
1577,76.95516162669448,41
1578,8.210326259106747,36
1579,0.2087844107639963,3
1580,0.427792961787224,7
1581,70.39106145251397,7
1582,1.3624107100619707,8
1583,3.2454043036883156,23
1584,2.1087450899317757,17
1585,0.5789456755974398,10
1586,0.40867638464352235,27
1587,0.6688172406222027,11
1588,0.1158388124376562,3
1589,1.2209707074132914,19
1590,1.9802559586159276,94
1591,1.7573834513058335,16
1592,3.363961999688522,30
1593,1.9912041658797182,41
1594,4.74594146672191,35
1595,0.5999250093738282,8
1596,0.09864229836555193,2
1597,0.9614284079203388,7
1598,7.174887892376682,16
1599,2.04556020455602,22
1600,1.1447744991611566,29
1601,132.35294117647058,5
1602,0.14726636804319815,2
1603,2.47465200206221,4
1604,0.6502519250879361,38
1605,0.430485919523049,14
1606,1.4186633039092056,5
1607,4.176334106728538,6
1608,0.5686305480966672,1
1609,2.6445397933118517,44
1610,1.097865261990574,11
1611,0.5435032327939874,23
1612,4.1928721174004195,15
1613,0.6679448327045581,12
1614,3.482298316889147,35
1615,0.10224368077250781,1
1616,1.889853965829913,22
1617,119.60132890365449,40
1618,6.315789473684211,1
1619,0.5313457068004871,4
1620,0.8125126955108674,10
1621,2.3004314830480106,105
1622,3.6087565416083143,68
1623,2.093477103826214,59
1624,61.146496815286625,8
1625,0.3887595690048235,9
1626,0.0641562561260314,1
1627,2.0809248554913293,8
1628,0.955033824114604,2
1629,2.3042457862171966,6
1630,0.3607756676855239,4
1631,0.9198783467118712,41
1632,1.1138280353311043,31
1633,0.11160887290539598,4
1634,2.9368575624082234,5
1635,0.49310002397014,4
1636,0.3652597402597403,2
1637,1.3246251494802685,4
1638,0.6915097963887822,4
1639,1.0623050333024198,7
1640,0.4635211218147554,11
1641,0.1527630436879159,11
1642,0.6059156501634377,19
1643,0.24723576677425999,3
1644,2.693560706436176,48
1645,0.6027283503325052,25
1646,1.0682968084632847,20
1647,1.9934781271149944,18
1648,1.483618380383268,32
1649,1.2018209408194234,33
1650,10.44689495066744,5
1651,0.19644221324893593,1
1652,1.4339604957941845,17
1653,4.768211920529802,6
1654,1.374745417515275,6
1655,0.8069939475453933,1
1656,1.468189233278956,9
1657,0.08898703096419096,3
1658,0.3984504703929164,1
1659,2.0669856459330145,15
1660,7.097791798107256,5
1661,10.992366412213741,4
1662,4.3551899346721505,5
1663,2.980132450331126,6
1664,10.344827586206897,2
1665,0.6103763987792472,1
1666,0.26627218934911245,1
1667,17.361874947119045,57
1668,0.89809155544468,20
1669,0.4779131127410308,8
1670,2.541206367133731,40
1671,44.171779141104295,6
1672,0.36782414502780575,7
1673,0.21409201198915268,5
1674,2.648032364840015,26
1675,3.165214611142195,11
1676,3.6697247706422016,1
1677,3.9227820004035783,81
1678,9.521732017232916,97
1679,2.4755198591704257,25
1680,0.5324481109595569,9
1681,0.2858125810463916,9
1682,0.6168512547315296,11
1683,0.7419620774938169,7
1684,0.4370846244397874,23
1685,1.005586592178771,4
1686,0.6306937631394534,1
1687,3.536345776031434,1
1688,1.8718946192658783,81
1689,0.39505691136215376,18
1690,2.437826138913601,51
1691,1.8986090052079898,40
1692,0.6638534376286538,43
1693,30.327056491575817,17
1694,0.6878718010776658,15
1695,0.9031903012252958,31
1696,1.0124320702746965,34
1697,32.075471698113205,17
1698,23.163538873994636,12
1699,0.5935500890325133,5
1700,0.05076857989000141,3
1701,2.7443672708792137,9
1702,1.4044133860271046,23
1703,0.42621786289992075,13
1704,0.18768083830774443,2
1705,0.15431768009087596,2
1706,1.0820559062218216,6
1707,1.0701192324206494,18
1708,0.15219627682811687,3
1709,2.346805736636245,16
1710,1.139678447866495,14
1711,0.20972299088287552,10
1712,5.347785631499044,91
1713,0.27777134788546565,20
1714,0.06937307297019527,3
1715,42.06054168879447,22
1716,13.425679275439531,7
1717,1.5031707508024739,48
1718,5.061155630535639,10
1719,1.0291595197255574,1
1720,0.6992208029614058,34
1721,2.1795890566466114,48
1722,0.5608714280150084,12
1723,5.730410245278923,132
1724,4.508260875752445,88
1725,9.789635710620832,53
1726,3.248608813355392,6
1727,1.962506435688543,18
1728,4.4042913608131,13
1729,3.187798178401041,49
1730,2.6278970740312673,12
1731,0.5557270762581044,1
1732,0.24456521739130438,1
1733,0.40830214358625383,1
1734,0.04439402160509051,1
1735,0.7379425459017833,7
1736,44.72049689440994,4
1737,92.66409266409266,60
1738,0.256953671472652,13
1739,0.21034692635423005,12
1740,0.171289908169577,1
1741,0.6710471130993988,4
1742,1.6591430124553899,39
1743,1.056570548095972,8
1744,1.2127200862378726,15
1745,1.047026712604591,13
1746,0.3486861596663552,17
1747,0.7296445746503786,11
1748,0.05818746060224021,1
1749,2.918591488971151,53
1750,1.4699171370241384,34
1751,2.0027816411682893,4
1752,1.6367356217322118,6
1753,12.246881581078892,21
1754,3.253502033438771,12
1755,6.756568886417351,27
1756,2.4769932054700265,24
1757,3.638975341153938,38
1758,2.6400220001833348,8
1759,0.15249714067861228,1
1760,16.822429906542055,1
1761,0.29295444558371175,15
1762,0.7891737059012657,15
1763,0.052413953759245235,1
1764,0.11804923636900225,8
1765,1.9659086476576821,14
1766,0.7083302589832509,8
1767,0.2709772115692215,4
1768,0.8381839348079162,8
1769,4.32172869147659,5
1770,1.2644611770904222,48
1771,0.7644529383659818,24
1772,0.5542819995209909,9
1773,2.7976375505129,10
1774,0.2109797371544108,4
1775,1.161965011942418,10
1776,1.3449504316383578,28
1777,0.5136009130682899,6
1778,2.766798418972332,7
1779,1.325417644622394,56
1780,3.1696706028589188,17
1781,3.6379968560520997,9
1782,5.850804485616772,10
1783,1.3316545380823321,52
1784,73.4069668649108,24
1785,4.347476048627325,15
1786,10.140845070422534,20
1787,1.2105587625399317,6
1788,4.449938195302844,2
1789,1.1444221646207269,13
1790,0.20400068000226668,1
1791,0.1810956285527441,4
1792,0.30610943412269886,2
1793,3.4253949971204647,38
1794,0.21749199508629197,3
1795,21.431174826874013,49
1796,0.1439827220733512,1
1797,2.0013898540653234,28
1798,0.480128034142438,1
1799,1.0526520984814518,15
1800,0.5181347150259068,2
1801,15.915119363395226,5
1802,11.910151488768935,19
1803,1.7061611374407584,14
1804,3.826327257267365,40
1805,2.6831449711358646,55
1806,3.3794162826420893,11
1807,0.48083344463737143,2
1808,0.2073215211256791,3
1809,0.3207126948775056,1
1810,60.48879837067209,33
1811,0.22145578471216898,15
1812,12.746305418719212,23
1813,0.3015075376884422,2
1814,0.78816775323538,9
1815,0.08842384496352516,1
1816,0.9838753757857339,1
1817,4.074702886247878,2
1818,1.1834319526627217,3
1819,0.4633801003990218,1
1820,1.1755102040816325,10
1821,0.1558913956610228,1
1822,4.887983706720977,4
1823,0.9653790241768168,19
1824,1.3109978150036417,18
1825,3.466373443490148,162
1826,5.962658100782975,33
1827,0.19675356615838663,1
1828,2.020440716015833,19
1829,0.9679181953009132,31
1830,1.4698723283971167,26
1831,42.48927038626609,22
1832,0.34874709377421853,3
1833,0.2016016128129025,2
1834,8.07072939690559,71
1835,2.279924002533249,1
1836,0.570975416336241,1
1837,2.6239067055393583,1
1838,0.9030477862786905,6
1839,0.25673127208760554,9
1840,4.229018943803577,111
1841,6.4199732501114575,16
1842,18.21862348178138,5
1843,1.7868641339343205,37
1844,5.4394359103500385,6
1845,1.9155049483877833,25
1846,5.269645608628659,19
1847,1.4085306980178338,62
1848,0.8732413888696374,7
1849,0.7239576350717254,9
1850,10.421836228287841,56
1851,0.46806740170584565,10
1852,0.2557226829571487,4
1853,1.0607474340716005,6
1854,0.14666539918790825,3
1855,0.3388731422116702,9
1856,0.21632665324640207,4
1857,0.4032967912298952,7
1858,0.44337705523739146,2
1859,0.30070163715335785,2
1860,0.2637813545661041,3
1861,0.38033860700985184,4
1862,1.4174468457432847,9
1863,0.6543564959851166,17
1864,0.042147410568463196,2
1865,0.2411010280279945,2
1866,1.5600455013271222,8
1867,0.2643171806167401,3
1868,3.5528263610943585,18
1869,21.364985163204746,2
1870,0.6336131791541264,20
1871,2.600216684723727,2
1872,2.0826102047900035,5
1873,6.8013899666003175,56
1874,1.2368935489603696,29
1875,0.28741367610075447,2
1876,2.1811572250833082,4
1877,0.7033310540197324,4
1878,0.5632195543939408,17
1879,0.2220714329776078,4
1880,5.179686733592754,88
1881,2.507545855583933,3
1882,35.16483516483516,8
1883,62.717770034843205,5
1884,4.896626768226333,5
1885,1.4572538860103628,5
1886,1.013989296779645,42
1887,7.935341660543719,3
1888,0.81,9
1889,0.4725649776844316,10
1890,0.22460693785874722,2
1891,59.01639344262295,1
1892,1.1143268382523641,20
1893,113.6842105263158,6
1894,0.35870864886408926,16
1895,1.768421052631579,14
1896,1.3761149079115025,33
1897,1.9401778496362165,20
1898,0.29104348328232377,7
1899,0.5416384563303994,2
1900,0.6266318537859008,3
1901,2.6359832635983267,7
1902,3.4007958091203156,33
1903,1.9736532949045287,35
1904,1.9365250134480902,2
1905,0.16001185272983184,3
1906,0.415720389545402,3
1907,60.695468914646995,32
1908,28.692879914984058,15
1909,0.14162881884187842,9
1910,2.756039469207213,9
1911,1.0476863592899015,21
1912,0.21409455842997324,3
1913,0.93775611987522,41
1914,0.604985528895528,9
1915,33.088235294117645,5
1916,3.682429774175781,13
1917,0.599907421694183,27
1918,0.25293332396543244,5
1919,0.912705272255834,22
1920,0.9769335142469471,10
1921,0.2164111812443643,2
1922,3.4100135317997298,7
1923,1.2394661770010165,21
1924,0.7775713853730183,5
1925,0.5879670901753694,24
1926,3.3385453173019894,86
1927,1.5777196578779953,31
1928,4.210849264635385,61
1929,2.1390374331550803,26
1930,0.2719444024777157,1
1931,0.15497869043006587,1
1932,0.7631322338576334,35
1933,14.05152224824356,5
1934,1.9631901840490797,8
1935,1.5870003122570058,72
1936,1.4699877501020826,2
1937,2.3255813953488373,8
1938,0.7401592463833128,11
1939,1.7167805431538443,116
1940,1.1213107817440262,53
1941,0.6000555607000648,9
1942,0.3433039829619504,3
1943,0.11988011988011987,2
1944,0.8251581553131017,5
1945,0.16829769993143426,3
1946,1.7704380559181567,81
1947,0.4288777698355969,1
1948,0.8961911874533234,14
1949,0.18382165214816026,5
1950,0.729953125559094,17
1951,0.2705139765554554,3
1952,0.533614414177015,18
1953,0.893419620869366,39
1954,0.8996626265150569,16
1955,0.42156085609281546,13
1956,2.153203950032709,96
1957,0.6603081438004402,1
1958,0.3151812292067939,2
1959,2.2181146025878,5
1960,0.2880921895006402,4
1961,0.34856700232378,2
1962,0.7237635705669482,5
1963,0.6027906976744186,9
1964,49.34106483921982,26
1965,2.4411964150033905,83
1966,1.5241320914479255,12
1967,6.206456793330657,73
1968,7.549430796884362,7
1969,2.800211836356415,47
1970,1.2006051831004247,41
1971,1.0163749294184077,1
1972,0.382520919112764,4
1973,15.936254980079683,20
1974,53.73134328358209,1
1975,10.541727672035138,58
1976,16.02373887240356,3
1977,0.894854586129754,2
1978,3.7110213899149556,12
1979,2.9622663688726933,7
1980,3.011472275334608,7
1981,6.0,1
1982,1.6557433597792344,12
1983,1.1557512383048982,14
1984,0.9998457028236384,9
1985,0.2895752895752896,1
1986,0.45747688788639324,4
1987,4.051772650534609,4
1988,0.19684919771800743,9
1989,3.4582132564841497,1
1990,0.16253555465258027,1
1991,2.4390243902439024,18
1992,0.9282392794587049,29
1993,0.675802515487141,1
1994,1.3252346769740475,2
1995,2.323330106485963,12
1996,0.6730801917258729,11
1997,25.540971975877973,40
1998,1.1769925970902126,14
1999,2.354480052321779,4
2000,1.0223514082389495,17
2001,0.38575966920478044,17
2002,0.6977014612969494,10
2003,0.47309284447072736,4
2004,0.35254945485408373,18
2005,0.13932697331501442,2
2006,0.48844604621581517,16
2007,4.015616285554936,4
2008,0.24325146119801344,2
2009,0.0909734155463459,2
2010,1.3964313421256787,1
2011,1.2338062924120912,15
2012,1.3695155972609687,3
2013,1.084664055438385,5
2014,0.32736796158882586,5
2015,3.7123385939741746,23
2016,2.636613655386823,49
2017,2.014451499890519,23
2018,0.7988840984022318,7
2019,2.705749718151071,2
2020,3.878613754713593,18
2021,1.1876288659793814,4
2022,20.53231939163498,6
2023,0.6611327407625064,5
2024,40.04237288135593,21
2025,14.545454545454545,8
2026,38.68887694787749,20
2027,11.700975081256772,6
2028,47.368421052631575,2
2029,143.72623574144487,21
2030,29.398663697104677,11
2031,9.911287855613338,9
2032,0.44396111976860203,11
2033,1.9005384859043395,40
2034,0.4666910688140556,17
2035,1.2716534320513184,25
2036,1.4660517394093033,40
2037,0.4097894137734775,1
2038,0.5585508707963228,8
2039,6.455040510027892,27
2040,1.8016729820547652,7
2041,1.55971694025899,9
2042,1.97439196743097,26
2043,0.5671077504725898,4
2044,0.5095902045438461,6
2045,1.061541663775758,17
2046,5.556413026701652,10
2047,0.39765091404480934,6
2048,0.13528240201420466,1
2049,3.0916844349680166,29
2050,0.24709812235932951,9
2051,1.782792556161364,102
2052,1.273592415049617,40
2053,0.16931615087950333,2
2054,4.59214912579087,75
2055,12.100840336134453,4
2056,0.7899686520376176,14
2057,0.6589952216534216,29
2058,1.3754045307443366,17
2059,0.3962793769607573,6
2060,0.33488372093023255,3
2061,1.1604168905125174,9
2062,100.88967971530249,63
2063,0.9105715131773764,41
2064,1.3919821826280623,50
2065,0.6320414940257031,35
2066,14.257425742574258,8
2067,0.5672524273301619,21
2068,1.4535219066515932,35
2069,0.28546507017682976,4
2070,8.720226079935406,12
2071,0.49925266191041184,18
2072,1.0449720615108555,44
2073,33.90894819466248,18
2074,67.27175654030967,35
2075,3.839834640661437,161
2076,11.592766906118404,13
2077,25.614489003880983,11
2078,0.8374040474528961,1
2079,0.9906984424018934,25
2080,0.3176657450438261,6
2081,1.062208015736415,6
2082,2.266824085005903,24
2083,0.8884501480750248,7
2084,0.037012286022721434,1
2085,6.231068801384682,4
2086,1.2809108699519658,2
2087,1.2636012636012637,11
2088,2.4185421565334226,4
2089,2.0512820512820515,1
2090,1.8381414347715088,8
2091,0.5094910396801529,8
2092,0.046762963732723685,1
2093,0.3847321195747428,25
2094,1.9754441319706428,8
2095,4.593188732947296,13
2096,0.6097560975609756,1
2097,1.0613207547169812,2
2098,9.473684210526315,1
2099,18.81533101045296,6
2100,0.46818544214686775,23
2101,0.2429928620846763,4
2102,0.6366498072365862,5
2103,0.9596161535385846,8
2104,3.3839887200375998,6
2105,0.5817846011774211,7
2106,0.45352616594018497,5
2107,0.51440329218107,5
2108,0.2983145229453587,10
2109,2.6770775237032907,4
2110,0.18494734138196764,2
2111,0.29265573465880057,7
2112,0.10152570574466284,1
2113,0.12961296129612962,1
2114,0.7152791575601033,2
2115,7.87746170678337,4
2116,17.335473515248797,36
2117,14.090019569471623,4
2118,0.7754442649434572,2
2119,0.23543260741612715,2
2120,3.977900552486188,6
2121,0.08761682242990654,2
2122,0.2859639367701962,1
2123,0.5820219874973054,6
2124,1.5670755836960821,11
2125,0.24028478196380895,9
2126,1.0654565185221723,6
2127,0.08477469946191615,2
2128,57.0,19
2129,0.5940201966866874,35
2130,6.517311608961303,8
2131,3.716645489199492,26
2132,1.989425575768438,37
2133,26.980728051391864,14
2134,47.84688995215311,25
2135,0.5272643685643031,36
2136,60.9846479618846,32
2137,0.5894611491515331,11
2138,1.7731078640617304,3
2139,1.7535314174378958,7
2140,0.1906779661016949,1
2141,0.5641925777331996,5
2142,0.43864102512032166,6
2143,2.0003175107159867,14
2144,3.0417921442034794,39
2145,6.658528465209189,50
2146,5.079836613442258,57
2147,0.8707278236507414,36
2148,0.2845962290999644,2
2149,0.16922859963333803,1
2150,3.6135508155583436,4
2151,0.8312168090510275,8
2152,0.1390283463350583,1
2153,1.1340703478012621,32
2154,1.1995418416577002,48
2155,4.6875,5
2156,0.25355683899140724,1
2157,1.4259684702527133,5
2158,0.5748502994011976,6
2159,2.0539121259340147,93
2160,21.98846284356973,36
2161,0.36718003875789296,11
2162,16.24548736462094,5
2163,0.8727080394922426,11
2164,1.5459230069718097,17
2165,0.1450384754844688,1
2166,6.411398040961709,2
2167,5.208681135225376,26
2168,0.33234041505625167,15
2169,0.5504166348138522,14
2170,0.2762536929747151,4
2171,0.31968741674806855,2
2172,1.0116337885685383,50
2173,0.3098106712564544,1
2174,0.5508517800673264,3
2175,2.5876010781671157,4
2176,35.40090771558245,13
2177,3.8771219036873683,21
2178,9.397999622570296,83
2179,1.723725161599234,2
2180,0.796742209631728,5
2181,2.1912350597609564,11
2182,0.7532562640581681,4
2183,9.539116458885365,61
2184,1.369602434848773,2
2185,1.3082159334990233,56
2186,1.4917642183777062,24
2187,3.43333764386396,59
2188,0.560261455345828,7
2189,0.8880118401578688,1
2190,1.0189640532125672,1
2191,0.3167341193031849,2
2192,0.9859232075368352,15
2193,1.2384907926341073,55
2194,3.0267361694972257,5
2195,0.27928626842513576,1
2196,0.7172743574417214,3
2197,1.1406844106463878,1
2198,1.2032085561497328,6
2199,1.4683888511216858,3
2200,0.6277463904582549,5
2201,2.376685843629162,7
2202,3.841229193341869,5
2203,0.500459981600736,34
2204,1.1280961334096298,23
2205,0.693007363203234,48
2206,5.501222493887531,5
2207,0.7272727272727273,4
2208,0.6426276329882186,1
2209,0.8024742957452144,8
2210,0.2805376972530684,2
2211,1.1029411764705883,14
2212,0.5167587741333525,6
2213,0.16304717045222944,4
2214,6.840855106888361,8
2215,1.923076923076923,1
2216,1.3186813186813187,1
2217,0.6733586881975185,3
2218,2.2095274066380246,91
2219,5.048694974678614,18
2220,0.4989293807039062,20
2221,4.291875591710789,34
2222,5.059021922428331,40
2223,2.204784688995215,16
2224,0.2055850608189138,2
2225,1.7073749110742236,2
2226,1.3417503319434416,16
2227,1.7408123791102514,2
2228,1.4458172883838503,17
2229,43.90243902439025,5
2230,2.570427106322212,11
2231,5.063291139240506,6
2232,1.1549566891241578,2
2233,2.5486725663716814,18
2234,5.535622757560225,3
2235,0.4236789455101801,1
2236,0.8974422894749963,5
2237,1.246116702290605,40
2238,2.1189986525778313,83
2239,1.4846126088973657,16
2240,0.024111717624995813,1
2241,0.7481117372017743,52
2242,1.5443330078991746,29
2243,0.6198347107438016,33
2244,0.21374879766301313,5
2245,0.915882230497028,11
2246,1.3306004502536877,11
2247,1.363518980803994,22
2248,1.2712505675225747,7
2249,0.20342814089282352,3
2250,0.14000881536985663,6
2251,2.133505737837401,33
2252,1.2562939328979512,28
2253,1.0076506810972197,6
2254,1.2441025332812454,23
2255,2.6217455762378297,84
2256,0.37433711136529063,2
2257,2.6944354051415553,115
2258,27.096774193548384,7
2259,0.1944391933859811,14
2260,0.1456418693403637,6
2261,1.0716486870626512,71
2262,5.245727910981587,88
2263,3.9735099337748347,1
2264,1.4354424701572506,32
2265,3.853702051739518,6
2266,2.4943703447081242,4
2267,1.3380412562720683,2
2268,1.3188423494932224,30
2269,0.8635509535041779,12
2270,4.548104956268221,13
2271,4.307025086925637,160
2272,4.993944731916768,63
2273,4.962231901637537,25
2274,7.360665562096803,58
2275,4.25531914893617,3
2276,1.6555107046139697,9
2277,2.116072817799907,34
2278,1.25241592578276,9
2279,1.6705336426914152,6
2280,0.7081735025081145,2
2281,4.200210010500525,10
2282,16.802800466744458,4
2283,2.8191072826938135,2
2284,0.3878892360736989,1
2285,3.801478352692714,4
2286,0.9004220728466468,8
2287,1.4072994775933758,11
2288,0.3338588518965037,2
2289,0.8443766858215082,8
2290,0.10168917010338398,1
2291,1.9316759077088177,9
2292,9.14820817576085,127
2293,1.0856721922569226,61
2294,0.6241692192105416,3
2295,1.11397627643115,3
2296,0.24140983342721495,5
2297,0.8900011099787085,49
2298,1.4326077440407499,10
2299,0.26955635516545684,18
2300,0.7787151200519143,6
2301,0.34194528875379937,3
2302,1.7763992668828423,7
2303,1.2987012987012987,2
2304,0.4810985082605282,8
2305,0.3849855630413859,2
2306,0.5597885243352512,2
2307,1.806412765316875,10
2308,0.6246069097139387,8
2309,0.5043900616476742,3
2310,0.6041236012479119,22
2311,2.77716552788186,7
2312,6.860191831290098,60
2313,0.3479942000966651,2
2314,1.1073515841279606,8
2315,0.20301934887183276,10
2316,0.19700839109813936,3
2317,0.9967028265082681,22
2318,0.35215477419705454,9
2319,2.160123435624893,7
2320,0.3429142952396828,12
2321,0.5893266397468078,3
2322,0.47679312476086766,9
2323,0.4492755431866116,20
2324,0.3285342418724714,21
2325,0.8436577249363351,15
2326,75.40279269602577,39
2327,1.6235718580877931,42
2328,5.613358659597993,55
2329,24.242424242424242,4
2330,1.950243780472559,13
2331,1.6672214423202165,32
2332,0.17958695001496558,1
2333,0.7916437603078614,4
2334,0.23530180724860286,2
2335,0.08015496626811836,1
2336,0.9910984674681104,3
2337,45.0,4
2338,25.9927797833935,24
2339,48.36109618484686,25
2340,3.1390134529147984,7
2341,6.727474972191324,42
2342,1.507277787355614,17
2343,1.1678200692041523,3
2344,1.9186356368804405,15
2345,1.1297307475051779,5
2346,1.126975061869408,74
2347,7.588344699318042,34
2348,1.952277657266811,38
2349,199.4011976047904,37
2350,0.13299346115482655,2
2351,0.35989717223650386,7
2352,0.5137230652142891,3
2353,3.1386224934612033,58
2354,1.2534818941504178,1
2355,0.29857411719672083,13
2356,0.7469267078167955,4
2357,0.7009345794392523,2
2358,3.629032258064516,3
2359,0.7610189197759222,2
2360,0.24288834726286762,8
2361,0.6726984490563536,31
2362,0.8270022808197824,14
2363,1.1219147344801794,20
2364,1.3065569804016453,27
2365,0.6002044174465216,23
2366,0.716529947824109,14
2367,0.22998051553965568,2
2368,3.333922978471015,89
2369,30.125523012552303,4
2370,1.4985365853658537,64
2371,0.4425975558779415,10
2372,4.2993630573248405,6
2373,0.8369034572083293,7
2374,0.14877508513240983,5
2375,0.38004750593824227,4
2376,0.06609142647328804,1
2377,1.444043321299639,4
2378,3.655550024888004,51
2379,36.486486486486484,6
2380,4.301308857872155,22
2381,1.1747881254259087,34
2382,0.6341537067794051,7
2383,0.14629388816644992,1
2384,6.058303023722925,31
2385,1.4827018121911038,7
2386,2.2977022977022976,23
2387,3.0080899388506968,44
2388,0.510788032425581,15
2389,4.144785535544355,98
2390,1.5350721341766755,6
2391,1.7341040462427746,20
2392,1.1288141572108883,16
2393,0.04143455642005433,1
2394,14.556482183472328,16
2395,1.4930118749740795,30
2396,2.5414754677020825,2
2397,3.988603988603989,7
2398,1.0025062656641603,3
2399,2.8161668839634943,3
2400,3.9603960396039604,1
2401,1.993355481727575,3
2402,44.26229508196721,3
2403,1.8234003039000506,3
2404,0.9813908776561401,19
2405,1.7661343733902422,20
2406,0.29670166647436,10
2407,15.228426395939087,5
2408,2.3888520238885205,1
2409,2.119707132251293,23
2410,1.4425760286225404,28
2411,1.2018181351275006,13
2412,0.4288522246709155,4
2413,1.0014836795252224,6
2414,0.6191950464396285,1
2415,0.6806579693703914,1
2416,1.0321840728263207,8
2417,0.3256616887669333,12
2418,8.806262230919764,5
2419,0.16406517033154835,2
2420,0.5043429532081816,4
2421,1.6904676408032482,34
2422,3.361344537815126,1
2423,1.8933986505777871,35
2424,0.23608560803616893,17
2425,0.08460568268168679,3
2426,1.7036491744662952,36
2427,17.279999999999998,9
2428,0.5436907004015493,17
2429,1.099696136593836,19
2430,17.381974248927037,9
2431,11.344537815126051,6
2432,0.18266577870802017,8
2433,0.6260434056761269,5
2434,0.19125537905753598,4
2435,0.18906570033086498,2
2436,0.8548023269618902,8
2437,0.7874876955047577,4
2438,0.3882587672784139,18
2439,12.931749101961868,26
2440,0.8013424197801444,13
2441,0.7239923003993449,7
2442,1.7998000222197534,9
2443,1.0920342170721349,5
2444,0.23568692919571835,6
2445,0.30288461538461536,7
2446,2.366863905325444,10
2447,0.5243227497815323,8
2448,15.929203539823009,5
2449,0.749453523472468,2
2450,0.2655977178270172,3
2451,1.4088181581007044,3
2452,0.9713322091062395,4
2453,0.574988021082894,3
2454,2.7756360832690827,1
2455,0.9171195652173914,15
2456,1.3756209400076425,4
2457,0.3889903931160488,11
2458,1.6572678098745541,4
2459,1.0453657267651133,48
2460,1.1647023868475785,49
2461,2.4439918533604885,7
2462,1.6428086377835123,84
2463,1.204298677222865,24
2464,54.25531914893617,34
2465,4.8478319418260165,5
2466,0.28908696699590464,1
2467,2.833662415283633,59
2468,3.2374100719424463,1
2469,2.3896448722203782,4
2470,1.9623875715453802,54
2471,0.2055938664496509,4
2472,0.8378588052754072,3
2473,8.379400640093104,8
2474,1.2629117131163516,9
2475,1.2418646367545936,15
2476,3.505355404089581,1
2477,25.06695232994108,13
2478,5.47574784519182,9
2479,2.9633113828786457,28
2480,1.1136107986501687,11
2481,1.3265682133847332,13
2482,0.18191465170923976,2
2483,0.44031311154598823,1
2484,1.1206225680933852,2
2485,0.21834723275208492,2
2486,5.585725368502715,10
2487,0.31171530002597625,1
2488,0.6572541382667965,12
2489,1.2488436632747457,3
2490,0.6577895530228628,8
2491,0.6843672771053799,3
2492,0.02832615999559371,1
2493,1.3949163050216988,5
2494,0.7034822370735139,10
2495,1.523379645955286,12
2496,0.42962356792144024,21
2497,0.19061738854177696,1
2498,0.2802646944336318,2
2499,13.143483023001094,10
2500,6.367924528301887,6
2501,0.06980802792321117,1
2502,1.3670886075949367,9
2503,1.4085731675506479,9
2504,0.12763920650959953,2
2505,0.1636214889555495,2
2506,0.366822906052578,1
2507,0.5478212589195748,37
2508,50.73068893528183,27
2509,23.163538873994636,12
2510,19.45945945945946,5
2511,0.3637465898757199,3
2512,0.35079660061389406,14
2513,0.5260338025424968,3
2514,0.4221388367729831,5
2515,0.44867267666486643,3
2516,1.4392727884858179,19
2517,2.5814964074174997,50
2518,52.17391304347826,10
2519,8.701203940167822,53
2520,4.051772650534609,6
2521,0.9885357314477929,8
2522,24.489795918367346,2
2523,6.08190295985944,25
2524,0.7270077848437092,51
2525,1.0095344924284912,4
2526,0.4150717151685652,5
2527,0.04950767368942186,1
2528,41.50943396226415,22
2529,3.1096303347612246,49
2530,3.97062665079964,152
2531,0.8256880733944953,15
2532,0.24032042723631508,4
2533,0.8199210446401458,9
2534,2.63119426984359,15
2535,0.47473223050887187,9
2536,0.5107107391119308,8
2537,13.768986995956727,35
2538,1.366927937945811,28
2539,0.6290407129128079,14
2540,0.7950252804091358,19
2541,0.044958974935371473,1
2542,35.71723852831749,24
2543,4.787234042553191,3
2544,1.757169005491153,4
2545,0.8880118401578688,2
2546,2.398001665278934,16
2547,0.8147561389611859,2
2548,2.3026768274230376,93
2549,0.48429982273993416,34
2550,0.3622867539911924,25
2551,2.6259679048367186,78
2552,0.819578827546955,12
2553,0.7569916590733862,6
2554,0.9192670006360585,55
2555,11.004126547455297,20
2556,3.37241470162034,64
2557,0.13887495853039433,10
2558,9.163636363636364,7
2559,0.1796915295409547,3
2560,0.7208650380456548,2
2561,0.06149221098660837,1
2562,0.045844688383465344,1
2563,9.579563597658328,5
2564,2.4543223343332423,5
2565,3.9173014145810665,1
2566,0.6383544640482313,4
2567,0.24627171979750995,8
2568,0.1782089995544775,1
2569,0.38200339558573854,2
2570,0.9477402617294823,55
2571,0.17867187241504814,12
2572,0.6388642413487133,46
2573,3.159927438703259,30
2574,0.7266855066612838,1
2575,1.0106681639528354,2
2576,1.3906176230739518,9
2577,0.6429719592784426,1
2578,0.42279987472596303,3
2579,0.10220594497913296,1
2580,2.5530936134324924,37
2581,1.6100978979277445,18
2582,0.2292774575677483,4
2583,0.2795124061359628,7
2584,1.843232172779743,11
2585,0.2086472701982149,1
2586,2.5889967637540456,2
2587,0.5965796102346547,5
2588,4.059768818720045,4
2589,1.0835214446952595,2
2590,1.722213363099984,3
2591,9.66183574879227,5
2592,28.647214854111404,15
2593,0.2282140140309357,15
2594,1.2025052192066805,4
2595,0.1324795760653566,5
2596,0.3926701570680628,1
2597,0.5779418847327019,5
2598,0.08497079129049388,2
2599,3.769633507853403,2
2600,0.26629188549448923,7
2601,1.3856425042339076,55
2602,0.442287609804042,6
2603,0.5867588095315709,5
2604,9.92542372881356,122
2605,7.834063300553673,79
2606,0.9762648828740412,21
2607,1.5609886261298822,13
2608,0.9634255129348795,9
2609,1.7512232809683235,34
2610,0.05460419542234828,1
2611,17.804154302670625,5
2612,0.16627736648323369,7
2613,1.9335629633954112,46
2614,0.6237006237006237,1
2615,0.5206008286858601,23
2616,0.9127789046653144,9
2617,2.0713463751438437,1
2618,0.8957452102513063,1
2619,0.5529104592228536,1
2620,0.3629764065335753,1
2621,0.17632365185874516,1
2622,0.9966777408637874,1
2623,0.23483365949119372,1
2624,0.20444091089783634,1
2625,4.727954971857411,7
2626,0.8471727291064345,7
2627,6.7669172932330826,18
2628,0.896178064138234,17
2629,0.19317968393657267,2
2630,0.4807834990354652,9
2631,4.9604703988431025,202
2632,0.30021265062752783,6
2633,0.5661267494889134,21
2634,1.0034843205574913,4
2635,0.7816498394826222,14
2636,0.2622154779969651,6
2637,39.130434782608695,1
2638,1.5292434269361472,19
2639,1.6216216216216215,4
2640,16.566727095244737,33
2641,3.452281260974094,71
2642,2.1253985122210413,15
2643,0.2970725971159202,8
2644,0.1068994699567948,2
2645,2.402700177342156,35
2646,1.1222294959319181,10
2647,0.41407867494824013,1
2648,2.953038485200629,24
2649,1.2727594131164928,2
2650,2.1716181571407027,40
2651,0.5146007759852972,21
2652,1.731268635183226,10
2653,0.16076452462823204,2
2654,0.752823086574655,3
2655,0.23691380286139227,5
2656,2.043240674744595,43
2657,1.3883872547519207,63
2658,0.47553001783237564,2
2659,1.7079668625232656,13
2660,0.773251235054056,3
2661,0.7354872603099554,7
2662,0.5967798752564288,8
2663,0.5942644476792173,11
2664,0.27273760369710975,2
2665,0.9086778736937755,5
2666,0.25293924773994103,9
2667,1.8735151035184976,46
2668,0.18637399047421827,1
2669,1.8569463548830811,3
2670,0.1992197227525525,4
2671,0.1937932333862676,2
2672,2.395050229525647,150
2673,0.3522926203394622,9
2674,1.480510467671666,32
2675,4.708960104643558,2
2676,4.018978509628803,4
2677,0.31390330034442165,4
2678,3.1852769421341356,5
2679,0.6279161034317359,4
2680,0.49335343291763734,1
2681,0.5041487238735427,4
2682,0.6632888070013818,2
2683,1.3980130092877254,12
2684,1.5217790847270722,23
2685,0.09552112078115049,2
2686,0.4186898496787137,8
2687,0.976227063183585,9
2688,0.08344826786893986,2
2689,0.056547759295037935,2
2690,0.7027513583272782,18
2691,0.40045384769405323,5
2692,1.098664368806549,17
2693,0.6163403568415002,14
2694,0.46664765509553313,5
2695,0.25022589838048237,6
2696,0.07085637805814159,2
2697,24.748810153358015,13
2698,0.7568476693897165,21
2699,0.2075143242526602,5
2700,1.0143881091171654,16
2701,1.087378640776699,7
2702,0.4027669005852465,29
2703,0.24241199939397,4
2704,21.108742004264393,11
2705,0.6744098913450731,3
2706,1.9212229720424183,31
2707,0.6093432633716994,3
2708,3.6734693877551026,2
2709,0.2358258818905375,2
2710,0.10387062336800496,2
2711,0.11704414758941889,8
2712,0.07184194771502694,3
2713,0.6352776056436289,43
2714,65.70048309178745,34
2715,1.5430989187245927,62
2716,1.8844221105527639,10
2717,0.9680021511158913,2
2718,0.14857921129202006,2
2719,0.16916895749629943,4
2720,0.8442380751371886,35
2721,0.8194855451855224,6
2722,0.5575056782985752,18
2723,0.7244918494666935,1
2724,4.699738903394255,2
2725,1.1224044397331172,10
2726,4.616729816380064,44
2727,0.7498437825453032,5
2728,0.4298507462686567,1
2729,3.6566785170137126,4
2730,0.7441604079101496,3
2731,1.0343836797241643,12
2732,4.14483909964884,20
2733,10.939786156443445,27
2734,0.37326328886431187,6
2735,0.1288039913335586,9
2736,4.207245812232178,24
2737,1.798996713371389,26
2738,9.6696212731668,10
2739,0.15463917525773196,2
2740,0.63503263362145,2
2741,0.3402324922030054,4
2742,0.14147884694739737,2
2743,0.7546378786290745,6
2744,5.189542992948144,37
2745,0.09762402997419291,6
2746,20.310296191819464,8
2747,0.37934668071654376,5
2748,2.659443486825905,3
2749,1.8568186507117805,30
2750,1.1148962527098174,4
2751,7.017543859649123,1
2752,0.8324524312896406,14
2753,0.7581241691564553,16
2754,1.269169751454257,18
2755,0.7063508093603024,34
2756,3.900174114915844,84
2757,2.7400239208437536,21
2758,4.095822008722584,18
2759,0.15411618648058564,2
2760,0.06267955079655262,1
2761,0.3002752523146217,1
2762,0.36365473003687054,2
2763,1.2623212685549539,18
2764,5.052589865099153,85
2765,1.5946478486001008,29
2766,0.4641916939773277,12
2767,60.59968437664388,32
2768,1.6243308171652258,37
2769,0.39635728778370216,7
2770,2.398223538119911,36
2771,4.426806774355821,44
2772,3.6096891656551793,152
2773,0.2187044365757134,14
2774,6.1072827996216725,113
2775,4.382100626014375,84
2776,16.75579322638146,47
2777,0.6509631844154591,15
2778,24.2152466367713,9
2779,0.3198365279968016,4
2780,0.31715616637483895,8
2781,10.163749294184077,5
2782,1.4082303238929745,5
2783,0.4726683881132654,15
2784,0.7396449704142012,5
2785,1.7872013323938247,31
2786,1.7918805412972467,32
2787,0.6124131433282299,13
2788,3.7236243276789405,5
2789,0.2150623282488351,6
2790,11.145510835913313,2
2791,0.24567230044812446,3
2792,1.4046039797112757,62
2793,2.8519886607679754,83
2794,3.96958174904943,58
2795,2.2448006455635845,17
2796,0.9308061019511128,13
2797,1.2480138668207426,12
2798,0.44838778216559577,17
2799,0.3260426572476566,6
2800,3.826169107227208,9
2801,0.4530881534670517,19
2802,3.3299697275479314,11
2803,1.4961557110202952,6
2804,0.2519697636283646,14
2805,0.4166602367247419,30
2806,0.11559951191317192,5
2807,42.89118347895155,15
2808,1.4105945294250621,26
2809,64.76190476190476,34
2810,51.57593123209169,5
2811,0.7981376787495843,8
2812,2.839489943473117,6
2813,0.966053938011539,2
2814,1.8190521780756341,19
2815,3.8851841113366192,67
2816,1.3319661300041228,35
2817,2.581508748446314,15
2818,1.0095344924284912,2
2819,0.44402417464950866,6
2820,1.240286337710064,9
2821,0.5143277002204262,7
2822,1.5384615384615383,1
2823,0.7819287576020851,3
2824,0.15178985537799888,6
2825,11.963746223564955,66
2826,8.673773987206822,113
2827,0.5441706795655272,21
2828,0.812960235640648,23
2829,0.17064576782695257,3
2830,0.5977204582523513,17
2831,0.26347246956649023,3
2832,19.51219512195122,4
2833,0.29350617585911704,4
2834,0.24001600106673776,1
2835,0.14603099913598327,10
2836,1.322106771766392,41
2837,0.5493946484891647,6
2838,3.552206673842842,22
2839,0.6646971935007385,15
2840,1.9618528610354224,1
2841,0.6680119685477698,8
2842,1.554777100628629,9
2843,0.16820464898960402,2
2844,91.56976744186046,35
2845,0.46745796124584627,22
2846,0.28194384618396834,6
2847,0.4759858526427131,4
2848,0.022142400236185605,1
2849,0.8597630875047765,5
2850,0.3379171164406064,2
2851,1.4434643143544506,5
2852,0.08250635986523962,2
2853,0.20395445017279473,8
2854,2.5949686441288833,10
2855,3.320692835912678,18
2856,0.33320992225101814,1
2857,1.4361429304154556,28
2858,0.25158831003811943,11
2859,20.21336327905671,140
2860,11.180124223602485,1
2861,5.651491365777081,1
2862,8.977556109725686,2
2863,133.33333333333334,1
2864,4.511278195488722,1
2865,0.35954697081677084,5
2866,0.23934578817897745,1
2867,0.447149422431996,1
2868,0.08048289738430583,1
2869,0.7078254030672435,1
2870,0.7079123958410147,8
2871,0.15659390849695948,5
2872,2.693804250224484,20
2873,0.09746984526662064,2
2874,0.09794052833473896,2
2875,6.2882096069869,4
2876,0.2880768204854628,3
2877,1.440922190201729,5
2878,0.21849668883104273,9
2879,1.3040643338404694,35
2880,0.35895901884534853,1
2881,0.3681985544797491,6
2882,0.15673298794026733,3
2883,2.6436955786872445,63
2884,0.6620950579333176,7
2885,0.4643124306755746,5
2886,0.6905282541143974,5
2887,0.5711062539660157,9
2888,0.4436557231588288,10
2889,0.07320867522801451,2
2890,0.1062197568747787,2
2891,0.639289678135405,4
2892,0.3870967741935484,3
2893,0.8910891089108911,1
2894,0.13722649996188155,1
2895,0.2029083530605343,1
2896,1.2958963282937366,1
2897,1.4640097600650672,1
2898,0.12487642437171549,4
2899,0.3223351390070287,2
2900,5.398546545160919,26
2901,1.993489277444038,33
2902,43.6769803569136,378
2903,41.21154304793704,432
2904,2.4450589433852423,14
2905,0.46371169727068456,18
2906,0.22466300549176235,4
2907,1.4251428854195016,32
2908,0.5655281585895632,26
2909,77.31277533039648,39
2910,1.343784994400896,1
2911,0.5905511811023622,16
2912,0.6848492130241499,19
2913,0.4413387274733358,1
2914,0.5197430159532231,2
2915,1.5073677429744747,26
2916,1.0831411092167285,6
2917,1.1095700416088765,8
2918,0.42012603781134344,7
2919,1.06320141760189,1
2920,2.625324114088159,27
2921,0.549685457765834,5
2922,1.4174158409344446,6
2923,0.34461852643670826,3
2924,0.4099060631938514,2
2925,0.6682025134022644,17
2926,0.0517881290099836,1
2927,1.5205699321375272,30
2928,3.09375,22
2929,0.4908644668666485,1
2930,0.6041789040865989,2
2931,2.9878618113912228,8
2932,36.36363636363637,4
2933,17.39130434782609,5
2934,20.415879017013236,3
2935,9.72972972972973,4
2936,35.294117647058826,5
2937,1.0273972602739725,1
2938,15.702021600664635,63
2939,0.2939975500204165,1
2940,0.2659378001034203,2
2941,107.46268656716418,2
2942,17.68172888015717,5
2943,8.86214442013129,9
2944,3599.9999999999995,3
2945,7.719799857040743,3
2946,0.8817648968711017,43
2947,0.10078246385128987,2
2948,34.24947145877378,18
2949,2.2740432699899986,48
2950,2.109581013770876,8
2951,0.4276580133468432,17
2952,13.745704467353951,10
2953,0.22865853658536586,2
2954,0.8522929046615687,10
2955,0.33734516384081525,16
2956,1.37794647698638,12
2957,0.2819990600031333,1
2958,2.7950310559006213,1
2959,21.95121951219512,1
2960,1.9524100061012812,8
2961,2.9268292682926833,3
2962,0.23527873995163714,1
2963,0.3695908834248755,6
2964,1.1757844395194215,14
2965,0.3926701570680628,7
2966,0.22716755710739978,3
2967,0.27759571268843736,6
2968,1.1684071860860268,17
2969,0.9010297482837528,7
2970,0.46849490097721413,11
2971,15.080113100848257,80
2972,1.5674053025963015,19
2973,0.22802850356294535,2
2974,0.3211295604857722,14
2975,1.0798826214541897,23
2976,0.4885882965007125,6
2977,0.5234749429993951,25
2978,0.4725649776844316,1
2979,2.2297925054196344,12
2980,0.157469982284627,2
2981,257.14285714285717,1
2982,1.587651598676957,2
2983,21.55688622754491,1
2984,0.04851588558336983,2
2985,0.2684483684304719,5
2986,13.953488372093023,1
2987,0.9947499309201437,1
2988,0.1654753970260394,2
2989,3.14410480349345,2
2990,2.829177680931628,33
2991,3.7218919617472217,24
2992,0.7402837754472548,53
2993,0.4560168895144265,9
2994,1.147227533460803,7
2995,0.21305136905231595,3
2996,0.31435557107928747,2
2997,0.34665382763601343,1
2998,0.5248748562264091,9
2999,1.311857736316595,5
3000,11.347517730496454,4
3001,0.21489329950753622,2
3002,0.32269630692004303,2
3003,0.3430625136135918,7
3004,2.47805885389778,16
3005,0.3348058591025343,8
3006,0.9672435796968407,12
3007,2.7847611680526008,8
3008,1.3641530882910193,6
3009,2.262727844123193,10
3010,1.2681137415428718,29
3011,0.5018021067723372,7
3012,0.32979717473753645,5
3013,0.16677905378624483,9
3014,0.8336227856894755,36
3015,1.2058281694858484,2
3016,0.4000592680397096,3
3017,2.015050687231793,18
3018,2.7663934426229506,3
3019,3.1079562583934,63
3020,0.46680800575729875,20
3021,0.3330445825588925,22
3022,1.1890926440184482,27
3023,0.8756993432254926,3
3024,0.4784688995215311,25
3025,0.20640623805519456,3
3026,10.480349344978166,8
3027,2.552286423254165,2
3028,1.225552775366389,20
3029,0.6229161259408629,26
3030,0.5767524401064774,13
3031,0.40506075911386713,9
3032,17.475728155339805,5
3033,28.556319407720785,15
3034,6.623181133968891,22
3035,0.6917090978960515,2
3036,0.31828630611059183,7
3037,0.9494386255745612,42
3038,3.974136571518688,42
3039,0.9243409791167407,3
3040,0.6945784294809956,2
3041,1.0639083856667897,4
3042,0.7283236994219654,14
3043,34.61538461538461,6
3044,17.183770883054894,2
3045,1.468032290375837,103
3046,0.7034455806682732,21
3047,1.8471010774756287,26
3048,0.9321656917877796,39
3049,2.366581007589793,55
3050,0.7343192248852627,2
3051,0.22412218809662157,3
3052,0.30959752321981426,3
3053,2.3275145469659186,7
3054,0.15127003802760677,8
3055,2.4413400244134005,25
3056,0.7346105883686658,18
3057,0.25167198750961245,3
3058,0.10842393759600036,2
3059,1.2947099980383183,22
3060,2.9662921348314604,22
3061,1.7349397590361448,16
3062,50.13390465988216,26
3063,0.7253514820453121,18
3064,0.8894632811312149,13
3065,2.189086294416244,23
3066,1.783565715903461,14
3067,0.10852853396038707,1
3068,0.8944099378881987,21
3069,1.1475932419509085,18
3070,1.8881118881118881,9
3071,92.65415549597854,48
3072,3.781512605042017,2
3073,1.4759340749446526,30
3074,5.235050770966528,58
3075,0.9727538842603017,6
3076,4.434711196277032,9
3077,4.338795291945535,188
3078,3.9011703511053315,5
3079,1.920731707317073,7
3080,0.777369898510041,3
3081,0.6659267480577137,1
3082,0.7078872623989513,27
3083,44.03669724770642,8
3084,0.8391608391608392,2
3085,0.3032855939342881,1
3086,2.9645417554737454,17
3087,0.6830147512213632,4
3088,8.3363802559415,19
3089,2.2980679206741,30
3090,0.24976584452076178,2
3091,3.1592803861342693,2
3092,4.891304347826087,3
3093,2.573634543894767,5
3094,4.290822407628129,2
3095,0.7288334615540348,10
3096,1.7647058823529411,1
3097,0.38046254381484157,6
3098,0.28692117637682313,1
3099,0.14596764383894903,1
3100,0.437788819012543,7
3101,36.12040133779264,6
3102,0.748013090229079,12
3103,26.8370607028754,14
3104,34.883720930232556,10
3105,0.8840244159124395,21
3106,1.3364067234725854,43
3107,0.37621486048698927,4
3108,3.0395778364116097,56
3109,0.8689355539464156,2
3110,1.5717092337917486,4
3111,11.720021703743896,6
3112,4.918032786885246,1
3113,1.2430939226519337,1
3114,64.28571428571429,1
3115,8.427510494026476,29
3116,1.4668871791184295,17
3117,1.2429866206301252,4
3118,1.1677102724657302,23
3119,3.2390282915125463,9
3120,1028.5714285714287,2
3121,0.18681404218883788,2
3122,1.9057702488088937,1
3123,0.5110369792036341,2
3124,2.7232064550078934,69
3125,0.8191126279863481,2
3126,0.5935696619950536,4
3127,0.3582802547770701,3
3128,0.7642095207769464,4
3129,9.6051227321238,5
3130,0.21718408764584515,5
3131,1.3298153034300793,21
3132,1200.0,1
3133,2.2167487684729066,7
3134,0.18157189382367353,7
3135,0.7048872180451128,5
3136,0.38435531513577,3
3137,0.3577165758574433,24
3138,0.16083060070229363,10
3139,0.227046254367487,10
3140,1.6267510167193855,8
3141,0.4781035226933165,24
3142,0.600450337753315,6
3143,77.37775389575498,40
3144,5.453443748737629,105
3145,1.0908659736769297,23
3146,4.330827067669173,4
3147,0.2579350863366053,8
3148,3.1880977683315623,5
3149,3.3333333333333335,2
3150,0.6341377488109917,2
3151,1.3303769401330376,2
3152,1.3031674208144794,4
3153,0.2555729092716172,1
3154,1.060695344725987,2
3155,2.9114435907804284,2
3156,42.30769230769231,22
3157,2.440677966101695,2
3158,0.1981160629935704,6
3159,0.3805362742679962,6
3160,1.0605959156344158,22
3161,1.6180479034970712,31
3162,2.2644357780852937,5
3163,0.7471134254018565,11
3164,0.17459906880496637,3
3165,0.4769257475948141,29
3166,31.57894736842105,35
3167,2.176541717049577,2
3168,0.7460521407551706,5
3169,3.098551140438961,66
3170,0.4087193460490463,1
3171,0.3219747786423397,1
3172,3.168549215197301,12
3173,2.984716419213021,76
3174,0.88366384600478,19
3175,32.37410071942446,5
3176,0.2904240729287117,6
3177,1.2779552715654952,5
3178,0.129142190933142,4
3179,0.2877927891917819,1
3180,0.9750812567713976,1
3181,0.8945210585165859,2
3182,0.27001687605475344,2
3183,0.19134686935260978,2
3184,4.076784974451043,41
3185,0.494573430416266,8
3186,1.0339695553408705,11
3187,1.6319509019899574,39
3188,1.2864564721405207,13
3189,1.1084881453351125,12
3190,0.7860063988982475,26
3191,4.616864379608849,4
3192,0.2606635071090047,11
3193,2.996414065873547,133
3194,0.1820710582880263,2
3195,0.12865413480094345,1
3196,120.37325038880249,43
3197,0.3058387395736793,11
3198,81.9614711033275,39
3199,3.4441521167184885,28
3200,1.8622379526272803,19
3201,1.19411928352843,31
3202,0.3587421603004466,16
3203,2.732409411632418,27
3204,16.744186046511626,1
3205,1.6846045858680392,7
3206,1.6758399737123142,51
3207,0.6181015452538632,7
3208,0.7374530556503927,6
3209,0.17440733802725922,3
3210,1.0093646610217013,20
3211,13.333333333333332,3
3212,0.15266743942777983,3
3213,14.017699115044248,11
3214,1.390344827586207,7
3215,3.742690058479532,8
3216,0.9695128267099402,39
3217,0.6236574041992933,5
3218,0.8183678108661059,8
3219,3.9200614911606455,34
3220,0.714366708243565,7
3221,1.70196671709531,5
3222,1.2658912631863675,13
3223,0.3640114056907116,5
3224,0.2573787876982472,6
3225,0.3914015904572565,7
3226,3.5326312297868814,71
3227,1.4086650290211082,18
3228,0.9498680738786279,4
3229,1.1763424463566061,3
3230,0.9577458272124738,23
3231,0.5977708130098175,8
3232,0.4778338200159278,7
3233,1.0703759242980504,23
3234,2.6483570377636094,18
3235,1.1352374087755652,7
3236,2.7574132837290732,7
3237,22.233659289758105,12
3238,1.3160299762383476,10
3239,0.194004715392388,4
3240,0.12498794483556756,9
3241,1.8074059561128526,41
3242,1.4950166112956809,6
3243,1.1279125373085104,19
3244,4.29167494536062,42
3245,0.21066182924688395,1
3246,0.2952271608988027,2
3247,0.6000500041670139,2
3248,1.4742014742014742,1
3249,1.1571221942465313,6
3250,0.2469220480812099,2
3251,1.2207252011935978,15
3252,0.060475742507727456,3
3253,0.9283933637066965,21
3254,1.6944533901454157,38
3255,0.6107507797512626,13
3256,0.3571694322494233,4
3257,0.15852396574120964,8
3258,7.738963531669866,28
3259,1.0694279409268375,77
3260,1.9052878641446913,23
3261,0.20982689281342892,9
3262,25.161290322580644,13
3263,0.6721205743575818,11
3264,0.10354348826507133,1
3265,0.022960794443487743,1
3266,5.143805309734513,31
3267,0.5550416281221091,4
3268,12.328767123287673,8
3269,0.6282722513089005,1
3270,2.912621359223301,1
3271,17.142857142857142,1
3272,0.7596859964547986,5
3273,1.6072453600357166,7
3274,1.463860933211345,12
3275,1.6899965858654833,22
3276,0.718132854578097,1
3277,13.887698242606085,9
3278,2.403204272363151,2
3279,0.5792837110937428,14
3280,0.13185847190682,3
3281,0.7163038720203749,5
3282,0.07585734604646263,2
3283,0.1376383552216551,4
3284,0.14853323431117713,1
3285,0.5655966416128303,25
3286,0.9236069539296056,21
3287,1.0735853276671885,8
3288,1.2563374274164623,36
3289,0.30348374043710086,4
3290,1.3162224415926291,20
3291,0.5258056378048943,11
3292,76.92307692307692,5
3293,0.27103558178540504,18
3294,0.9258306758563933,5
3295,0.5540924171426617,9
3296,2.6018946335923183,56
3297,0.5873555404486743,6
3298,0.1056338028169014,1
3299,0.3040360789480352,10
3300,101.3857845328565,63
3301,4.181373879989139,77
3302,0.47922046803865714,5
3303,0.5416093535075653,21
3304,0.7177242161313501,48
3305,0.9545158724419698,11
3306,0.43919846280538016,4
3307,0.3862246540070808,3
3308,0.36150022593764125,4
3309,0.5236968548238727,34
3310,6.262321697784994,45
3311,1.6733243745743054,101
3312,4.52054794520548,11
3313,0.9803328290468987,9
3314,5.246993909739212,56
3315,1.1626498728351702,16
3316,38.605898123324394,20
3317,1.7085904129093497,4
3318,0.8590655276094115,10
3319,0.4066418163334463,1
3320,1.1918161954578559,5
3321,0.9534178854132949,9
3322,1.3269443420567637,1
3323,21.984732824427482,4
3324,0.7364975450081832,14
3325,233.47280334728035,31
3326,3.528232542599399,44
3327,0.26080782809866265,15
3328,67.85137318255249,35
3329,0.3995511215794601,9
3330,4.313591235878124,7
3331,0.6103375929811177,8
3332,0.0793545827271525,2
3333,1.1370814908401767,1
3334,0.5497526113249037,5
3335,8.06873365707882,6
3336,4.582802916329129,22
3337,2.2559217947111168,25
3338,12.96,9
3339,3.291428571428572,4
3340,0.7465781833264206,6
3341,0.9786787836420832,7
3342,2.9106029106029108,7
3343,27.480916030534353,4
3344,0.707338638373121,2
3345,0.5227429484154354,4
3346,33.64485981308411,3
3347,0.8570204256534781,5
3348,2.027597859757815,2
3349,0.13127427206592884,2
3350,0.5161290322580645,1
3351,0.6310849807168478,13
3352,1.997232299809253,89
3353,0.5340612390220746,5
3354,0.6385384564219675,8
3355,0.9972036089273466,21
3356,12.457912457912457,37
3357,2.21606648199446,4
3358,4.538291837377876,4
3359,3.3790570915737645,57
3360,1.2254102429546003,24
3361,1.68743408460607,72
3362,0.7663161479841628,5
3363,0.193801057830774,8
3364,4.1698841698841695,6
3365,0.41632936278478083,1
3366,0.782535788591125,7
3367,1.6555530006898136,2
3368,0.43184453596705186,21
3369,0.6029746750636473,5
3370,6.850618458610847,8
3371,2.331872737664317,51
3372,2.0827134781315086,35
3373,2.0650288208629473,41
3374,0.6869639057714509,20
3375,0.21348514499199428,8
3376,1.7825311942959001,5
3377,0.3891260876614603,10
3378,0.1609442060085837,1
3379,4.197761194029851,5
3380,4.240996297542915,7
3381,0.8117510630073445,7
3382,1.9077901430842608,1
3383,0.8340090350978802,4
3384,0.23599690254065417,16
3385,0.48471792109869394,2
3386,0.5235348296088032,3
3387,1.1753289742171276,36
3388,0.1274431520939618,9
3389,52.637075718015666,28
3390,0.8848469952070789,4
3391,0.6338697749762299,5
3392,0.2127031019202363,1
3393,0.10400416016640665,2
3394,0.28632784538296346,1
3395,2.372791985235961,35
3396,0.18791105543376135,1
3397,6.2009569377990434,9
3398,2.358593579384145,12
3399,1.630927212322561,15
3400,0.1926322288536736,13
3401,50.13927576601671,5
3402,0.4929396662387676,8
3403,0.342740564433866,14
3404,106.32911392405063,35
3405,1.122894572676232,24
3406,4.234629861982434,15
3407,2.2925555626313443,10
3408,0.3908158280410357,14
3409,0.8604377875595037,12
3410,0.20113042749527438,6
3411,0.9554985402105636,6
3412,0.07246085101243911,2
3413,0.39211414878553535,6
3414,0.27307896533414244,4
3415,0.029895117961152955,1
3416,11.726384364820849,4
3417,0.5217391304347826,3
3418,0.8811650960714723,8
3419,1.2596604393598247,23
3420,2.544529262086514,10
3421,0.16890504955721072,4
3422,2.7815337067799883,8
3423,0.7434752303998761,16
3424,0.928313563692625,2
3425,0.5959278265187883,1
3426,0.46875,8
3427,0.47303845079907364,8
3428,1.6072453600357166,14
3429,0.7490915036079754,28
3430,0.5203565405926283,6
3431,0.32712403452975924,3
3432,2.8185554903112156,20
3433,0.451716522786589,5
3434,0.6117247238742566,11
3435,1.8207550778411046,119
3436,1.039060996728882,48
3437,0.2927458280815274,14
3438,1.2712380364811222,87
3439,6.515058389674247,53
3440,3.7555717130844375,33
3441,0.4066418163334463,2
3442,3.979193758127438,17
3443,3.5643564356435644,4
3444,6.0296328108224175,39
3445,2.0900118635939116,23
3446,3.8331940588187723,79
3447,0.9633825431515097,6
3448,1.5833123900477506,14
3449,0.5644402634054563,2
3450,1.899103201266069,19
3451,0.19182607768956145,2
3452,5.033557046979866,5
3453,0.3267133544083614,6
3454,1.0183875530410185,22
3455,0.31870494498545593,7
3456,3.7423636130612477,73
3457,0.8217718822126968,9
3458,2.041349018478349,126
3459,3.64753562557197,31
3460,1.1843496651392316,14
3461,0.8488278092158449,14
3462,13.953488372093023,1
3463,0.14783787113465566,1
3464,1.2656558998022411,16
3465,7.020965382740126,4
3466,0.4343629343629343,1
3467,0.7555934907020023,15
3468,0.029355164878176066,1
3469,96.07535321821037,68
3470,0.5344995140913509,11
3471,0.06135701259523119,1
3472,0.6370193158412547,25
3473,0.15571944546575253,8
3474,1.487411233053583,16
3475,0.43556114794560324,10
3476,0.7712790377375814,7
3477,0.23893389969516965,14
3478,0.4742655471041374,19
3479,1.3855079714816276,40
3480,0.09987238528546856,1
3481,5.359801488833747,3
3482,4.274084124830393,7
3483,1.1501138133461124,8
3484,1.2865470952178866,16
3485,1.6137341352940782,67
3486,0.824490419115963,18
3487,5.211428571428571,19
3488,1.4999652785815143,108
3489,3.995560488346282,6
3490,1.2668807460519949,16
3491,1.9131975199291409,15
3492,0.29541289422577205,6
3493,0.19813968848037866,1
3494,1.4305583151202066,6
3495,0.031062599767030505,1
3496,0.41597372102524316,28
3497,40.63205417607224,5
3498,0.2744529999237631,1
3499,0.6433166547533953,2
3500,0.5481398771760645,12
3501,0.38710718030054575,4
3502,0.5145062169501214,1
3503,1.383413908516177,31
3504,0.1606841574347667,5
3505,0.08026218982007892,1
3506,0.030680728667305847,2
3507,0.33787747248879607,4
3508,0.13723696248856357,2
3509,0.8357321942613055,15
3510,15.65217391304348,8
3511,35.569422776911075,19
3512,25.120772946859905,13
3513,17.20658523632501,9
3514,0.38784048264593396,6
3515,0.09127441907635359,2
3516,3.196680618509265,220
3517,3.7642484757444548,71
3518,0.3623407210580349,10
3519,0.0518000518000518,2
3520,6.333249560191002,7
3521,4.039432555902861,28
3522,3.866277468744837,39
3523,0.8675445391169636,14
3524,6.593406593406593,1
3525,1.506906655504395,1
3526,0.8847382649299582,2
3527,0.25793046624514143,4
3528,3.0102241198008386,66
3529,1.8609459808736108,78
3530,12.015778294730454,33
3531,0.19021116962257173,9
3532,0.5254899098638836,24
3533,0.5939091319028189,15
3534,0.5264697279906405,2
3535,1.9125459746628524,13
3536,1.1299688361769389,14
3537,1.1410459587955626,7
3538,0.2922362567782576,5
3539,0.2511304975830741,17
3540,0.5473287317176999,5
3541,0.7259528130671506,2
3542,1.2740732002241424,12
3543,0.5775987934602982,10
3544,0.5986708082649831,28
3545,2.0833333333333335,6
3546,0.898876404494382,1
3547,0.6607929515418501,8
3548,0.4764740917212627,4
3549,1.387015989212098,44
3550,12.60823037260434,36
3551,5.12282804074296,19
3552,1.169305724725944,24
3553,0.48557876042533105,6
3554,3.5573122529644268,34
3555,1.3022888713496448,11
3556,15.467239527389902,8
3557,2.495955627455512,6
3558,0.0991134849402566,1
3559,1.1969079876984456,8
3560,0.9670270633268417,8
3561,0.25945010990594936,2
3562,0.6218959188080329,8
3563,0.15256176632622792,1
3564,1.236445709238997,14
3565,0.5009818626010855,9
3566,0.6881006050539803,29
3567,1.0441313407318078,19
3568,0.7181806091235536,15
3569,0.10994492573627469,3
3570,2.5612789071876665,115
3571,1.6169205014086807,11
3572,2.225180677063522,78
3573,0.23584765194604093,11
3574,0.5635787249031349,4
3575,0.3321799307958478,8
3576,4.745670257738989,29
3577,0.5710156676829806,36
3578,2.340996811545561,31
3579,0.5914729318984638,4
3580,4.123055387649922,36
3581,0.5132683431056299,8
3582,0.4126862820022927,3
3583,0.7507393645256691,11
3584,2.1702271956595456,48
3585,0.46050854925593754,9
3586,1.3867720702765172,23
3587,0.8877987656131276,37
3588,21.244635193133046,11
3589,4.645781416874333,29
3590,0.16455638341637338,1
3591,2.269861286254729,26
3592,2.4354493178486862,6
3593,1.1452368558042685,11
3594,34.285714285714285,3
3595,0.40410843576359656,2
3596,0.11865035224323323,4
3597,0.3432238167483274,23
3598,8.279034112686853,12
3599,0.16799664006719867,1
3600,0.3959524857017158,1
3601,0.8792282329954818,8
3602,0.24434941967012827,1
3603,0.7128242360240249,3
3604,0.07126031790019596,1
3605,2.6642124538649106,78
3606,0.8223496356534253,10
3607,9.584565115917226,308
3608,2.9485570890840656,47
3609,5.221100526091284,51
3610,12.880143112701253,2
3611,3.2887369599811396,31
3612,0.341143303878136,8
3613,0.3899226653380413,10
3614,0.30979734090615724,2
3615,0.21838696957748185,2
3616,1.2891212490152546,5
3617,1.4450867052023122,5
3618,1440.0,2
3619,2.450646698434309,1
3620,24.096385542168672,15
3621,0.33183874217314874,14
3622,1.2383245574577302,26
3623,0.30795349112659653,13
3624,0.1558374096359465,1
3625,2.377778578376626,55
3626,0.7565549553113372,34
3627,0.5875632446548066,25
3628,25.88235294117647,22
3629,0.5794924075763267,12
3630,5.416534684827368,19
3631,2.6470588235294117,48
3632,1.180327868852459,1
3633,4.993199660656334,103
3634,3.535741737125288,23
3635,2.278355621594849,23
3636,1.5724606884827879,37
3637,0.7812584771970181,20
3638,0.3606311044327573,2
3639,0.47281323877068554,1
3640,1.1590215633620407,44
3641,0.046584453732579356,1
3642,13.517441860465116,31
3643,0.8345890807928596,2
3644,2.4208134304132076,29
3645,42.534908700322234,22
3646,0.45500888952552687,15
3647,0.14256296530967846,2
3648,24.489795918367346,13
3649,1.9811424588179185,30
3650,0.22023063041017957,4
3651,2.237414543194531,1
3652,29.75206611570248,1
3653,0.3147128245476003,2
3654,0.5743367208563999,10
3655,3600.0,1
3656,0.659219923091009,1
3657,2.8736779086010777,4
3658,0.12724894842882897,3
3659,1.2004001333777925,1
3660,0.24836721552755037,3
3661,0.35714285714285715,1
3662,1.1764136328427577,27
3663,1.2351326623970722,9
3664,0.7250171184597415,5
3665,0.5533219541001642,19
3666,2.7772675507879945,21
3667,1.6003100315730685,39
3668,2.2660694831134243,26
3669,8.507831821929102,43
3670,1.5689574848589594,29
3671,2.3059325911239896,21
3672,0.6367924528301887,3
3673,0.3047844813901559,8
3674,0.20568490215683474,2
3675,0.7113094719224533,34
3676,0.20879248347059506,4
3677,1.1185612816226596,50
3678,12.788632326820604,2
3679,0.319200815735418,6
3680,0.6512492795449669,43
3681,0.544270580231315,14
3682,0.17921503813297757,5
3683,0.09033877038895859,1
3684,0.513916533429047,35
3685,2.818555490311215,12
3686,0.5665276575655048,2
3687,0.1717093025104536,3
3688,1.040495841228042,18
3689,2.3909674562762895,3
3690,0.5287508261731658,2
3691,0.7306801075723491,12
3692,0.3375843960990248,1
3693,305.08474576271186,25
3694,2.465363746510035,13
3695,0.8537886872998933,2
3696,0.23602688083920667,6
3697,0.39890459531761985,7
3698,1.6092981671881985,39
3699,0.401673640167364,2
3700,0.21208907741251326,1
3701,2.226345083487941,2
3702,1.2963629816348576,1
3703,1.1678200692041523,18
3704,0.5348520490281045,36
3705,20.186915887850468,6
3706,4.1229242221798055,6
3707,0.2071068326078202,6
3708,20.11173184357542,1
3709,0.22545090180360722,2
3710,0.6551410373066424,1
3711,2.7368100957883534,10
3712,1.7414138622071729,7
3713,0.9691867152891651,11
3714,4.0472175379426645,4
3715,0.24335984070992245,11
3716,1.1048028233849931,18
3717,1.6694720208855758,54
3718,0.14853936293117675,2
3719,0.4811940741840865,18
3720,0.7099191480970223,2
3721,0.11364114651290039,3
3722,0.5509641873278237,15
3723,0.5645287752861847,2
3724,3.212055120452067,9
3725,3.7839797027908664,29
3726,3.514123604417058,32
3727,2.5568181818181817,1
3728,2.3263327948303716,20
3729,5.883726360028018,56
3730,5.194805194805195,1
3731,1.6941973739940703,60
3732,4.768211920529801,1
3733,2.639941334637008,18
3734,0.6518196632265073,5
3735,0.262714276331633,10
3736,18.556701030927837,12
3737,3.711016899936117,71
3738,2.084062575729018,43
3739,2.791186254158017,31
3740,3.123718171204998,55
3741,36.46888567293777,7
3742,4.0245947456679705,22
3743,0.5857110898700453,8
3744,1.7833132828533014,7
3745,3.642802934480142,4
3746,0.5380522508519161,15
3747,0.17694765298599166,1
3748,0.24874762480566592,2
3749,67.3015873015873,53
3750,0.2522608096481974,18
3751,29.313687475765803,63
3752,0.7838654364334123,8
3753,72.0,23
3754,1.4344967488362825,44
3755,4.359233097880929,18
3756,2.411314630187804,26
3757,0.8966376089663761,6
3758,22.18798151001541,4
3759,0.07487832272557095,1
3760,0.5473342793431989,3
3761,0.4536004536004536,2
3762,0.5029229711141678,13
3763,0.08962915935317624,2
3764,5.172413793103448,5
3765,0.9319584070414635,12
3766,1.5137498948784796,5
3767,1.9459459459459458,10
3768,1.3547415955845459,6
3769,1.0532475131655938,1
3770,0.5788712011577424,1
3771,0.40609137055837563,1
3772,6.338825304993082,28
3773,0.24608654043338574,3
3774,6.637856525496974,32
3775,0.373948270489249,15
3776,2.9675764792086463,9
3777,1.3223950042855395,6
3778,0.45899481780044415,31
3779,1.1426887193497557,28
3780,0.421334225045979,7
3781,0.7713734733233341,1
3782,0.7934370025713237,9
3783,1.4397120575884823,2
3784,0.8931894305917379,2
3785,0.09831230542356217,1
3786,0.8146639511201629,4
3787,0.7457594072918697,17
3788,1.1961457525750359,27
3789,0.848356309650053,4
3790,0.19801435604081294,2
3791,0.2984992122937453,3
3792,0.6174704945481275,21
3793,2.00732402007324,37
3794,0.6211042738521294,39
3795,0.41436183537918847,17
3796,0.1053142753500237,5
3797,102.12765957446808,4
3798,73.46938775510205,1
3799,2.226345083487941,1
3800,1.6600061481709192,3
3801,1.3043478260869565,1
3802,0.24035251702496993,1
3803,2.394695620453619,31
3804,0.49348869088416725,3
3805,0.20294266869609334,6
3806,0.06691822964105805,1
3807,37.45664739884393,9
3808,90.85173501577287,24
3809,0.7891941113977842,13
3810,0.7003557362469827,49
3811,0.7067088261482265,28
3812,0.9738104020656585,22
3813,0.1501940005840878,3
3814,1.1921744446708784,26
3815,0.1627510963094682,3
3816,1.000973168358126,12
3817,0.07148282178438993,4
3818,1.6479743648432135,4
3819,0.262837673399854,3
3820,0.3921312332527286,5
3821,0.2752504014068354,1
3822,1.5389312977099239,7
3823,0.6246656159174054,12
3824,0.46727758884764153,5
3825,1.2960129601296013,8
3826,1.621378171445729,6
3827,1.6735364304087768,15
3828,0.3027123991959702,21
3829,1.366223908918406,8
3830,0.15347885402455663,4
3831,0.17686072218128224,4
3832,0.35768480381530454,11
3833,0.626141403600313,2
3834,0.12081854564675677,8
3835,40.44943820224719,3
3836,15.126050420168069,1
3837,0.3604253018561903,5
3838,0.8944099378881988,1
3839,0.7870837537840566,13
3840,1.0229837024655244,34
3841,0.12910629751829006,1
3842,0.836198086035492,5
3843,5.7287781590332685,32
3844,0.6957025871439959,8
3845,0.6079483619169137,27
3846,1.7874875868917577,9
3847,0.32805409247480366,5
3848,0.11364712567477982,2
3849,0.7710265361632863,10
3850,4.909462838093795,36
3851,1.9311668878285664,19
3852,12.720848056537102,1
3853,4.09556313993174,1
3854,1.749271137026239,1
3855,0.36444624417898364,1
3856,0.4752893543986269,21
3857,0.17692529118954176,7
3858,3.6131774707757702,17
3859,0.3788941902890823,6
3860,0.32484273486645354,7
3861,1.1914432710533442,22
3862,0.5833076785974691,20
3863,1.2256883857513725,8
3864,0.12839717526214423,2
3865,0.7719642200710697,21
3866,0.1366535074400243,2
3867,2.1458374726803098,6
3868,0.9617953513224686,1
3869,6.030150753768845,4
3870,1.747997086671522,2
3871,0.08805077594746304,2
3872,1.1158465710964742,4
3873,0.10556256047855027,1
3874,5.008347245409015,90
3875,1.1373609014638257,9
3876,0.31461656106620056,2
3877,0.17660910518053377,1
3878,0.40819411898102653,9
3879,15.280135823429541,10
3880,9.723160027008777,12
3881,1.9251336898395721,31
3882,0.7080516287645975,32
3883,0.7818438484091649,4
3884,0.6425129394966982,9
3885,0.33563304120827897,6
3886,40.17857142857143,25
3887,1.8040591330493612,22
3888,0.7184433726924995,6
3889,10.682492581602373,1
3890,0.2724486320808264,2
3891,0.8297798778379624,2
3892,0.13292307692307692,3
3893,0.3819088369461438,6
3894,0.13782542113323124,2
3895,0.09351863878425769,1
3896,0.07969450439980076,2
3897,0.8511309007802034,6
3898,1.205020920502092,40
3899,1.3019814307566433,61
3900,0.6512260390610867,29
3901,1.8260564204611962,13
3902,0.43726466658569174,2
3903,61.10901546586194,45
3904,0.1864760467078098,7
3905,10.034066274388355,9
3906,2.58488050056416,21
3907,0.2618753182512548,3
3908,0.09309421910758849,2
3909,1.2556893104768387,82
3910,0.9560229445506692,5
3911,1.635620172648796,1
3912,0.7561348440471884,18
3913,0.2554943105202148,3
3914,0.4631937854833781,8
3915,0.6115169016476983,4
3916,0.5207831034815315,6
3917,2.8803439216622877,67
3918,5.48780487804878,4
3919,0.045787545787545784,1
3920,1800.0,1
3921,0.5044312887518829,4
3922,14.9843912591051,8
3923,0.510812191384301,20
3924,37.5,5
3925,24.601366742596813,3
3926,1.5404191111061065,38
3927,1.3385743121215339,7
3928,1.9660153037845165,87
3929,0.5960147426927095,42
3930,0.16268445788280145,11
3931,0.16390643674235958,8
3932,10.718273167100856,16
3933,0.42945916342222556,22
3934,0.4923413566739606,7
3935,1.944915666295692,50
3936,0.7057800659750931,23
3937,0.16642140055936083,6
3938,60.0,5
3939,1.403821514121776,7
3940,1.8672199170124482,1
3941,0.463082068433239,1
3942,0.4561653599429793,8
3943,0.13222169170308884,1
3944,54.12300683371298,33
3945,1.9579541888923753,26
3946,1.210303092996793,13
3947,0.854481756814492,25
3948,0.09565436888044533,2
3949,1.632809314170155,109
3950,0.18418404761498713,3
3951,0.6826477885056018,12
3952,0.9388492335628942,54
3953,0.41622938864085096,13
3954,0.7661204511598212,3
3955,1.3024602026049203,8
3956,0.6118633505183843,9
3957,0.8426270136307311,17
3958,1.0004724453214018,10
3959,0.700562572975268,22
3960,1.2146261228965458,8
3961,0.5840244965830511,16
3962,0.2539977671438117,17
3963,2.0182577576782563,60
3964,0.36427320490367776,13
3965,61.86895810955961,32
3966,1.397676291268837,27
3967,0.6421232876712328,5
3968,1.1007603400126384,15
3969,0.888241897876855,20
3970,12.921751615218952,5
3971,0.27965342097400653,13
3972,0.4678767924446563,3
3973,0.25823729137774376,6
3974,0.3893224707557542,6
3975,1.2397241525461145,39
3976,1.6857878716928119,2
3977,0.4414355691227436,19
3978,2.9034934095308325,35
3979,2.733956988504954,22
3980,0.10397497998894234,7
3981,1.7079419299743808,5
3982,0.1873560676043144,4
3983,0.21203598721894187,4
3984,2.5139664804469275,8
3985,1.0293601590829338,22
3986,1.4240506329113924,1
3987,3.266602393239948,16
3988,4.045701442217644,6
3989,1.429422275163788,14
3990,0.6082176968823211,15
3991,2.3373863770511156,11
3992,0.5897487785840247,17
3993,51.67464114832536,15
3994,7.473143390938813,80
3995,2.8593706866073547,164
3996,42.603550295857985,24
3997,0.34250376595575993,24
3998,1.5125344288315203,9
3999,0.38944781862858735,7
4000,0.5261619409529378,1
4001,0.29539673422499385,2
4002,2.0609023053041815,26
4003,1.9178940770918207,68
4004,0.3331636666512424,6
4005,1.7277090174286436,57
4006,0.5177770107007249,5
4007,1.5768725361366622,1
4008,0.920506846979942,9
4009,0.7896583996256434,30
4010,26.200873362445417,5
4011,1.6007776387495736,43
4012,0.39617035325189837,2
4013,0.9639199410937814,12
4014,0.5563568926437256,3
4015,0.7235017484625588,5
4016,0.835100742311771,7
4017,0.9319880367617502,38
4018,2.5214321734745337,50
4019,0.6395452122934802,2
4020,0.18623418949328782,2
4021,0.7995854001628785,3
4022,0.6132590843407465,29
4023,1.5717092337917486,6
4024,0.8784937961068459,13
4025,0.6149266114371469,14
4026,0.9460737937559129,5
4027,0.1680672268907563,3
4028,0.52364724461807,7
4029,5.720338983050847,3
4030,1.6967552260601824,122
4031,2.5945945945945947,10
4032,0.606929107308438,2
4033,0.9286128845037724,4
4034,2.0823864810147503,14
4035,5.783770161290323,51
4036,2.5151374010246856,3
4037,2.1956957393046963,14
4038,19.45945945945946,1
4039,0.95488183337312,10
4040,1.4802631578947367,2
4041,2.291825821237586,5
4042,19.07546135574639,58
4043,0.23820088274444778,17
4044,2.164076332874287,55
4045,0.16751198175980642,3
4046,49.38628158844765,38
4047,0.7622522273075232,13
4048,0.7581683615139297,14
4049,0.08176893461892269,2
4050,1.912147447814309,10
4051,0.1638971090371045,1
4052,0.5314437555358724,8
4053,0.41912449549829245,3
4054,1.075590080669256,3
4055,1.4721668455758319,8
4056,1.1385199240986716,9
4057,3.697861256832606,28
4058,1.3775350471353531,11
4059,1.6786291195523655,28
4060,2.425549117369627,5
4061,0.5833659676177873,36
4062,0.6829175756426065,12
4063,0.18363411921935094,5
4064,0.6430241621200312,11
4065,33.875106928999145,11
4066,1.9784749255782,12
4067,0.5963226768262382,1
4068,0.4675931939212885,8
4069,0.22938702688925702,4
4070,1.2195121951219512,2
4071,3.6363636363636362,2
4072,0.4146199604959315,20
4073,0.7497396737244012,3
4074,0.3126356925749023,1
4075,1.5236482911861178,8
4076,7.283763277693475,4
4077,2.7210884353741496,3
4078,1.4073494917904612,1
4079,0.12626262626262627,1
4080,20.11173184357542,1
4081,18.274111675126903,1
4082,0.4752475247524753,4
4083,2.575107296137339,1
4084,0.18659617477841703,1
4085,3.3676333021515434,2
4086,0.582053354890865,3
4087,0.13080444735120994,1
4088,2.020769014875105,2
4089,1.5813749176367229,2
4090,13.677811550151976,5
4091,0.28002489110143125,1
4092,7.3245167853509665,2
4093,6.182026330852891,3
4094,37.15170278637771,10
4095,4.032821229050279,77
4096,11.840250587314017,42
4097,1.2352739334324603,6
4098,20.869565217391305,2
4099,2.18797482092468,42
4100,0.8372545029424346,56
4101,1.918796049537545,17
4102,0.45660652566826265,8
4103,0.7273706896551724,12
4104,1.890238334398685,23
4105,2.9702970297029703,1
4106,0.44510385756676557,1
4107,5.790356250641662,47
4108,2.6003271653459668,34
4109,0.513512111624047,11
4110,0.229588908304741,5
4111,0.26132151256762903,15
4112,0.3270546908121858,3
4113,0.9877541589648798,19
4114,6.4923354373309285,4
4115,0.8913538674853917,5
4116,18.556701030927837,1
4117,0.05844060973036152,1
4118,0.46765393608729544,2
4119,18.174474959612276,50
4120,2.7304363344338363,34
4121,19.353352277090853,70
4122,1.549053356282272,5
4123,1.079913606911447,15
4124,5.839416058394161,2
4125,0.5051540827891414,13
4126,0.07482385218132313,1
4127,2.1596807428467097,23
4128,0.49641478212906787,3
4129,2.2515747621104047,84
4130,0.14208890423799891,4
4131,36.734693877551024,1
4132,0.2942137953579601,1
4133,1.3997726864868099,13
4134,0.13534343396368284,1
4135,0.08471385542168675,2
4136,2.9312380409559093,40
4137,0.16499003185224226,2
4138,0.5311562484630895,6
4139,1.4064957897658925,38
4140,1.1395191574464412,22
4141,92.3076923076923,13
4142,0.6791171477079796,12
4143,3.879168645213135,59
4144,0.9246047600022831,9
4145,0.8179959100204499,1
4146,1.4767413241447207,5
4147,1.1886091621956254,4
4148,2.754684203995533,37
4149,4.705882352941177,2
4150,1.4233468419491944,4
4151,4.9655172413793105,1
4152,0.8161620232757317,36
4153,4.020421186981493,7
4154,0.5032712632108707,5
4155,1.3303769401330379,3
4156,1.5102254850550603,4
4157,1.359479944973431,14
4158,96.0,2
4159,10.162314749470712,4
4160,1.125767568796907,33
4161,0.2582187686790197,3
4162,0.5108602141000966,16
4163,0.8843036109064113,19
4164,0.16603442908369748,4
4165,0.12403528114663726,1
4166,0.9209516500383729,1
4167,17.00787401574803,6
4168,0.8275689118304738,11
4169,0.33618153803053646,2
4170,0.5223902254984474,5
4171,1.1014039500968829,9
4172,5.108194395175595,4
4173,0.9855588255423995,4
4174,0.31025567365699513,3
4175,0.27313566936208444,19
4176,0.82284724394293,19
4177,0.7399347116430902,17
4178,2.1474165815981405,97
4179,0.9068211621239173,34
4180,1.4899120538023798,8
4181,0.32485110990795885,1
4182,69.23076923076924,1
4183,2.578574907601066,25
4184,0.18223695866764533,2
4185,0.38233049019282467,16
4186,0.5744375299186213,5
4187,0.9347412151635798,6
4188,103.22580645161291,56
4189,0.4444773686939773,5
4190,0.32072698115728987,18
4191,0.7346938775510203,32
4192,0.1512001512001512,10
4193,0.02233777193134858,1
4194,211.09350237717908,37
4195,40.0,5
4196,0.44045204288611994,19
4197,0.8009789743019246,34
4198,0.6805468434484477,44
4199,1.9309450154675183,86
4200,0.6460360504067635,9
4201,0.38125496425734706,2
4202,0.977464023893565,1
4203,3.3340263471243077,49
4204,4.155901269858721,21
4205,2.1319436219353314,5
4206,6.098514464425332,52
4207,4.356595401371521,3
4208,0.8011572271058196,2
4209,3.234501347708895,9
4210,2.433606953162723,7
4211,1.4415926166050113,21
4212,1.4869888475836432,5
4213,0.5777563793933558,23
4214,1.3878089737139572,59
4215,0.8045153711715325,39
4216,1.2012653328172342,25
4217,1.3053105939940175,28
4218,0.4188969048173144,1
4219,4.394837809557028,7
4220,12.785581765173601,67
4221,1.337811054833737,27
4222,0.47986403852241866,8
4223,0.8958088941025915,14
4224,0.34069400630914826,6
4225,1.8604651162790697,9
4226,0.7539267015706806,1
4227,0.5103849152902814,2
4228,1.0961684851560518,6
4229,0.34065102195306585,1
4230,1.1171739636401252,12
4231,0.3600720144028806,2
4232,0.5248961143107094,2
4233,1.233986031963666,8
4234,0.05902897338777116,1
4235,2.4623803009575926,1
4236,0.5080709182323366,8
4237,0.0666290336013918,2
4238,0.11557724412482341,1
4239,0.11632791546838142,1
4240,5.790884718498659,3
4241,1.875586120662707,40
4242,0.6347788265995838,15
4243,0.43142189466115405,12
4244,0.11326809929836704,1
4245,0.14450867052023122,7
4246,3.219459846181363,15
4247,1.000973168358126,14
4248,1.1112566179634444,33
4249,0.2413713468372159,9
4250,54.13533834586466,10
4251,2.3241758241758244,47
4252,0.5151152505333264,11
4253,0.32930845225027444,2
4254,6.25,2
4255,2.254428341384863,7
4256,21.460506706408346,8
4257,3.30216969483154,26
4258,4.498486086413227,26
4259,5.252407353370295,30
4260,5.116597357477497,27
4261,1.7319692660355734,68
4262,7.298086279597794,25
4263,1.6287487073422957,7
4264,3.250472616461161,32
4265,9.966777408637874,30
4266,1.7827665896335425,3
4267,0.2223732163814936,1
4268,2.4665981500513876,8
4269,4.230317273795534,2
4270,4.741110417966313,38
4271,4.9044166117336845,62
4272,1.7660985858413498,46
4273,1.9674716881930945,79
4274,47.73869346733668,95
4275,16.235837641623583,41
4276,4.0055632823365785,12
4277,24.615384615384617,20
4278,1.2212045517624202,22
4279,0.7743600774360078,3
4280,0.13392857142857142,1
4281,4.661521727870721,25
4282,5.88716271463614,24
4283,1.1076923076923078,1
4284,0.9748172217709179,3
4285,2.4341593698231856,20
4286,0.6478853741261162,13
4287,6.064318529862175,22
4288,0.5798969072164949,3
4289,2.5872394793579816,27
4290,59.21052631578947,40
4291,4.444444444444445,14
4292,3.580784802678584,71
4293,3.1900753212228623,16
4294,1.5343360977428921,24
4295,1.7826770297328138,69
4296,1.4815685813392911,7
4297,1.2711303349958072,24
4298,1.043521470868359,7
4299,0.5764611689351481,1
4300,0.6239408411646895,9
4301,0.2959877219907915,3
4302,0.336322869955157,1
4303,3.7267080745341614,3
4304,30.252100840336137,2
4305,0.4241631614294299,10
4306,0.2514756732213335,2
4307,0.16133369185264856,2
4308,0.5656692630586545,7
4309,1.0386826865610124,14
4310,0.3882099209202013,9
4311,0.5200568595499775,25
4312,11.768979295314203,9
4313,0.854836156403356,6
4314,0.8641063515509602,13
4315,0.3189548590275904,22
4316,0.98155940706541,30
4317,0.20832770719926544,15
4318,5.228271393460937,117
4319,21.067248561793296,59
4320,1.4281180577594415,30
4321,2.0550015110305226,17
4322,3.5639643603563966,18
4323,1.4856108597285067,57
4324,2.1542143956231836,84
4325,3.346632064143781,96
4326,5.408155847931962,62
4327,1.5725821549367847,35
4328,0.5430069007126965,8
4329,4.51505016722408,6
4330,0.47907893211760616,31
4331,1.7356758528918288,50
4332,0.2825413020445003,2
4333,0.7622677465459743,12
4334,0.15314750018611675,4
4335,1.070631970260223,12
4336,0.38551923134128563,18
4337,0.15799174931975773,1
4338,1.1627606521795304,25
4339,0.1519445281881218,7
4340,13.844436174171939,31
4341,0.40374586440868054,2
4342,0.47903816650489994,17
4343,2.751241880015285,4
4344,0.04767391045250487,1
4345,0.17341666967737274,4
4346,1.8470063106048946,80
4347,2.4807104382006115,71
4348,0.46545233296573757,17
4349,2.055821257762867,8
4350,0.7604562737642586,1
4351,43.354838709677416,28
4352,4.166355558874039,31
4353,3.7516991391028545,46
4354,1.309358732468005,16
4355,16.09353507565337,26
4356,3.2288254562470753,23
4357,2.3758455700379475,20
4358,3.2720765756809724,64
4359,0.4006231916314267,1
4360,0.26412325752017607,2
4361,0.5855735959542188,11
4362,1.1967167003349783,13
4363,0.9290322580645162,3
4364,0.15044955760665799,7
4365,0.04748713889988128,1
4366,20.901639344262296,34
4367,2.3042010939136506,11
4368,1.493748985224874,23
4369,1.1736115227313142,22
4370,0.3671184262856793,10
4371,1.0920673441528894,2
4372,35.64356435643565,1
4373,1.04834012813046,6
4374,0.4290822407628128,1
4375,0.2454657029864994,2
4376,69.06474820143885,8
4377,0.5730368783960755,22
4378,0.2093550700757943,3
4379,0.26715347967407277,5
4380,2.0899854862119014,4
4381,4.914675767918088,6
4382,3.2977099236641223,6
4383,0.6103246588115622,4
4384,1.848388161513918,14
4385,21.256038647342997,11
4386,0.24046343862717237,11
4387,1.5877323924548787,13
4388,1.2328239373314498,16
4389,0.6283819165648455,1
4390,0.3165113416564094,5
4391,0.3690528668231724,10
4392,0.3182496270512183,8
4393,0.03137145546124754,1
4394,0.8350177275588986,7
4395,0.34169028216566555,7
4396,0.4937594294335482,2
4397,3.742565639959383,86
4398,1.5107007973143096,32
4399,53.73134328358209,28
4400,10.755097468070804,40
4401,0.6287111421585749,3
4402,2.4498823262540053,24
4403,0.2043828772567276,1
4404,0.06945784294809956,1
4405,0.05524522742618623,1
4406,1.6893477240732049,1
4407,1.6498625114573784,1
4408,1.3157894736842106,1
4409,0.5345806882726362,4
4410,0.9868421052631579,3
4411,0.19205121365697517,1
4412,4.573848597141345,12
4413,0.11328592107747498,2
4414,7.879997424837442,34
4415,4.153504618983585,145
4416,35.49295774647887,7
4417,2.83606674783356,11
4418,0.5328509168653893,9
4419,53.93258426966292,4
4420,0.15537600994406464,5
4421,0.12549675800041832,2
4422,32.93556085918854,23
4423,1.4098296455844919,24
4424,1.482549160918357,16
4425,1.0845452304658614,11
4426,2.281205604897642,62
4427,0.37796598306152446,3
4428,7.085064509075005,9
4429,0.25207436193677135,12
4430,35.294117647058826,5
4431,0.7690066996795805,11
4432,1.9627490274666979,37
4433,2.8719585161547663,6
4434,0.45801526717557256,1
4435,1.1003790194400294,10
4436,0.49283844139842903,8
4437,0.8406321947382652,57
4438,17.44360902255639,29
4439,0.0540402599936953,1
4440,1.2465373961218837,2
4441,0.7051666128957921,17
4442,1.5263938944244222,2
4443,0.25234824057198935,2
4444,1.0805248263442244,7
4445,0.22886204704386523,1
4446,0.9015213172228135,8
4447,0.31531005488730585,3
4448,1.4007782101167314,2
4449,1.1680726800778714,10
4450,0.9491850431447747,11
4451,1.7647058823529411,2
4452,1.1616372871227965,27
4453,50.10706638115632,26
4454,28.647214854111407,12
4455,0.1805020212465921,8
4456,2.404006677796327,2
4457,2.6836785893484336,52
4458,0.996376811594203,22
4459,0.1148014095061945,4
4460,1.8100374805740929,33
4461,9.523809523809524,1
4462,4.834666348334726,45
4463,1.3843696385257054,13
4464,10.352702359807155,34
4465,4.745166959578207,3
4466,4.220893422441083,10
4467,2.4501701507049103,7
4468,0.525323275862069,13
4469,0.2609357445728989,2
4470,4.818202096810172,12
4471,0.34605402287801595,3
4472,0.36461234617916644,2
4473,41.79419525065963,22
4474,27.43437764606266,9
4475,0.3568426561781359,25
4476,0.17170566257717482,9
4477,3.7768840706417204,6
4478,1.4803471158754467,29
4479,0.1870976842949313,7
4480,0.0807301594420649,3
4481,33.98007341373886,18
4482,6.90978886756238,4
4483,0.9246367015883745,19
4484,0.9180160652811424,12
4485,0.977198697068404,3
4486,0.43787629994526545,2
4487,0.20834539035823835,5
4488,53.66269165247019,35
4489,15.884476534296029,11
4490,2.1502807310954486,15
4491,0.3634573884072237,8
4492,0.6455973845029038,13
4493,0.6832156684126622,5
4494,3.1988892745574455,128
4495,15.354070152217075,58
4496,0.7378561180569789,3
4497,3.505355404089581,1
4498,1.0244128004173534,24
4499,0.1661180668779032,3
4500,2.7603329925514823,42
4501,37.30569948186529,2
4502,2.3498694516971277,1
4503,1.0936300844205677,19
4504,0.19443885241796496,11
4505,0.14291385470424772,1
4506,0.35515801243053047,3
4507,3.0821917808219177,3
4508,1.1283497884344147,2
4509,1.4546107569363382,9
4510,1.553984783898991,8
4511,1.0812975570684822,12
4512,2.4554995709476555,31
4513,0.8019093078758951,7
4514,4.664507172605275,28
4515,0.675971709332165,3
4516,1.2523917202991823,4
4517,0.29868983775711083,11
4518,0.5254259964241842,24
4519,1.4172369935194717,13
4520,1.45923597286902,45
4521,0.25843768267544537,7
4522,34.08732246186218,18
4523,3.727819006228721,66
4524,0.4027622391111454,29
4525,0.1572029519220972,3
4526,1.272188544866393,13
4527,0.45563852676876343,27
4528,44.44444444444444,1
4529,1.3269443420567637,9
4530,3.6272040302267,2
4531,0.8170305478643729,5
4532,2.007808142777468,1
4533,1.4411529223378703,1
4534,1.694316978468055,4
4535,0.5166178749784743,5
4536,6.792452830188679,1
4537,0.5797101449275363,1
4538,52.173913043478265,1
4539,1.6957136128120587,7
4540,0.42009452126728514,6
4541,1.1552161216827648,10
4542,1.0235996588001137,8
4543,1.8774048964749326,37
4544,0.25436303257259946,3
4545,0.4429133858267717,2
4546,0.7233273056057866,9
4547,0.02984233300727821,1
4548,0.7856109158569362,19
4549,0.8591488575475765,31
4550,0.48828125,5
4551,2.1631615437947773,39
4552,0.17014170598567974,6
4553,0.22444240091023862,4
4554,0.8016032064128256,4
4555,0.2627196794289164,11
4556,6.200728718118582,52
4557,0.572419774501301,11
4558,1.778875849289685,28
4559,0.4520909205073465,4
4560,0.019963400432540343,1
4561,1.1485696054450707,3
4562,0.1997115277931876,1
4563,0.8636428324557301,59
4564,17.093589903786082,38
4565,0.2996556588481657,19
4566,1.8357487922705316,19
4567,0.1729106628242075,1
4568,0.22542266750156545,1
4569,1.315068493150685,2
4570,1.727447216890595,1
4571,0.15357706582483682,1
4572,5.3019145802650955,1
4573,0.5466970387243736,1
4574,0.9197164207702624,4
4575,0.48006400853447123,1
4576,0.20955818150066943,1
4577,0.2688292486222501,5
4578,0.2680166765932102,1
4579,2.9781771501925545,58
4580,1.3052235799650866,27
4581,0.29369174603822074,4
4582,1.9571599434598237,5
4583,1.0114490412305963,4
4584,0.8551745981471217,9
4585,0.8468346614131553,8
4586,3.357761492338441,7
4587,0.5574673090158293,9
4588,0.9392937902243869,6
4589,0.8011310084825637,17
4590,0.3736889745144119,25
4591,0.3089730935930996,12
4592,0.34690436039508554,2
4593,102.10909090909091,39
4594,1.6669863928928168,70
4595,0.278432212465196,13
4596,2.921562400762147,69
4597,2.3715415019762847,4
4598,0.5190186702549439,6
4599,0.4825943100180973,22
4600,0.2840909090909091,1
4601,0.4729840696337658,8
4602,1.7570498915401302,9
4603,0.7856109158569362,19
4604,0.6318622384304854,9
4605,0.6538396049719053,16
4606,1.0236882448939222,23
4607,60.18808777429468,32
4608,10.098743267504487,25
4609,3.815869170199879,7
4610,0.9053120515968698,17
4611,0.40621356301952083,6
4612,2.19324966492019,5
4613,0.9932678512305485,10
4614,0.8683068017366137,1
4615,2.8788484606157536,2
4616,2.219410104156527,19
4617,0.30664395229982966,1
4618,1.525940996948118,10
4619,38.21656050955414,5
4620,2.021579559584453,14
4621,0.8713542296986567,2
4622,1.6586387434554972,11
4623,0.5371530886302597,3
4624,2.6662277814351545,9
4625,0.3054545454545454,14
4626,0.2395010395010395,4
4627,0.6386375731772219,3
4628,0.2556152517100187,3
4629,0.7330639716205644,19
4630,0.702182128489577,16
4631,0.5190311418685121,1
4632,3.7775445960125915,4
4633,0.6889952153110048,1
4634,2.3302896335165064,47
4635,0.7710430499036196,1
4636,0.912299755633994,14
4637,0.8438159231189937,15
4638,1.1371448744867054,17
4639,1.4484467314655993,19
4640,0.13674174801534547,4
4641,0.16330233613064188,2
4642,0.38680563017083913,8
4643,23.877551020408166,13
4644,1.2393956322346797,53
4645,0.5009988552445512,31
4646,0.5629887054735013,9
4647,0.9087237479806138,5
4648,0.3759555536989849,5
4649,0.3638936621853836,8
4650,0.29196290989700197,6
4651,0.5200658750108348,5
4652,0.2844922110379027,8
4653,4.492645288803862,197
4654,1.4180051643397962,27
4655,0.3779218961414641,9
4656,0.44700136583750677,9
4657,35.1219512195122,8
4658,1.4622258326563768,1
4659,7.356948228882834,3
4660,6.975295827278388,28
4661,14.574898785425102,1
4662,300.0,1
4663,4.468429573664328,23
4664,1.7691245641541666,21
4665,2.4154196486662327,33
4666,0.3112369507424298,4
4667,0.4871447902571042,1
4668,1.2255129514436913,11
4669,2.936378466557912,1
4670,3.672220333219993,3
4671,0.16828524348771168,4
4672,0.42565770026603605,2
4673,0.9757419704567015,8
4674,0.9687836383207751,4
4675,29.001074113856067,15
4676,46.426652337452985,24
4677,1.3828665182233681,59
4678,0.38453321939756463,3
4679,0.9183673469387755,3
4680,0.16628175519630484,2
4681,0.40311292760763673,2
4682,0.2705343052528744,9
4683,0.02728781826313037,1
4684,246.90265486725664,31
4685,0.9039032184432778,11
4686,0.028844767078505838,1
4687,1.6593685180917261,36
4688,24.28571428571429,34
4689,2.1180208272048007,10
4690,0.40601503759398494,18
4691,1.3787820758330143,3
4692,1.2393792087252298,25
4693,0.3472534821807519,15
4694,0.40768472381358417,17
4695,0.7673451987637216,14
4696,1.0539027335602151,8
4697,0.752254351984312,13
4698,1.4753234588138868,35
4699,1.1847672778561353,21
4700,0.5473689545506379,24
4701,1.4039120707703043,38
4702,0.1627045105305975,4
4703,0.28064157782931537,4
4704,0.25269364405292527,6
4705,0.0957510472770796,2
4706,0.812237714904562,5
4707,0.48503045875797557,14
4708,2.3444177622206848,16
4709,1.9737563507438138,15
4710,0.471498066608457,21
4711,1.7193405041737613,23
4712,0.6601265242504814,4
4713,13.432835820895523,7
4714,0.3318522888589812,10
4715,0.23710729104919975,1
4716,0.5206133982750343,25
4717,1.2225953737594808,9
4718,0.8690142120032589,8
4719,0.35762181493071077,8
4720,4.419501929147668,21
4721,0.20101624881344576,1
4722,0.273951754052203,1
4723,0.06472142818618197,1
4724,0.0730237935860768,1
4725,2.2531450149166545,30
4726,3.445586671393123,27
4727,1.1761873645836916,19
4728,0.9844134536505332,22
4729,0.844508738319584,12
4730,1.325983987386351,57
4731,2.324330140966319,6
4732,15.18987341772152,1
4733,1.0657193605683837,1
4734,3.031387491316338,40
4735,3.3726662354174564,42
4736,1.0919490423780225,21
4737,0.22279525528623,3
4738,0.5974340971468692,13
4739,0.40510887300962134,2
4740,0.18991849331328636,10
4741,0.7402018157087273,13
4742,2.509293680297398,24
4743,1.7197902871759518,79
4744,0.34427797258527254,12
4745,0.10550996483001172,1
4746,0.13888620975675625,10
4747,0.04446475550560132,1
4748,3.182601776952659,60
4749,0.3405785104420425,4
4750,0.15500404732790243,5
4751,1.1248242462115294,8
4752,2.925531914893617,33
4753,0.5850276263045755,18
4754,1.8499486125385405,1
4755,0.04819535182606833,1
4756,0.22899306659881685,3
4757,104.71698113207547,37
4758,2.7906976744186047,1
4759,2.1902444185800443,46
4760,0.4705677312535401,3
4761,0.48039910079142667,13
4762,1.0577901839589476,28
4763,33.333333333333336,6
4764,3.5354374726154685,65
4765,13.574660633484163,5
4766,0.33609958506224064,9
4767,1.706900755913192,35
4768,28.603859250851304,7
4769,3.0886138007108714,7
4770,3.2918047776888786,16
4771,1.7862459065197975,5
4772,1.1835292183775787,8
4773,0.21469465648854963,1
4774,2.252463632097607,16
4775,42.60355029585799,2
4776,3.537163333718645,17
4777,0.8372309361999017,18
4778,0.2631867529334357,6
4779,0.7472600464961807,5
4780,0.2659378001034203,4
4781,1.43992800359982,16
4782,1.5045624463070886,18
4783,0.40297755638887334,6
4784,2.191780821917808,2
4785,0.36696312530261715,4
4786,4.64516129032258,1
4787,0.12202562538133008,1
4788,3.086596170334381,6
4789,1.1568123393316194,2
4790,1.8370471168566083,3
4791,3.3707865168539324,1
4792,28.34645669291339,1
4793,13.683010262257696,40
4794,2.3091725465041693,1
4795,11.538461538461538,1
4796,28.34645669291339,1
4797,0.5338078291814947,2
4798,5.217391304347826,6
4799,1.949490474080638,11
4800,0.10365230410434333,2
4801,0.2038466620109096,3
4802,0.4651914068809562,4
4803,0.08180330848936557,1
4804,0.6273338312173263,28
4805,0.17618989355193931,12
4806,1.0535485802956468,43
4807,0.1462983470318707,4
4808,6.065980844271018,57
4809,0.8368687162201429,4
4810,0.17627616599338963,8
4811,0.574979672435823,11
4812,0.04229770534948479,2
4813,1.8496131528046422,17
4814,0.05344338712311278,3
4815,9.89010989010989,5
4816,0.9660373204161391,39
4817,1.4759859429910192,63
4818,0.29710135727073045,13
4819,5.7593856655290105,15
4820,0.9516676212715337,12
4821,0.7551919446192573,9
4822,0.11232098842469813,1
4823,0.3191489361702128,1
4824,0.6087868231474278,5
4825,3.0901287553648067,1
4826,0.4924086992203529,1
4827,2.2213081036610447,9
4828,0.51933064050779,3
4829,0.3816632034264874,10
4830,0.049869093629223295,1
4831,1.454416907596551,32
4832,0.9913258983890954,6
4833,2.0847810979847115,10
4834,0.19739006470007678,1
4835,0.5126744517231557,1
4836,7.511737089201878,4
4837,0.1636438019909996,1
4838,0.29358995269939653,1
4839,0.12742911755336095,3
4840,1.3796879277306324,14
4841,1.4037824137258723,6
4842,0.18867924528301888,1
4843,0.615981292420008,3
4844,0.6482982171799028,15
4845,0.8475075039726915,4
4846,1.3856812933025404,15
4847,1.2392426850258176,1
4848,1.0667569741353766,7
4849,55.23287671232877,28
4850,50.26852846401718,26
4851,32.312565997888065,51
4852,0.16755356284034317,6
4853,0.8859357696566998,14
4854,0.5880431231623652,2
4855,6.445837063563116,8
4856,40.54054054054054,5
4857,0.2214124267724526,4
4858,0.182370820668693,3
4859,0.13841894801599508,1
4860,0.9566685424873382,17
4861,0.6664445184938353,5
4862,0.1558070589253641,2
4863,0.9066868152625615,6
4864,5.004170141784821,5
4865,2.4226110363391653,1
4866,0.2740894140577415,5
4867,0.6681101144447881,3
4868,0.3831417624521073,6
4869,0.5089058524173028,2
4870,0.42503668471385925,7
4871,3.185198812120575,101
4872,0.44084691590845076,10
4873,1.4570843135766867,16
4874,1.843884449907806,5
4875,0.8066487411390858,11
4876,1.8186921133875948,9
4877,1.2080536912751678,15
4878,32.346723044397464,17
4879,0.7318560683065664,10
4880,0.1254355400696864,1
4881,0.17670735298929938,3
4882,1.2714857546503415,12
4883,0.19543684576775588,11
4884,18.132506780317705,13
4885,1.6635859519408502,4
4886,3.2014228546020456,2
4887,1.7073749110742236,2
4888,4.847396768402154,3
4889,0.5495903516360491,3
4890,0.9219961949363383,21
4891,0.18515661163400712,2
4892,1.7302146747837233,6
4893,8.753799392097264,4
4894,0.23910733262486716,1
4895,1.0488899248295553,10
4896,1.6654330125832717,35
4897,1.6847797826426083,18
4898,1.437125748502994,3
4899,0.6849014356587786,13
4900,0.21993239115383048,3
4901,0.2071525160399344,2
4902,0.5532078371110257,4
4903,61.01694915254237,1
4904,1.8593120545398203,5
4905,0.3239157818967069,1
4906,0.9884407347409462,20
4907,0.49126637554585156,1
4908,0.6834701479043865,21
4909,1.0131467856712097,63
4910,2.3305496212856864,20
4911,0.6400975386725597,7
4912,0.6835847773755489,31
4913,28.697962798937112,9
4914,11.256064690026955,29
4915,11.756756756756756,29
4916,1.5575425439861552,3
4917,3.260592680648722,32
4918,17.267522822218783,31
4919,0.18571299604070207,4
4920,0.12615201317587693,1
4921,0.02979811775222865,1
4922,11.127272727272727,85
4923,12.567132116004295,104
4924,2.0264565156206023,14
4925,1.9453484801964998,44
4926,10.256410256410255,11
4927,0.5636449037106623,1
4928,5.5813953488372094,2
4929,1.4397120575884823,2
4930,0.0745141059342206,1
4931,15.207885570295709,57
4932,10.37463976945245,1
4933,10.198300283286118,1
4934,0.8291382884216759,7
4935,0.1453582272756638,5
4936,0.18009905447996397,1
4937,0.3986357797758781,5
4938,1.800161552959881,39
4939,0.30129304933673684,2
4940,0.15734724205250736,6
4941,0.8329477093937991,4
4942,8.591885441527445,6
4943,0.25884383088869717,1
4944,1.0713910577360737,17
4945,7.552927713141331,22
4946,1.6956047014493996,66
4947,0.5817711700064642,1
4948,1.1573558869352325,13
4949,0.8667597630856647,5
4950,0.27603128354546846,1
4951,13.14668289713938,18
4952,1.6658422555887094,29
4953,3.2530120481927707,6
4954,1.0301902990413507,2
4955,1.229592185258556,10
4956,0.1370332305584104,2
4957,2.191780821917808,2
4958,0.6966618287373005,8
4959,1.3421984713850743,6
4960,0.8122010648858405,20
4961,31.62518301610542,6
4962,1.5241320914479255,1
4963,2.70473328324568,21
4964,0.2810743285446596,1
4965,2.0933521923620932,37
4966,55.38461538461539,1
4967,5.357142857142857,3
4968,0.7672634271099744,11
4969,2.6581118240146653,58
4970,1.2700856345617244,11
4971,0.10184595798854233,2
4972,4.755010287281872,52
4973,0.8926673751328374,7
4974,2.258690665254985,32
4975,0.6858449228424461,1
4976,3.4951456310679614,1
4977,1.0505274523250214,20
4978,2.8391167192429023,60
4979,1.0755472344493795,15
4980,1.3871050603647572,3
4981,0.35347615570133717,16
4982,0.6422836752899197,6
4983,0.2978735140800397,3
4984,1.3001912045889101,85
4985,0.21862702229995626,10
4986,0.1676711410021145,5
4987,0.30271179314694135,4
4988,13.870159892120979,20
4989,1.6805415078191863,12
4990,0.23405500292568754,1
4991,1.8818609513852587,4
4992,0.2266802674827156,5
4993,0.04106495106426665,1
4994,2.924044464041215,35
4995,1.2434452224699344,44
4996,1.717557251908397,6
4997,0.2688774367017701,1
4998,0.5963062142837424,12
4999,0.7565409267626353,6
5000,0.5578872602828179,12
5001,1.3138686131386863,5
5002,0.4177254847356146,10
5003,0.08276432857438444,2
5004,5.131605118345156,43
5005,6.863991283820592,42
5006,0.8621102543225251,10
5007,1.4771882132690484,16
5008,1.00426137730023,29
5009,0.19286403085824494,1
5010,1.771153303158129,115
5011,0.28323875650318153,8
5012,0.25505504938149154,5
5013,1.4412106169182113,10
5014,0.19853306126950862,5
5015,0.6983511154219204,1
5016,0.612635609444799,8
5017,0.2574493444576877,3
5018,0.13857879744399107,1
5019,150.0,1
5020,0.24161884627000907,2
5021,0.09170806266717615,1
5022,0.20151133501259444,1
5023,3.6504300146467874,27
5024,1.228892631195667,15
5025,4.630225080385852,2
5026,1.8012248328863627,50
5027,0.8125188083057479,9
5028,19.344438473938744,10
5029,1.27350981663817,24
5030,2.9387755102040813,4
5031,2.5992779783393503,1
5032,0.7444681877714207,9
5033,0.6590750979458826,5
5034,1.6349834555245573,42
5035,21.598036542132533,22
5036,1.619979750253122,20
5037,1.6098978907356338,12
5038,1.211888044628258,21
5039,0.7507037847982484,2
5040,0.34350325612461535,8
5041,0.09791056142187893,4
5042,0.321285140562249,1
5043,1.9345824526206428,15
5044,0.413225037764177,25
5045,3.231960498260577,40
5046,0.1814278370778023,10
5047,0.6655925622672407,14
5048,2.2643883006604466,12
5049,0.8544810807603299,12
5050,1.795623168526716,8
5051,0.473746545598105,5
5052,0.5449944851748524,14
5053,0.6428571428571428,8
5054,0.27072275852242367,19
5055,0.5919626969538586,28
5056,1.9195346582646633,11
5057,9.003751563151313,6
5058,1.291248206599713,2
5059,1.1006369426751592,12
5060,0.9082881291787561,8
5061,0.32911276683274676,2
5062,0.6883365200764818,1
5063,0.47182175622542594,2
5064,0.3943620828160374,3
5065,4.395604395604395,1
5066,2.7418126428027416,13
5067,1.1263434818819982,71
5068,0.8055639552464469,37
5069,1.7423921592352833,16
5070,0.20480728203669463,6
5071,2.3337222870478413,30
5072,2.4347065024963697,34
5073,2.027027027027027,14
5074,0.5466733193049439,14
5075,2.1119324181626187,15
5076,1.1861288816891353,12
5077,4.51505016722408,9
5078,1.6786347104355124,25
5079,2.736507497754129,121
5080,0.642199652736484,15
5081,6.7561715028150715,26
5082,0.6518983521458321,6
5083,3.6116684673560733,13
5084,0.4750907291322996,2
5085,0.19233723127884225,8
5086,0.3107466551575313,1
5087,4.340987731991192,46
5088,0.4991940096718839,8
5089,0.05709482498850174,2
5090,38.70967741935483,5
5091,0.38904618842803723,5
5092,0.08932559178204555,1
5093,0.13522819758342203,3
5094,1.584046624768578,53
5095,0.07643474383744878,1
5096,11.25,1
5097,4.205607476635514,1
5098,2.68857356235997,1
5099,0.8968609865470852,1
5100,1.3377926421404682,1
5101,4.140786749482402,5
5102,3.1222896790980053,1
5103,14.117647058823529,1
5104,1.3937282229965156,2
5105,6.304728546409807,1
5106,0.9925558312655086,1
5107,15.384615384615383,1
5108,0.7957266531589611,6
5109,2.272727272727273,1
5110,0.6637168141592921,1
5111,0.9966777408637874,1
5112,5.651491365777081,1
5113,3.417361037865204,9
5114,0.24752475247524752,1
5115,1.9539427773900908,7
5116,1.1601675797615212,1
5117,2.488765986864846,4
5118,1.8706157443491818,2
5119,0.5789642972016725,1
5120,3.446441867886395,9
5121,0.5382775119617225,2
5122,0.9250218407934632,10
5123,1.7562199456408112,21
5124,0.5489059998475261,6
5125,22.437673130193907,18
5126,0.13647995450668182,2
5127,21.197252208047104,12
5128,1.586310725957478,12
5129,0.8836524300441826,12
5130,3.617363344051447,15
5131,0.6582556226001096,2
5132,1.1088250150923404,25
5133,0.7490809886019467,9
5134,13.438407299875571,9
5135,1.3218567476175838,43
5136,0.5239539114614918,6
5137,75.09481668773704,33
5138,7.201809878922452,191
5139,0.22223594049015372,8
5140,0.5280596396769517,17
5141,0.36903395112350335,5
5142,0.5803877312482366,4
5143,0.57745518707142,4
5144,1.4262132717068339,6
5145,1.5776837772950727,69
5146,8.416578108395324,11
5147,0.44113469646925146,22
5148,0.2827243633793415,4
5149,0.4231944770983393,11
5150,0.0663643402278509,1
5151,3.13211082853701,65
5152,4.036125817502336,18
5153,4.0457703310175726,11
5154,1.338055883510429,17
5155,0.8617387973956339,5
5156,0.05411011408215719,2
5157,0.9415046639351409,6
5158,0.5315259575904157,21
5159,30.36373220875066,16
5160,17.197452229299362,9
5161,1.6210861277055628,30
5162,0.14734472526348102,2
5163,0.5992569214174424,25
5164,0.5759916219400445,11
5165,2.7608990620022418,39
5166,1.1906074302722964,3
5167,11.655200323755565,24
5168,1.0115077329033204,23
5169,1.717557251908397,1
5170,0.802675585284281,1
5171,0.7577062166350955,11
5172,1.3770637447249574,31
5173,0.42391592334187056,8
5174,32.512315270935964,11
5175,3.9977790116601883,2
5176,11.464968152866241,2
5177,3.603603603603603,1
5178,0.5450924211188372,13
5179,0.9663746821135913,19
5180,2.414127114223977,9
5181,0.47257477252157326,19
5182,10.082150858849888,15
5183,1.8632027603003856,51
5184,4.448563484708063,12
5185,2.082730691350882,22
5186,3.317299718029524,50
5187,0.9117436546825965,46
5188,12.40205349905431,51
5189,5.861412368573557,59
5190,0.8725157537566651,5
5191,1.5584415584415585,31
5192,1.7609293793946807,32
5193,3.5502958579881656,4
5194,0.09577015163607343,4
5195,1.332693909487872,88
5196,1.0019482326746452,1
5197,4.104903078677309,12
5198,0.29972525185246857,6
5199,2.201799423798104,38
5200,0.6998250437390653,7
5201,4.808548530721282,3
5202,2.3062139654067906,1
5203,0.2862243681018843,11
5204,2.3932192122320095,8
5205,0.7896468523799078,10
5206,0.2858844550327576,4
5207,0.6819069717884668,16
5208,0.04260909704221851,1
5209,2.9284958919710404,10
5210,1.1073735599678505,62
5211,4.056338028169014,6
5212,0.3460207612456747,1
5213,0.7060484819957636,10
5214,0.9746984526662064,20
5215,0.3688808053897584,8
5216,0.6840638459589562,6
5217,41.40094093047569,22
5218,3.4204275534441804,14
5219,0.4593477262287552,25
5220,1.675257731958763,13
5221,0.40021344717182494,5
5222,1.2949640287769784,4
5223,1.7800952980311069,11
5224,0.4844284837220255,16
5225,0.6612090680100756,7
5226,1.1844802713168485,13
5227,0.5618635139880604,4
5228,0.04070694392618474,1
5229,0.40643522438611346,6
5230,0.17487612940833575,1
5231,0.5487247230972462,6
5232,0.3819628647214854,10
5233,23.8761974944731,18
5234,1.5437392795883362,5
5235,1.3681636633514274,53
5236,2.303692840954539,48
5237,0.7849229385552513,16
5238,1.9537912854706156,7
5239,0.6328501990841251,40
5240,0.30359054198696117,13
5241,84.66060929983966,44
5242,1.2926391382405746,5
5243,0.6568144499178982,6
5244,6.140724946695096,4
5245,0.43563098425375507,8
5246,0.3792126999076753,17
5247,0.9443861490031479,6
5248,6.382978723404255,1
5249,0.38918918918918916,8
5250,0.8920372556736192,17
5251,0.3834490363650034,17
5252,0.36464136364294086,7
5253,1.7301789091811106,31
5254,0.549618320610687,2
5255,0.7200320014222854,9
5256,7.5250836120401345,5
5257,6.983511154219204,2
5258,2.979584329593526,9
5259,0.6028563909954308,7
5260,1.3067150635208713,1
5261,26.31578947368421,5
5262,1.290391956556804,20
5263,0.719506624029237,7
5264,0.28880535435958554,7
5265,1.3003170526146808,9
5266,0.2700675168792198,5
5267,0.07035784783161021,3
5268,0.6777391959168305,18
5269,0.942161737764983,22
5270,1.352132208482607,26
5271,0.5275498241500586,5
5272,1.1743119266055047,8
5273,0.9240246406570841,18
5274,0.7926993369706163,36
5275,0.2971195906352307,6
5276,10.052503093335115,167
5277,31.841831425598336,17
5278,2.5380710659898473,55
5279,0.11706175007316359,2
5280,38.17603393425239,20
5281,0.31201441209427294,14
5282,7.621187246176445,49
5283,2.1786883041197833,27
5284,8.69061413673233,25
5285,1.7016679046525762,28
5286,1.817722797273416,2
5287,3.828995184211304,36
5288,0.3083775912283707,2
5289,1.662529584944871,8
5290,0.7154213036565977,2
5291,0.4064031067259714,5
5292,0.08719451643374428,1
5293,3.9517014270032935,4
5294,1.1608378454634618,24
5295,0.7717041800643086,3
5296,1.3526207026113095,6
5297,19.30765480253535,11
5298,1.7263354491879408,38
5299,2.942618930848455,10
5300,3.2997250229147568,1
5301,0.36107807596968094,7
5302,0.22656471254602095,4
5303,2.1837298645278693,9
5304,2.572347266881029,44
5305,5.069232574513025,6
5306,29.31596091205212,5
5307,1.3491567770143662,3
5308,0.1724360908738199,10
5309,13.341568869672637,6
5310,2.211302211302211,1
5311,90.0,1
5312,0.6659130613503237,9
5313,46.753246753246756,1
5314,29.26829268292683,1
5315,32.432432432432435,1
5316,0.5354851904877006,16
5317,30.72,16
5318,0.97323600973236,2
5319,0.2690824289173917,5
5320,1.1738492473235151,6
5321,0.3024193548387097,2
5322,0.9368595686542402,8
5323,0.22815134038912477,1
5324,0.2737226277372263,1
5325,0.23547880690737832,5
5326,0.5793369810106211,2
5327,1.2530455969369998,1
5328,5.822102425876011,15
5329,3.5727577223669518,16
5330,0.97323600973236,2
5331,0.4164577950873405,3
5332,0.3659280341532832,1
5333,0.11772015303619894,1
5334,0.7091639744700969,10
5335,0.4173429167632738,1
5336,0.8277765003449068,1
5337,1.4475271411338964,1
5338,44.818747711461,34
5339,8.152599947739745,26
5340,1.7542001228787525,23
5341,2.644725242433147,25
5342,0.23515579071134624,2
5343,1.1457670273711011,1
5344,1.9021451970833774,5
5345,0.4509582863585119,1
5346,0.30544714067537754,4
5347,0.37159372419488024,1
5348,0.3743448964312453,5
5349,1.4109531772575252,15
5350,0.02148650826335297,1
5351,1.5751531398886003,63
5352,0.8413180649684506,5
5353,1.1993337034980565,6
5354,0.2629080552106916,2
5355,2.094037809015996,6
5356,0.5170185264971995,3
5357,0.17014170598567974,6
5358,0.6286470990555741,12
5359,3.422766345402448,73
5360,1.2793908596264767,87
5361,1.062599392800347,49
5362,0.3400825014957332,9
5363,0.8765522279035792,19
5364,0.8506616257088847,11
5365,0.5789428108415701,13
5366,1.1754553723441472,14
5367,0.7388296000938197,7
5368,1.2845144645111708,39
5369,2.215111986217081,10
5370,2.417173441786406,35
5371,3.8926712054465358,27
5372,0.5563186813186813,9
5373,0.8030336828016953,2
5374,0.5010089764108273,2
5375,1.5100671140939597,2
5376,1.7895226336128796,31
5377,0.6475088894115694,13
5378,3.584741867946688,39
5379,3.6812394066312737,73
5380,1.5902063482047075,7
5381,1.2633549091476255,18
5382,6.17838574529302,68
5383,0.5510485228838207,2
5384,1.3365509560051976,4
5385,0.3067484662576687,4
5386,0.5861282969716705,12
5387,0.06803235316350442,2
5388,2.377664365055539,11
5389,1.3975155279503106,14
5390,0.5311056402312523,16
5391,0.31197192252697253,2
5392,0.4101979774960832,4
5393,3.826620999173261,9
5394,10.206529561860728,130
5395,1.0245318458648756,5
5396,1.8837785733957588,19
5397,6.04171661472069,14
5398,0.8613985762995753,12
5399,9.124511564051115,24
5400,39.76210705182668,13
5401,1.145541328888552,21
5402,0.43863657132413414,4
5403,0.6859102600743069,2
5404,2.5899280575539567,1
5405,0.8688456764584195,7
5406,0.35307531047334156,8
5407,0.3519061583577713,9
5408,0.11810345534623175,4
5409,35.90551181102362,19
5410,2.6139045198765656,4
5411,2.118003025718608,7
5412,1.4705882352941175,6
5413,1.31311552290136,7
5414,1.2858555885262117,13
5415,0.4643763168078428,3
5416,0.09600512027308124,1
5417,0.9084536660591616,9
5418,0.28864656831302116,1
5419,16.2748643761302,5
5420,0.23721665788086452,1
5421,1.2126656186840332,6
5422,0.30077700726877765,1
5423,0.2297872340425532,3
5424,2.107838034766316,45
5425,0.39922455148846686,27
5426,1.6195215050098835,33
5427,1.1784282168089693,12
5428,1.381851681252879,5
5429,1.966675771647091,8
5430,6.697674418604651,10
5431,13.74795417348609,7
5432,0.32214124501625624,9
5433,0.08867104274683185,2
5434,8.173936975368104,33
5435,0.2082941576381757,8
5436,40.131147540983605,34
5437,0.43993197348187824,12
5438,0.3971931682775056,15
5439,1.6109544905356425,30
5440,0.17299375300336375,2
5441,1.7970049916805324,12
5442,0.07537057197889624,1
5443,1.5125183812997727,22
5444,4.29696825017904,5
5445,0.6414721461778952,11
5446,2.403787786815588,11
5447,0.0795076415677729,3
5448,16.071428571428573,4
5449,0.5637773079633545,12
5450,0.20320843540794092,5
5451,0.2524190155658393,1
5452,0.11128628396550125,1
5453,2.891019887571449,51
5454,0.8636284063721772,37
5455,5.2841882084318685,18
5456,4.220810942843185,48
5457,1.1793611793611793,4
5458,0.4975735610295473,9
5459,1.1368421052631579,3
5460,0.45938289564351886,5
5461,0.47804858117632637,13
5462,44.66501240694789,40
5463,0.5439572892795084,12
5464,1.4736932821993365,19
5465,1.3071895424836601,6
5466,1.4226181922690042,11
5467,0.9133964817320703,9
5468,0.2547301982650043,5
5469,1800.0,1
5470,36.49946638207044,19
5471,0.9147735935356,5
5472,0.6251085257857267,6
5473,0.20084802499442087,2
5474,0.22064231429271883,2
5475,5.462822458270106,2
5476,0.5458887751620608,4
5477,6.05296343001261,8
5478,9.453781512605042,5
5479,360.0,1
5480,14.733969986357435,6
5481,7.063440156965337,12
5482,2.426421028982251,6
5483,8.737864077669903,9
5484,0.9671353093937495,3
5485,2.28072645361115,9
5486,2.896382345053425,57
5487,0.22508440665249468,3
5488,0.6976473780086043,5
5489,0.5156361900214849,3
5490,2.5423728813559325,1
5491,0.0905592030790129,1
5492,0.5658355361863256,11
5493,10.32258064516129,4
5494,1.2379642365887207,1
5495,0.402189699474919,1
5496,0.3314459328821986,2
5497,0.7491699537444308,22
5498,0.5319279927106164,6
5499,1.9562854727689893,9
5500,0.3481175863847344,6
5501,3.6908111201182585,43
5502,1.5054362977418456,3
5503,0.7859189521080638,8
5504,2.692595362752431,1
5505,2.5740551583248212,7
5506,1.7968555028699777,2
5507,9.350649350649352,1
5508,5.3307008884501474,3
5509,0.7859918780839265,5
5510,0.473676419795727,8
5511,0.6964866119795697,5
5512,0.21329667790424164,10
5513,1.3033920951683118,42
5514,1.4274385408406025,1
5515,0.3816482638265947,13
5516,65.85365853658536,6
5517,1.2375386730835338,2
5518,2.73037542662116,2
5519,0.5764242482467096,5
5520,0.6921745818111902,2
5521,1.0796760971708488,3
5522,0.651347928351728,1
5523,0.41923838360312105,1
5524,0.1889168765743073,2
5525,0.41539260370391734,2
5526,0.22769678378292904,2
5527,3.185840707964602,1
5528,0.42036431574030825,3
5529,0.3125542628928633,1
5530,4.164256795835743,2
5531,1200.0,1
5532,5.115089514066496,5
5533,0.3536901674133459,5
5534,15.401069518716577,4
5535,0.3374578177727784,1
5536,0.341296928327645,4
5537,1.8351741716227699,3
5538,0.5832357119712868,39
5539,1.5467608726786652,9
5540,0.9298721425803952,6
5541,3.641355393396431,14
5542,2.2791366906474817,11
5543,0.7980102943327969,50
5544,2.2041940915352827,4
5545,0.09789791423054958,1
5546,0.4060684676555186,4
5547,0.632688927943761,1
5548,30.0,5
5549,0.43567711484932836,1
5550,0.17654847726938355,1
5551,0.7612833061446438,7
5552,10.746268656716417,4
5553,4.20519809208605,12
5554,2.1124165882015804,43
5555,1.467676179382644,28
5556,0.7898200965335673,2
5557,1.256763833129691,2
5558,3.2330489447687474,2
5559,2.8829213603117827,15
5560,0.8041098950189859,6
5561,0.8631023735315272,3
5562,3.345103140680171,5
5563,0.47745358090185674,1
5564,0.6162122508864164,7
5565,0.2517306482064191,1
5566,0.5458680818802123,1
5567,20.33898305084746,1
5568,0.31640007031112677,1
5569,40.90909090909091,1
5570,2.049384473066249,48
5571,6.957866254348666,35
5572,8.0,4
5573,5.11727078891258,4
5574,2.8169014084507045,1
5575,9.593604263824117,4
5576,1.180453654897653,40
5577,0.7120454352801561,7
5578,71.15384615384615,37
5579,41.53120083901416,22
5580,40.23416711016498,21
5581,0.32444124008651765,2
5582,1.0560668842360015,8
5583,27.571115973741794,7
5584,3.0397798348761573,27
5585,1.4622833108400268,31
5586,0.4850880344951491,3
5587,0.26521290702814204,2
5588,0.6656599587044285,6
5589,0.16378805370883262,8
5590,6.405693950177936,1
5591,0.5375541287143497,2
5592,1.7727844753688742,27
5593,36.734693877551024,1
5594,0.6622830963515085,31
5595,0.9696752036991314,12
5596,1.5714519561302995,32
5597,1.4169076996302126,43
5598,1.570277620978088,17
5599,2.3582561554099843,29
5600,3.3011489292842118,102
5601,0.4357634112792297,11
5602,30.337078651685395,3
5603,0.9107007336200355,1
5604,0.931098696461825,5
5605,24.324324324324323,1
5606,211.76470588235293,1
5607,8.539137714524907,17
5608,1.691252466409847,10
5609,0.9031994693065265,59
5610,0.695362762432581,13
5611,0.09579691054963477,2
5612,0.07446632467317557,1
5613,1.2260188443637188,6
5614,0.6901225101200136,43
5615,18.848167539267013,1
5616,0.8556488670575186,9
5617,20.809248554913296,2
5618,1.1060927274403172,10
5619,1.1135742640614528,6
5620,0.6771827049686937,7
5621,19.08127208480565,6
5622,1.0214655810510733,69
5623,0.38332156814802837,27
5624,0.9360540358466147,44
5625,1.5877099489139623,24
5626,0.4470026873375846,14
5627,83.98727465535525,44
5628,0.6253877652314183,7
5629,0.338759762868166,3
5630,5.104934770277936,10
5631,1.6173475500179706,30
5632,2.41343478698086,60
5633,1.81485915936732,8
5634,3.725551071095933,20
5635,1.6033254156769596,18
5636,0.5336021106927934,10
5637,0.2057377986055549,2
5638,0.1313820663479435,4
5639,0.2231866088034718,3
5640,0.2103716565933149,7
5641,0.7215743440233237,11
5642,0.24151024405951887,5
5643,60.52173913043478,29
5644,7.934508816120907,7
5645,0.19038553069966682,1
5646,1.3669218714403075,55
5647,9.201277955271566,4
5648,72.72727272727273,26
5649,19.736842105263158,10
5650,28.31672784478238,15
5651,0.8112066699215082,6
5652,0.6188757091284167,4
5653,5.426794799321651,8
5654,0.12271193373555579,4
5655,3.1526890583144445,34
5656,0.5761982121849917,20
5657,0.7450424573858291,33
5658,0.296082599453386,13
5659,0.24122219244170465,1
5660,0.17913121361397225,1
5661,0.9533898305084745,1
5662,0.06295357174084112,1
5663,40.39270687237026,8
5664,0.9826221453916842,18
5665,1.0455997676444961,3
5666,0.10117475127873644,1
5667,0.23749835070589786,1
5668,240.0,4
5669,2.9510615624231495,20
5670,0.5248663534748097,9
5671,3.9215686274509802,2
5672,0.8627251966505963,17
5673,3.7432649588808014,11
5674,0.3976911817503936,4
5675,0.07203025270613657,1
5676,0.27586206896551724,2
5677,11.186136838960264,364
5678,0.6710992356925372,6
5679,2.296738631143776,25
5680,4.764267990074441,80
5681,16.73445671121441,16
5682,7.148175725986597,8
5683,7.990599294947121,34
5684,1.5300430324602878,16
5685,0.31673876383899113,6
5686,0.2480278342347308,4
5687,0.3045749698597686,4
5688,8.120035304501323,23
5689,0.052620424032916994,2
5690,0.8177636435913453,4
5691,0.6508327495423832,8
5692,15.7319737800437,6
5693,0.10649627263045792,1
5694,0.5193456245131135,5
5695,0.45509133430250925,2
5696,2.188413892813722,37
5697,48.049281314168375,13
5698,3.449377195784095,12
5699,1.8091361374943464,20
5700,0.742038544779965,12
5701,29.255079006772007,18
5702,1.8626309662398137,16
5703,0.11487375852578677,4
5704,39.735099337748345,5
5705,3.3707865168539324,2
5706,0.8402870980918481,4
5707,0.11834708570301457,1
5708,0.5569737758180552,6
5709,0.43305665824612055,2
5710,0.9106751363201979,9
5711,1.8844502938845102,35
5712,1.694178974804518,13
5713,0.5378328499868178,17
5714,0.39898038346447967,1
5715,0.7377205565409103,29
5716,0.9004502251125563,2
5717,3.81727294367142,49
5718,10.65989847715736,7
5719,0.9409304756926293,3
5720,0.861427204083803,9
5721,1.4572424689552512,31
5722,1.707455890722823,5
5723,0.6865373613183312,17
5724,5.278592375366569,1
5725,2.0089285714285716,13
5726,0.09351499486966347,2
5727,0.42753552317214594,17
5728,1.6557504109565706,54
5729,5.992232291474015,18
5730,2.266467301487369,8
5731,3.2884220141584835,4
5732,0.525470734199387,1
5733,0.8379156847342236,8
5734,0.2954452195322117,1
5735,0.22743066523469582,1
5736,0.2096720961385389,3
5737,0.6292841892347455,14
5738,1.5534539177963969,24
5739,0.3431185665268776,1
5740,1.146015361482505,47
5741,45.22613065326633,5
5742,0.22180736030757287,10
5743,1.4339772953594903,8
5744,49.165402124430955,9
5745,0.795833577154895,34
5746,0.8416777443036453,35
5747,0.37530373138517553,13
5748,0.20709888971984122,1
5749,0.36293066512085087,24
5750,1.3927396995293055,12
5751,0.097815454841865,3
5752,0.20507311833207198,14
5753,200.0,1
5754,3.2382042685419905,11
5755,1.1860311882275423,15
5756,0.340938441670254,11
5757,0.257124491107778,3
5758,49.18032786885246,5
5759,0.08659674781102665,1
5760,0.43633719168535245,6
5761,0.582024400253703,13
5762,0.8807813509228631,25
5763,0.29908405508131347,12
5764,0.6269124561534443,14
5765,4.750437106192062,40
5766,0.3813889878745269,22
5767,0.43415742845215455,13
5768,13.623462630085147,4
5769,0.9114308620616904,6
5770,0.6896551724137931,2
5771,0.8227631127871101,2
5772,0.7585601404741,6
5773,0.269733638032443,2
5774,0.5176876617773943,2
5775,0.937988535695675,2
5776,3.125527553358254,36
5777,0.019064262451346414,1
5778,2.5285679552637976,26
5779,0.19205505578265772,8
5780,0.687607438662291,11
5781,91.04320337197049,24
5782,1.5513420339817778,21
5783,1.1503435053522928,2
5784,1.1767109295199183,16
5785,0.44974139869574997,5
5786,0.9056912718480963,59
5787,3.016954251455831,39
5788,0.29968533040307677,5
5789,0.348629691628737,7
5790,0.7168547995669002,32
5791,0.43704642943858424,9
5792,5.202312138728324,2
5793,1.8499783205665559,64
5794,5.090301433254066,44
5795,3.5337056904274733,71
5796,1.4258555133079847,5
5797,1.552058633326148,10
5798,0.633892097478518,5
5799,1.1787819253438114,1
5800,27.63915547024952,4
5801,0.3187533203470869,4
5802,0.19272980352267252,1
5803,2.3091725465041697,3
5804,0.5647157248928085,9
5805,0.19438707325962823,4
5806,5.8923585480920435,102
5807,18.532818532818535,4
5808,1.1480873184188287,20
5809,0.4260955333239397,21
5810,1.410141393209588,31
5811,3.1278748850046,17
5812,3.1734038534189644,14
5813,2.8182402773506308,28
5814,35.71428571428571,5
5815,0.7165706973768393,14
5816,1.2819599743608006,15
5817,0.9815058844912983,12
5818,1.6287750254496096,4
5819,1.5707567751005962,9
5820,1.693517962189277,101
5821,0.7300454250486696,10
5822,0.057092561315031994,2
5823,0.0874493927125506,3
5824,15.409309791332264,8
5825,3.8018774703557314,171
5826,3.257297966569837,76
5827,1.1324315822585718,2
5828,0.621538018847565,12
5829,3.9470798918207737,15
5830,1.39122527847238,17
5831,0.9574468085106382,1
5832,1.4223314822537807,18
5833,0.7042529050432333,5
5834,25.0,13
5835,13.533834586466165,5
5836,2.4226110363391653,1
5837,1.5821085013916694,9
5838,7.943262411347518,14
5839,12.345679012345679,5
5840,0.4778972520908005,3
5841,1.5403857547231914,13
5842,1.6386726751331422,20
5843,2.219026094103144,6
5844,30.66439522998296,5
5845,0.28193004610730965,8
5846,0.02447597614952102,1
5847,2.768749844940085,31
5848,0.10145303288205522,5
5849,1.1035168385733813,37
5850,0.358399150461273,12
5851,25.568181818181817,5
5852,0.14184397163120568,2
5853,0.5989352262644189,3
5854,0.6464867039234561,25
5855,0.3570897187918465,2
5856,0.5022421524663677,21
5857,61.714285714285715,3
5858,10.516066212268743,9
5859,0.8393704721458906,14
5860,0.567787521292032,10
5861,0.2313438830428147,4
5862,0.6585961304323141,29
5863,98.59363434492968,37
5864,3.8067349926793557,13
5865,3.2647708742245745,213
5866,1.7027985810011823,78
5867,0.43099025141097996,7
5868,0.9887393573194178,1
5869,1.523018345448252,11
5870,0.23393332900123462,2
5871,2.687989998176751,86
5872,0.41192961234481124,14
5873,2.5260625501202885,7
5874,0.9906439185470557,1
5875,0.2512212142358688,1
5876,34.95145631067961,1
5877,0.43186180422264875,1
5878,24.0,1
5879,3600.0,1
5880,0.1472211998527788,1
5881,4.8582995951417,1
5882,0.2419517440688218,1
5883,0.10375237765865468,1
5884,3.498542274052478,1
5885,0.3447945599080548,1
5886,1.0988531810055377,7
5887,0.19886206706070816,3
5888,15.254237288135592,1
5889,1.3897720047234081,17
5890,0.3988162121955465,14
5891,1.9441244239631337,15
5892,0.20483641536273114,2
5893,0.3204129767255574,8
5894,0.792302868983502,53
5895,0.7562495623555773,3
5896,0.15135589657347068,1
5897,0.17892347707957124,3
5898,0.0654034118779863,1
5899,0.5137252867002231,11
5900,1.2295333920777065,50
5901,8.331190537413217,9
5902,0.5982989539544433,17
5903,0.0907235200725788,1
5904,6.47191011235955,4
5905,8.957189901207464,34
5906,1.3074991709697286,23
5907,0.992477649560868,7
5908,0.7128107939920233,7
5909,6.654902949331989,22
5910,0.5346534653465347,3
5911,4.321728691476591,4
5912,2.3549934583515046,6
5913,0.5445359847529925,15
5914,2.500434103142907,48
5915,0.46352926028455543,4
5916,1.2732658384543967,16
5917,33.64485981308411,3
5918,3.881169142309535,72
5919,1.6822429906542056,1
5920,2.9513034923757995,5
5921,69.23076923076924,1
5922,4.142692750287687,1
5923,0.1240122083129517,5
5924,1.871296392556399,5
5925,11.612903225806452,1
5926,1.2834224598930482,1
5927,0.5017401623089605,35
5928,1.7292758212725834,54
5929,0.6676764242218169,12
5930,1.1397072516667288,17
5931,2.0939363094372547,4
5932,1.773180642777983,8
5933,0.7385978949959993,10
5934,0.10484317208841774,1
5935,0.21777266952997398,2
5936,4.595353586928772,5
5937,0.8470145351877026,9
5938,0.7663650878126663,8
5939,1.4252909969118694,5
5940,0.8084982145664429,10
5941,0.1282827922887788,2
5942,0.09751604951648292,1
5943,0.7705098865638222,13
5944,0.42259721203228173,12
5945,9.549071618037134,5
5946,19.241047568145376,10
5947,0.6443941544244562,14
5948,1.3939980638915779,2
5949,6.0066740823136815,6
5950,8.090723566944796,87
5951,0.9951262093547684,19
5952,2.272727272727273,1
5953,0.5403782647853498,7
5954,0.7537057197889624,5
5955,107.83410138248848,65
5956,0.7344461052289731,49
5957,0.770473734336376,20
5958,0.8661213310138062,13
5959,29.87551867219917,4
5960,0.2942799337870149,4
5961,0.3968253968253968,2
5962,0.273168757588021,6
5963,11.772400261608894,5
5964,0.5295675198587819,8
5965,1.2293682413204325,6
5966,0.33268644302744665,1
5967,0.35552044242543945,2
5968,4.9655172413793105,1
5969,0.39827414537006306,4
5970,0.5098187311178248,3
5971,0.526874245362409,4
5972,0.3388235294117647,2
5973,0.8062709966405375,1
5974,1.2682754976219834,4
5975,0.2871758054383918,8
5976,0.1746567509685826,7
5977,10.724925521350547,3
5978,0.7775109283480485,25
5979,0.5983545250560958,12
5980,1.025397578922383,6
5981,0.596535505334404,13
5982,0.19520659364494092,2
5983,9.379885356956748,5
5984,1.382621219395103,4
5985,0.3552047360631475,1
5986,33.80281690140845,2
5987,12.743362831858407,6
5988,2.3145171660023145,10
5989,8.372093023255815,17
5990,2.0926582572807066,10
5991,0.485764404263932,2
5992,0.24046757584191483,6
5993,0.4902494825144352,5
5994,2.728237255595413,15
5995,0.47705287336013075,3
5996,0.5485296358372695,1
5997,0.7817589576547231,1
5998,0.6860801951516999,5
5999,1.5325670498084292,1
6000,0.5299313052011776,3
6001,0.48793711032800213,1
6002,0.11377283357562731,1
6003,0.15489867045307862,1
6004,0.37488284910965325,1
6005,0.336322869955157,1
6006,0.2242292120834631,1
6007,138.46153846153848,1
6008,6.2645011600928076,3
6009,0.27565084226646247,1
6010,1.1439466158245948,1
6011,2.843601895734597,1
6012,1.569995638901003,16
6013,8.126410835214447,1
6014,0.1573701696100717,3
6015,0.79628400796284,1
6016,0.47410306097492144,21
6017,12.413793103448276,5
6018,2.936288088642659,53
6019,1.2930105595862367,5
6020,0.16623568526043592,2
6021,0.305179575574331,9
6022,2.4927295388450355,5
6023,0.8367228355607205,2
6024,8.385093167701864,36
6025,17.079599367422247,18
6026,1.9365250134480902,13
6027,0.5229517722254503,1
6028,0.7635814089137524,16
6029,4.967515667222446,24
6030,0.13130419717513608,8
6031,44.25440940673437,23
6032,0.8488452822279569,36
6033,0.6859756097560975,4
6034,0.7572411181927179,10
6035,4.193730584580627,33
6036,0.2608695652173913,2
6037,26.014452473596442,13
6038,0.1271026864172734,9
6039,1.2356733524355301,23
6040,0.29890401859847227,2
6041,0.2520949557666721,3
6042,0.7014080116381773,15
6043,0.19422713784731588,4
6044,2.2960810715045,27
6045,0.8371119637251483,30
6046,3.406451612903226,11
6047,0.4318359023571043,2
6048,2.225263808556669,14
6049,0.6335368412502878,13
6050,0.42189148013594285,6
6051,3.2252809903893143,11
6052,0.38581073839888547,6
6053,0.5711641435843194,12
6054,1.1950207468879668,6
6055,1.9327129563350036,12
6056,20.01967163501551,294
6057,13.084300858152448,72
6058,30.669371196754565,21
6059,13.009007065422576,134
6060,7.112462006079028,13
6061,200.0,2
6062,1.6511631240235636,32
6063,0.22214451734989818,3
6064,2.1664994984954866,3
6065,3.8876889848812093,1
6066,0.638109305760709,6
6067,0.3713985594237695,11
6068,0.2680965147453083,6
6069,1.3851848903395294,29
6070,3.300872644492222,29
6071,0.8200922603792926,8
6072,23.113964686998393,12
6073,0.11128112393935179,2
6074,2.8414977060825812,32
6075,2.0787527483509893,26
6076,0.7950705625124229,10
6077,0.4328223624887286,2
6078,0.43106545010417413,5
6079,2.0089285714285716,4
6080,0.5590279125742459,4
6081,0.5778954972309174,6
6082,0.1485945432781607,1
6083,0.0865571878531413,1
6084,0.23889577066006015,6
6085,0.12495082953467386,3
6086,0.055655185208088556,1
6087,6.0357675111773474,9
6088,0.8205502245116587,20
6089,2.8633623576691227,19
6090,5.982736382577637,67
6091,2.209470034062663,20
6092,2.6187980059479234,34
6093,6.0606060606060606,5
6094,0.2190647153679983,2
6095,0.2551472412204543,2
6096,0.48842131377580683,35
6097,49.48453608247423,24
6098,1.279527559055118,39
6099,0.13985198997727405,2
6100,0.9142160597287826,5
6101,1.051094890510949,2
6102,0.6320668586277126,5
6103,167.44186046511626,2
6104,0.8790672120139186,4
6105,1.2490169773789148,15
6106,0.7720972628079675,8
6107,8.830531707669,34
6108,1.0939963153596324,48
6109,2.883845126835781,6
6110,0.471718715876829,12
6111,0.18661552019076252,4
6112,0.47548186564995726,15
6113,0.1273479783508437,3
6114,0.43113772455089816,1
6115,4.699738903394255,1
6116,25.087108013937282,2
6117,1.513598040878949,57
6118,0.5760576057605761,8
6119,0.18018198380364167,5
6120,1.0294538175579069,1
6121,2.554874030516551,14
6122,0.09808662956630725,4
6123,5.6722689075630255,12
6124,0.193631669535284,2
6125,0.9966087618520313,12
6126,0.32732926596412104,10
6127,6.799230275817832,53
6128,0.5375942656611663,14
6129,1.5687960027937464,73
6130,1.827565783907268,6
6131,0.2413798883618016,4
6132,8.732565191024865,32
6133,1.5308094734943174,33
6134,0.5622949966158172,3
6135,0.39407539639101036,13
6136,0.5673836623656061,23
6137,2.4228618761648373,13
6138,5.928975810602162,16
6139,3.877430125477947,40
6140,1.3932378707384865,11
6141,0.23854882796322371,4
6142,0.14457250712822778,2
6143,3.032178845783059,83
6144,0.5122367672168469,1
6145,1.2994271342741373,31
6146,10.81081081081081,1
6147,0.5600497822028625,1
6148,2.268431001890359,2
6149,2.8268551236749118,2
6150,0.6911115377231715,2
6151,11.594202898550726,2
6152,13.432835820895523,1
6153,0.06528559425003173,3
6154,1.596186886881339,8
6155,0.6755293811977655,13
6156,0.2379567447517318,5
6157,0.7952505867734364,8
6158,0.7313357034027426,8
6159,12.142857142857144,17
6160,0.8389652761594034,13
6161,0.5577417655625445,5
6162,0.09981423461890371,1
6163,0.5635873560401862,23
6164,0.717953831579997,4
6165,0.5134422020965557,2
6166,0.46555536875864834,10
6167,0.9987792697813783,10
6168,0.9249346978974864,6
6169,14.944649446494465,9
6170,3.866998681704995,22
6171,0.18854925849378149,13
6172,2.0064093632436952,16
6173,0.23715294844963794,13
6174,14.412655014158773,41
6175,0.4008972462177254,7
6176,0.07965482907401261,2
6177,0.9258068664009259,6
6178,41.14285714285714,2
6179,1.8697136073601426,14
6180,9.753315271638385,19
6181,0.9664783335570551,22
6182,8.411214953271028,1
6183,0.30094043887147337,2
6184,3.6072144288577155,2
6185,4.063205417607223,2
6186,1.7991004497751126,2
6187,1.1768551814318404,5
6188,2.355204925918799,17
6189,23.762376237623762,8
6190,1.778265642151482,9
6191,1.2554489973844813,8
6192,0.7283026502124217,4
6193,0.4572009144018288,1
6194,0.44730992779534196,9
6195,0.0601342999365249,1
6196,10.794602698650674,2
6197,0.9385265133740028,5
6198,0.47512207997888345,1
6199,3.56839422259983,7
6200,0.4945054945054945,4
6201,0.8730447435431066,4
6202,0.6565549104836014,6
6203,1.3076907553528545,18
6204,0.2599700312325107,4
6205,0.28758013300581153,4
6206,0.34902563676403375,7
6207,0.1743151472599838,4
6208,0.02297779451468983,1
6209,88.08208366219417,31
6210,4.8121414029243015,195
6211,1.8462721969357012,8
6212,0.12623882808287928,8
6213,0.438160892679792,25
6214,2.2549210880302297,61
6215,0.452756153081886,10
6216,1.3065964975954996,24
6217,1.4804762198507186,20
6218,0.14823355019352713,2
6219,0.7240547063555913,1
6220,0.7649692646277606,14
6221,0.042729970326409496,1
6222,3.9272727272727277,6
6223,0.5842575060860157,9
6224,0.11462777813156723,2
6225,0.6718635600155046,13
6226,8.31889081455806,4
6227,2.571275519314326,12
6228,1.254442818314865,25
6229,1.4657980456026058,10
6230,0.6984188573091473,8
6231,1.804209822920147,3
6232,0.35511713933415534,2
6233,0.09575079260378322,5
6234,1.40452839326795,29
6235,1.1572585830011572,5
6236,1.17595818815331,24
6237,0.06302631348588035,1
6238,0.770053475935829,11
6239,1.5815959741193386,11
6240,2.638640429338104,59
6241,0.6048915563859746,25
6242,52.44536940686785,28
6243,4.541358803387998,7
6244,0.8478318466837411,16
6245,0.20821283979178715,2
6246,0.3329941726019795,5
6247,7.578947368421052,1
6248,2.2645393721049922,11
6249,0.8188924273129575,11
6250,0.6399431161674518,2
6251,1.9031885015694696,16
6252,0.5400216008640346,10
6253,2.147330748583358,16
6254,0.3454364013203347,5
6255,0.5935621337797732,13
6256,124.13793103448275,5
6257,2.4996383625054244,24
6258,0.801119023397762,7
6259,0.34695451040863534,1
6260,22.858830478440638,43
6261,30.411826821541712,8
6262,4.0365706399862,13
6263,1.5641972626547904,6
6264,29.36777702243372,12
6265,5.433962264150943,6
6266,5.2805280528052805,4
6267,6.405693950177936,1
6268,3.780519821475453,4
6269,9.03387703889586,6
6270,1.464307504575961,4
6271,3.9107055564608113,20
6272,2.25,2
6273,0.8545317877912727,6
6274,3.927884865173793,63
6275,52.04819277108433,6
6276,225.0,1
6277,74.58563535911603,30
6278,1.536754033979339,20
6279,24.283305227655987,4
6280,1.8697766655649464,11
6281,1.2414404650475392,7
6282,0.04171929865223488,1
6283,32.114183764495984,10
6284,6.031418273540521,271
6285,3.002796722437564,17
6286,1.622298255862472,27
6287,0.5005518236250033,16
6288,0.32210441551469604,2
6289,2.4275118004045853,10
6290,1.3172338090010978,1
6291,0.8022060666833792,8
6292,1.6578402026249135,2
6293,5.595492519914513,8
6294,0.16470444702006953,3
6295,2.4941543257989087,16
6296,0.4021672345416969,6
6297,0.09258544865365327,2
6298,0.2239328201539538,4
6299,2.890721950507336,11
6300,0.8063913984917495,3
6301,1.0273134936812067,7
6302,0.9865716634694438,2
6303,1.857323765301815,11
6304,0.47343503419253025,3
6305,0.8995502248875562,12
6306,0.7967941848003355,19
6307,2.2392701637984658,3
6308,2.2279525528623,6
6309,3.023798413439104,18
6310,0.7486141725733909,35
6311,0.8448415922014623,13
6312,0.7535716154691506,4
6313,0.08811435284903074,2
6314,1.0148849797023003,20
6315,0.508941825121934,6
6316,0.7022848642980809,8
6317,51.92307692307692,51
6318,15.086016762240847,19
6319,4.213948951390018,36
6320,3.476428759547011,11
6321,5.384615384615384,28
6322,0.8706075326477825,23
6323,0.3125930336409646,7
6324,0.819960658453256,11
6325,1.9969491055332131,8
6326,26.785714285714285,5
6327,0.6194804476483712,28
6328,2.1872410936205466,44
6329,1.1610614395011736,18
6330,2.1298414451368624,60
6331,2.592,36
6332,1.0425716768027802,5
6333,0.7413203739549442,5
6334,0.1808136614766449,1
6335,2.227392545711174,96
6336,0.661052962933816,14
6337,0.14610389610389612,1
6338,0.3235140818490627,5
6339,41.01876675603217,17
6340,12.743362831858407,4
6341,0.867346380033511,22
6342,0.8058378475175718,15
6343,0.32929339126457813,14
6344,2.303557716918352,5
6345,1.0983730349419922,40
6346,11.153184165232357,9
6347,0.47606453319227715,2
6348,0.507912620217744,6
6349,6.951764090598221,48
6350,0.37759597230962866,2
6351,0.6098889130908299,7
6352,0.49498143819606766,6
6353,0.3258124949091798,20
6354,0.2488442162017102,17
6355,1.2035437677606284,12
6356,4.898625663355559,10
6357,26.387434554973822,14
6358,6.952491309385864,10
6359,17.97069994574064,46
6360,3.2785057150822414,49
6361,0.422237860661506,1
6362,2.44258872651357,26
6363,0.12616773299169395,9
6364,69.08713692946058,37
6365,59.39329430548164,31
6366,1.7627472742704184,15
6367,0.3858750669921991,9
6368,0.5782110791667335,20
6369,2.694483131057613,79
6370,1.773283641737223,53
6371,31.64835164835165,4
6372,0.5833198305594778,42
6373,0.5391239236241109,2
6374,0.909234411996843,8
6375,1.9453751022865877,35
6376,1.9951523406983034,83
6377,0.5171299288946348,6
6378,13.584905660377357,1
6379,0.8417114800093523,2
6380,0.7938974148214233,22
6381,0.28363636363636363,13
6382,1.314163765023026,26
6383,0.5103246231630676,3
6384,0.28125,6
6385,0.37121821444038855,5
6386,0.9378663540445487,6
6387,0.21212031935892525,2
6388,1.0907162875249325,12
6389,0.40793201133144474,1
6390,3.288807683760895,74
6391,0.9181799632728014,20
6392,1.1887114564525534,47
6393,2.8343268473737484,7
6394,1.0763940798325609,10
6395,1.790450928381963,6
6396,1.3636363636363638,2
6397,0.4054967334985357,2
6398,0.2346193952033368,2
6399,3.7195205951232952,75
6400,3.4674773500285947,64
6401,3.7881445106980007,6
6402,0.10751211004461754,5
6403,8.086253369272237,5
6404,0.7699162359650686,30
6405,37.95180722891566,7
6406,50.70422535211268,2
6407,7.372013651877133,9
6408,1.1976047904191618,1
6409,4.201925882696235,4
6410,0.633245382585752,1
6411,2.985074626865672,3
6412,720.0,1
6413,4.02222153254089,36
6414,0.2960964616472833,5
6415,0.11501597444089456,1
6416,0.4305447587155415,2
6417,48.32214765100671,2
6418,5.752636625119846,30
6419,2.226021169024843,17
6420,4.8121194118520725,9
6421,0.498589062202448,8
6422,0.46352926028455543,2
6423,0.05355867650559391,1
6424,2.0851433536055604,4
6425,0.8769842618715796,43
6426,0.12872774082814847,2
6427,0.37696664019755843,24
6428,1.0594155557517435,10
6429,0.15922862576849925,1
6430,0.6030150753768844,1
6431,0.3433148960518787,1
6432,0.3484657825960701,2
6433,0.31558953879121415,9
6434,1.5416011508480814,64
6435,1.6459232918465836,9
6436,1.5168139883956708,48
6437,1.8009004502251127,12
6438,0.6212787988609888,2
6439,1.2314831340353383,23
6440,2.3684210526315788,1
6441,0.9164969450101833,10
6442,1.1177454024361118,13
6443,0.5720836785888603,14
6444,3.701288931240283,41
6445,18.170347003154575,8
6446,0.6873414614188692,28
6447,1.39547996053188,33
6448,1.2260387272550355,7
6449,4.533159220221994,27
6450,0.2257761053621825,1
6451,1.9176987614862164,4
6452,2.814384632566451,14
6453,1.1908699966920278,2
6454,3.726708074534162,1
6455,1.4246141669964383,10
6456,0.44921387571749444,1
6457,0.34517474471451176,2
6458,1.7096046539237804,4
6459,1.496881496881497,4
6460,3.215625558268326,15
6461,0.11061437065032032,2
6462,1.2341508009062363,69
6463,0.3977197401564364,5
6464,400.0,1
6465,1.142164087694427,79
6466,0.6561068563166484,45
6467,25.740551583248212,7
6468,18.75,1
6469,0.9069152286182138,18
6470,1.8759770713913497,17
6471,0.7343641630288441,10
6472,0.4322247568735742,4
6473,0.4441264279898344,5
6474,0.27985981096506285,12
6475,3.1646033257636805,12
6476,0.4211685362328814,17
6477,68.73508353221956,48
6478,0.6770777824448777,30
6479,34.046052631578945,46
6480,14.723502304147466,71
6481,1.9583177506544722,16
6482,0.49467000303744735,19
6483,0.09524187467756656,2
6484,7.5673893331135105,51
6485,0.8246950346486456,12
6486,1.0306523647745924,15
6487,1.5013852065894129,42
6488,0.7653394967511229,39
6489,1.034502576677714,15
6490,9.336609336609335,38
6491,0.4828179957861583,31
6492,0.3128757043324594,6
6493,25.44412607449857,37
6494,0.8848051727071635,13
6495,9.06515580736544,16
6496,4.272021907804655,26
6497,0.9769441187964049,25
6498,0.031123560535325237,1
6499,2.855194868441192,57
6500,3.1452820768846728,42
6501,0.465778237805667,4
6502,1.4319176205418305,9
6503,0.5552556489550398,2
6504,0.789646852379908,2
6505,1.0398313162531412,10
6506,2.2181146025878005,2
6507,3.644410961484132,43
6508,0.46251544777123843,21
6509,0.6387603318005056,12
6510,100.62111801242237,9
6511,0.616375029962675,5
6512,0.41436464088397784,2
6513,0.18551728402696183,5
6514,0.8089887640449438,2
6515,0.4308384595131526,5
6516,0.28286073473948875,9
6517,31.788079470198678,16
6518,0.5886681383370125,2
6519,0.7445515886352473,8
6520,0.3868679813013809,10
6521,0.2938535629744511,1
6522,0.6205343490227696,31
6523,0.23896448722203786,2
6524,0.463082068433239,6
6525,0.18148820326678766,4
6526,10.650887573964496,6
6527,1.756440281030445,5
6528,50.847457627118644,5
6529,0.4033839430780436,2
6530,1.6177292605135962,41
6531,1.095807016208812,16
6532,0.2194787379972565,2
6533,0.2879032645031269,20
6534,30.666943694161645,41
6535,3.3337273909445564,47
6536,0.7623350038822616,3
6537,1.512679816105591,17
6538,3.218596334376397,2
6539,3.412630343520065,21
6540,12.429378531073446,22
6541,1.23750773442334,55
6542,1.4508085235000754,8
6543,0.8527662262462494,9
6544,0.07804878048780488,1
6545,1.8353301045118533,6
6546,0.05648742370275063,1
6547,0.8895752895752896,8
6548,42.05607476635514,5
6549,0.4632451542118737,19
6550,1.266713581984518,22
6551,1.2822971751102832,13
6552,4.564666103127641,3
6553,5.370592730051305,41
6554,0.7737498208912452,6
6555,8.817354793561933,14
6556,3.1126722507430427,16
6557,1.3570274636510502,21
6558,1.511733513022588,43
6559,0.6745222134321522,9
6560,2.3654059381544905,16
6561,0.3746682624759327,2
6562,2.1321961620469083,5
6563,1.1156826075340636,29
6564,0.2257761053621825,4
6565,0.2549755648417027,1
6566,1.0719847411180994,74
6567,1.5908466600580444,37
6568,0.15524825345714863,3
6569,1.1164364251480123,11
6570,22.30252968508002,12
6571,0.5482372649052006,4
6572,0.20910780669144982,1
6573,0.6785411365564038,2
6574,0.07237053715020907,1
6575,0.297498123420402,12
6576,1.7626753494748697,20
6577,0.6129354927958797,8
6578,0.29289907498967344,13
6579,3.253115190716256,57
6580,3.6395147313691507,14
6581,0.721298337006612,4
6582,126.50073206442168,24
6583,1.9746271033494347,31
6584,0.2600733262294786,4
6585,0.22419818011971077,9
6586,1.8620047584566048,35
6587,1.0635155096011817,22
6588,7.737775389575497,4
6589,12.371134020618557,2
6590,0.2342987308818744,2
6591,0.22600998210754308,2
6592,0.13681970203709334,1
6593,0.12581034091107654,2
6594,2.6203698711381898,54
6595,0.18742776221664567,5
6596,1.6670525584626072,10
6597,0.2841880904139147,3
6598,27.272727272727273,10
6599,2.7643979057591626,44
6600,0.9385410128904552,27
6601,0.8530300337657721,4
6602,2.9312231240935342,32
6603,13.080504144430567,32
6604,0.1795197845762585,8
6605,0.8601251362611435,16
6606,30.689399555226093,23
6607,1.9053278612416202,114
6608,59.01639344262295,7
6609,46.15384615384615,1
6610,1.4331210191082802,1
6611,2.0642201834862384,1
6612,3.279435208380779,8
6613,0.4664118675908532,2
6614,27.118644067796613,4
6615,0.11248857537906305,4
6616,6.826801517067003,3
6617,0.9015777610818934,8
6618,2.3391812865497075,1
6619,0.5224027110310624,17
6620,0.5836575875486382,1
6621,25.471698113207548,6
6622,0.8756110293768686,41
6623,0.30005000833472245,3
6624,0.1555908996611576,5
6625,0.039406278733744915,1
6626,0.36993269280172636,4
6627,0.8911521323997453,7
6628,2.231174465447784,14
6629,0.906801007556675,5
6630,0.4163468716158675,22
6631,2.020428779885509,5
6632,0.20649305953883215,1
6633,0.3758221108675227,1
6634,5.678233438485805,1
6635,0.2607561929595828,1
6636,0.8216551787100014,5
6637,0.04663756137373528,1
6638,0.10526623585484955,1
6639,0.43051071068985874,31
6640,0.17252947378510497,3
6641,6.952789699570816,27
6642,0.7697476938114729,7
6643,1.9759862778730706,8
6644,0.2486230770558884,8
6645,12.61328599458096,75
6646,1.8477433027583696,31
6647,0.6667181109653523,12
6648,32.09509658246657,6
6649,0.9114308620616904,6
6650,12.265758091993185,2
6651,2.8546959748786755,25
6652,1.6183412002697235,2
6653,9.775967413441954,8
6654,0.8279668813247469,1
6655,3.5258048032703115,23
6656,0.22637712752578185,3
6657,0.22685999415663652,11
6658,9.974062721056354,47
6659,2.726072026063221,43
6660,1.6947490241462506,72
6661,1.1160588467391919,33
6662,0.520284917931248,7
6663,2.94147686651006,8
6664,0.1493202816346423,4
6665,2.3115448824964684,10
6666,0.3155157806581036,9
6667,0.22235261418733207,4
6668,2.1294215071572227,5
6669,0.2530851512562325,13
6670,3.5529237601776464,12
6671,2.205351477891789,28
6672,0.37712569692596,9
6673,71.585557299843,38
6674,2.497416974169742,47
6675,3.2740403905309616,68
6676,1.5277433956926123,12
6677,94.1326530612245,41
6678,2.904812722871496,31
6679,1.1004967520061137,8
6680,5.312152733499717,81
6681,0.29896607565502636,2
6682,0.6639310249435197,4
6683,0.452147701582517,4
6684,0.17281382510600848,3
6685,0.1023735497080458,3
6686,0.9335615372646647,5
6687,0.5179250627174881,16
6688,0.6710426458252893,14
6689,0.23881653141100767,3
6690,4.338971780059016,29
6691,0.15892987219389446,2
6692,0.8861538461538462,6
6693,0.27660391855551286,1
6694,0.9740552565914079,18
6695,0.540765391014975,13
6696,0.6855836983431728,19
6697,0.11687552756314525,1
6698,0.08660299742596647,1
6699,1.6908950001174232,20
6700,18.75,18
6701,115.5247181266262,37
6702,0.48041636084606665,6
6703,0.2421226081985405,2
6704,0.9554140127388535,15
6705,0.6462035541195477,7
6706,0.8304985927662734,55
6707,8.94811994288434,47
6708,3.411840619454751,47
6709,1.669224865694551,29
6710,1.3284244248945396,44
6711,1.3809637976504436,8
6712,0.2651803471898249,3
6713,0.25470496674685156,1
6714,0.14422691701610535,3
6715,0.5671077504725898,11
6716,0.7314099959366112,2
6717,2.465331278890601,12
6718,4.38489646772229,2
6719,0.19420722990359768,10
6720,19.334049409237377,10
6721,1.87463155826292,53
6722,3.691282336103219,48
6723,1.941125036432527,37
6724,0.9137055837563451,15
6725,0.14769836711249693,2
6726,23.45276872964169,6
6727,0.7825726086412352,33
6728,2.150537634408602,1
6729,1.5381826656653803,33
6730,7.619047619047619,2
6731,0.8657413769410472,14
6732,0.754784796477671,7
6733,1.8079550020088389,15
6734,1.2294032271834714,4
6735,0.31945101751064836,3
6736,0.42759153131217154,4
6737,0.6161345090092557,25
6738,0.9590717133046534,27
6739,0.4197956994262792,10
6740,1.0901803607214429,34
6741,0.10983814129456454,2
6742,0.7384731908984757,13
6743,0.5031948881789138,14
6744,0.20182388996860517,3
6745,1.0016490563732976,41
6746,0.16397176041903894,1
6747,2.79879755364362,45
6748,1.4240506329113924,5
6749,0.405295865982167,5
6750,1.0970035551041137,3
6751,0.26314827674427105,2
6752,1.0940919037199124,10
6753,51.55131264916468,6
6754,0.4499015840284938,4
6755,0.8189363664309868,37
6756,0.07562072007730118,1
6757,1.4944947117153669,44
6758,0.6356633632771977,8
6759,51.84,9
6760,0.24606131027647724,2
6761,0.18948864384030317,4
6762,0.9540846750149076,4
6763,0.23049834596094335,3
6764,1.481542450306597,20
6765,0.3888948903532462,6
6766,68.70229007633588,5
6767,0.14778729576616767,6
6768,74.48275862068965,42
6769,28.76931273308471,15
6770,55.93220338983051,33
6771,2.2149586617958086,16
6772,3.9955604883462823,1
6773,1.660455333751522,25
6774,38.84892086330935,6
6775,2.395342389797616,12
6776,0.9125218272967949,9
6777,0.35047947539342017,14
6778,0.6993111486335042,13
6779,1.1894749489366816,11
6780,1.5270243118344384,38
6781,0.9808778361240464,11
6782,0.8234954797258993,23
6783,0.6758750167627733,7
6784,15.062761506276152,1
6785,0.4278646877924856,24
6786,0.7366619540144356,33
6787,1.7534766671454176,78
6788,1.5279054962156045,12
6789,0.5587892898719441,6
6790,2.8503562945368173,2
6791,0.5732103761693094,12
6792,31.358885017421603,10
6793,1.6199569698929872,32
6794,1.323473268950695,26
6795,0.07680710038972492,3
6796,0.9888072512531758,12
6797,5.500381970970206,2
6798,6.957962311037481,28
6799,0.16091003564604264,8
6800,0.617296403138932,17
6801,0.1741275484292244,4
6802,1.1296283383306602,9
6803,0.2757352941176471,1
6804,0.5723142959341838,8
6805,0.132095549113859,1
6806,0.759592287216776,13
6807,0.1059322033898305,3
6808,30.091185410334344,11
6809,0.33923060613913164,24
6810,5.267456104532462,43
6811,1.935368257571232,9
6812,4.434862950415768,4
6813,1.3143919277748275,66
6814,1.3142968902796792,28
6815,2.0159853382884485,11
6816,6.12558855065032,73
6817,10.643015521064301,4
6818,0.25650617217976807,4
6819,2.0809248554913298,5
6820,0.21676518108924506,6
6821,2.189076981142626,87
6822,1.0660349422564406,1
6823,1.7905993533946778,2
6824,0.8449340628713089,16
6825,0.36548223350253806,2
6826,9.022556390977444,2
6827,0.6806747558449245,23
6828,0.2096191918015605,3
6829,46.58040665434381,21
6830,0.6133326843040378,14
6831,7.0198245043873895,12
6832,4.575173406421779,83
6833,0.2308062189453438,4
6834,8.144367864470984,43
6835,0.8088751579834293,8
6836,0.21403939910420547,6
6837,0.6745362563237775,2
6838,15.007546898584057,58
6839,3.630252100840336,39
6840,1.2603571011786674,3
6841,1.3584905660377358,9
6842,0.08879242304656669,1
6843,4.100400759333474,27
6844,0.9100101112234581,1
6845,34.285714285714285,1
6846,0.6503037008602977,8
6847,0.3534175972511964,4
6848,2.0044543429844097,44
6849,0.04014989293361884,1
6850,0.31209942595998436,14
6851,1.1550802139037433,6
6852,0.15814443858724303,1
6853,0.21438780371605526,1
6854,4.7713717693836974,2
6855,0.15451306923043906,5
6856,0.20377550731610675,2
6857,10.140845070422536,1
6858,3.345724907063197,1
6859,1.8983170013622184,12
6860,1.2853470437017995,10
6861,8.126410835214447,13
6862,1.44555091551558,5
6863,3.3971743377769505,71
6864,9.115432354158047,153
6865,16.802800466744458,4
6866,0.29386555650789764,2
6867,0.21328277741572368,2
6868,0.43473010505977544,3
6869,0.8424994149309619,1
6870,0.15124144015460236,1
6871,1.3135946622185155,14
6872,1.405220785557453,8
6873,0.09104013352552917,1
6874,0.5248323452230538,24
6875,0.265790542286537,4
6876,19.118428040361124,10
6877,1.0926750303520842,9
6878,0.02645016715036185,1
6879,0.23746701846965698,1
6880,0.6725619628845435,3
6881,1.8819593287678393,10
6882,2.2590991493515546,18
6883,1.5100671140939599,5
6884,0.18116625778448764,4
6885,0.31929990539262065,3
6886,10.067114093959733,5
6887,0.43838285435947394,1
6888,1.0175671664994277,20
6889,2.0665901262916186,6
6890,1.9386106623586428,1
6891,4.295942720763723,12
6892,12.080536912751677,1
6893,13.012970444397194,17
6894,4.826815642458101,6
6895,0.4747852750622331,8
6896,0.22435390390174448,13
6897,0.6907042716770135,14
6898,0.4394665364543595,8
6899,6.24187256176853,4
6900,45.87133041848845,102
6901,26.373626373626372,42
6902,8.158420115469703,42
6903,2.3032629558541267,1
6904,1.83019827147941,2
6905,3.78615249780894,6
6906,0.995850622406639,1
6907,2.591726017535289,56
6908,1.3119852280181734,60
6909,0.4376757795086684,15
6910,98.9010989010989,5
6911,0.2318064158864664,10
6912,0.7572280862781092,11
6913,1.4466546112115732,2
6914,2.2909562460976898,53
6915,2.000679242952854,18
6916,8.99325505870597,60
6917,0.25008683570684265,1
6918,0.9792168280225261,27
6919,22.493461203138622,43
6920,1.8637674728200577,14
6921,4.94930400412442,16
6922,1.3358070500927643,1
6923,1.29543001079525,3
6924,29.18918918918919,6
6925,0.28708133971291866,1
6926,7.241491790801348,37
6927,1.6424294268605646,8
6928,5.042016806722689,5
6929,0.9723947922856679,10
6930,7.210659235391448,46
6931,24.489795918367346,1
6932,1.396777846453691,86
6933,2.1427032130286205,58
6934,82.44274809160305,21
6935,3.658536585365854,1
6936,29.946524064171122,14
6937,16.822429906542055,1
6938,1.0772709136853305,9
6939,0.6068626046205845,20
6940,26.91588785046729,4
6941,0.14610982588579083,1
6942,0.137221269296741,1
6943,1.2266554169168113,21
6944,0.628027751311746,13
6945,2.7091742491619346,33
6946,0.8818666176740767,4
6947,0.3935393949331803,4
6948,0.552655818237642,1
6949,1.611459265890779,1
6950,3.460983816696042,6
6951,0.79628400796284,1
6952,2.027027027027027,2
6953,0.2720060445787684,1
6954,0.3393665158371041,1
6955,0.2237553608055193,2
6956,0.30999995899471444,21
6957,15.055762081784387,9
6958,0.8044355683421086,32
6959,1.4083588707048316,6
6960,12.080536912751677,8
6961,4.764100816072825,66
6962,2.3916292974588935,16
6963,5.637331663012841,15
6964,1.0319128606917638,6
6965,2.957121734844751,130
6966,2.303378539437203,51
6967,0.6183192224534745,17
6968,0.22099786675670283,8
6969,1.1932877563704163,24
6970,0.3734084760266572,12
6971,0.41330220810531554,6
6972,0.4179728317659352,1
6973,0.5704196658970528,7
6974,0.20398912058023572,1
6975,2.7066180111125373,82
6976,0.23840608503150365,7
6977,0.12318220701454234,1
6978,3.0664395229982966,22
6979,0.078125,1
6980,0.6790685573045401,29
6981,5.508798775822494,4
6982,1.2228260869565217,10
6983,2.7923211169284468,4
6984,0.5477207560418983,13
6985,0.3211295604857722,14
6986,5.075784279168135,4
6987,4.136528028933093,61
6988,4.050470143855984,14
6989,0.5421550663888959,6
6990,2.2225963966997813,22
6991,15.88702559576346,5
6992,0.8105319115669659,36
6993,18.227848101265824,6
6994,1.099236641221374,4
6995,1.5171202809482,12
6996,2.273672535699432,41
6997,21.14882506527415,9
6998,0.1957692098537169,1
6999,1.1785889670977248,2
7000,18.50602409638554,64
7001,0.22792503798750632,3
7002,0.2669434969598102,1
7003,1.2244897959183674,1
7004,0.07323473767723823,1
7005,0.5137719423433709,2
7006,1.288244766505636,26
7007,1.9159127195316659,4
7008,3.530041005526832,11
7009,33.77110694183865,5
7010,4.084411164057182,5
7011,2.2137498462673717,5
7012,0.49896049896049893,4
7013,0.4008685485217972,2
7014,0.3098017842287944,6
7015,0.7252215954875101,6
7016,0.5989518342899924,2
7017,25.991133628879037,57
7018,0.7978546574765629,10
7019,0.4669260700389105,1
7020,1.162509082102204,20
7021,0.4328917570194601,6
7022,0.28938906752411575,1
7023,2.7210884353741496,2
7024,2.1384021384021383,2
7025,6.983511154219204,2
7026,0.042530066394159204,1
7027,0.47071129707112974,10
7028,0.5678531994321468,3
7029,0.295328881523897,5
7030,0.27788345435598855,14
7031,0.051387461459403906,1
7032,96.248382923674,62
7033,3.7575486468351595,28
7034,7.469349261238604,99
7035,0.8423417099536712,5
7036,0.26099438862064467,10
7037,2.7416343930233205,82
7038,0.8117615225038333,10
7039,0.5368860608470869,3
7040,1.1021123820656258,11
7041,2.3111941169604298,11
7042,0.6400568939461285,2
7043,1.401197604790419,13
7044,32.64248704663213,7
7045,1.5964523281596452,6
7046,0.722497778032627,7
7047,4.460554933104857,94
7048,0.907258064516129,17
7049,2.203755104778996,73
7050,0.7607062359128475,9
7051,1.3949646670133684,38
7052,0.5848151131387108,24
7053,0.9004502251125562,13
7054,3.9654855883972826,6
7055,0.631864608156184,26
7056,1.1626677941021033,55
7057,3.4253092293054235,1
7058,1.3771996939556235,1
7059,0.784945154473181,13
7060,2.961338086098163,6
7061,1.652032918285557,30
7062,0.3392821953957007,11
7063,0.9164580593152022,6
7064,0.663559522869105,7
7065,0.7009345794392523,2
7066,0.13593968305914636,6
7067,0.6242684354272338,4
7068,0.8790428200404005,11
7069,2.3589093214965122,31
7070,0.8769182586908864,7
7071,0.6064519751803914,6
7072,0.02809207959422552,1
7073,4.250295159386068,4
7074,0.1476095454172703,6
7075,1.2236893711596286,26
7076,0.12574662055957248,1
7077,3.536345776031434,2
7078,0.39538714991762763,8
7079,2.693620067985526,116
7080,1.6196212176184601,31
7081,0.7108096493571354,17
7082,1.4263074484944531,2
7083,1.021566401816118,18
7084,0.4385964912280702,12
7085,2.897967397866774,12
7086,1.4664804469273742,7
7087,5.229634596044251,13
7088,9.72972972972973,1
7089,0.10639398282919332,2
7090,24.98422712933754,11
7091,1.988126466933591,4
7092,16.43835616438356,2
7093,2.8150658151961423,6
7094,0.38061003330337795,2
7095,0.5719278735403924,2
7096,1.0287261242292074,19
7097,2.623906705539359,28
7098,10.055865921787708,127
7099,0.9998919869767156,72
7100,0.9175188760393769,16
7101,4.069195989777866,23
7102,2.053622361665716,1
7103,0.622005160339108,15
7104,0.4699932661783501,19
7105,17.40064446831364,9
7106,3.188309531717038,56
7107,1.405732263786775,35
7108,2.874251497005988,8
7109,0.7519669505883445,18
7110,1.4176625689141527,23
7111,8.895752895752896,16
7112,1.3062773885616992,13
7113,0.5415252962511072,9
7114,0.44355004312292085,3
7115,20.025673940949936,13
7116,1.6831868337385452,10
7117,2.7201944873353265,23
7118,2.70473328324568,1
7119,0.20161290322580647,1
7120,0.49129151669197046,8
7121,1.4246141669964383,1
7122,1.7920277738777488,39
7123,1.3480621606440741,6
7124,1.2478336221837087,12
7125,2.126088882326886,4
7126,0.377576170748335,2
7127,19.529837251356238,3
7128,7.468879668049793,4
7129,0.9381514940931203,3
7130,6.241060980366663,40
7131,4.192275344504108,18
7132,5.330174711282203,5
7133,0.24434941967012827,1
7134,0.6351446718419195,1
7135,0.18565632950560407,3
7136,0.4743291317141728,3
7137,0.8084437457893555,1
7138,0.6262230919765166,4
7139,0.5752177039226651,4
7140,0.6921524017047458,18
7141,0.605890603085554,3
7142,0.0911769423643532,3
7143,3.44297253634895,74
7144,3.0176977764332173,133
7145,3.417597916892698,35
7146,1.2761432116270826,13
7147,2.1848739495798317,13
7148,1.2713547874453714,16
7149,3.304617991809067,13
7150,0.3854239663629993,11
7151,0.1061338634410957,7
7152,37.13355048859935,19
7153,9.672219236969372,5
7154,65.21739130434783,35
7155,3.7454633438180496,43
7156,0.3955905637665017,22
7157,1.1017035601346528,6
7158,0.195822454308094,2
7159,2.25,3
7160,1.4884549328923098,13
7161,8.041697691734923,18
7162,3.640566310314938,7
7163,3.7091988130563798,50
7164,1.83931536594712,8
7165,1.2079308591764109,33
7166,2.979584329593526,9
7167,0.4181427492885766,2
7168,12.99638989169675,1
7169,1.9875776397515525,4
7170,1.1650485436893205,1
7171,1.3412816691505216,3
7172,1.9018471964149088,29
7173,2.028169014084507,12
7174,12.108667529107374,13
7175,0.3870967741935484,1
7176,5.315100756663649,168
7177,0.9883774137457674,9
7178,1.0060592203041043,22
7179,0.1256866213574155,3
7180,2.0630372492836675,3
7181,0.6729188823358794,29
7182,5.8306339657565935,35
7183,2.1641118124436427,2
7184,0.27583036432593955,4
7185,2.150280731095448,5
7186,6.870229007633588,2
7187,0.7477411984629765,4
7188,1.2792267784805629,10
7189,0.09458086664097803,6
7190,21.818181818181817,3
7191,3.9150293627202206,15
7192,0.8586855172712883,11
7193,0.4487658937920718,9
7194,1.2444822634685955,26
7195,0.227718388259852,1
7196,0.8382815228780999,6
7197,1.5691158156911582,7
7198,0.16161132476394272,9
7199,0.789127575624726,2
7200,13.544018058690746,5
7201,8.977556109725686,3
7202,25.622775800711743,2
7203,6.158593854823561,51
7204,1.2929873394989675,8
7205,1.4827318456500456,61
7206,0.833687135744336,6
7207,0.5626538506622905,8
7208,0.30283147428456064,15
7209,22.881355932203387,12
7210,5.55498405513836,45
7211,0.5193199381761978,7
7212,0.9848443398807245,5
7213,0.19017432646592708,9
7214,0.675422138836773,3
7215,0.09017358414948776,1
7216,8.06572068707991,12
7217,1.5580200162293751,8
7218,1.1822660098522169,1
7219,5.835320113973368,223
7220,4.486913169921063,6
7221,0.898444157678167,41
7222,1.5951790145338531,15
7223,0.12221618685497013,6
7224,1.4798285278055083,7
7225,0.33892338612297024,23
7226,0.6968468177824985,39
7227,0.1659942363112392,2
7228,0.49409827065605266,1
7229,0.1366742596810934,1
7230,0.9678720258099206,4
7231,0.5982313161088955,23
7232,2.904631273196708,5
7233,0.2063983488132095,1
7234,0.393150445570505,5
7235,0.0658713313327966,2
7236,0.27313076135199726,4
7237,0.9279546333290373,4
7238,0.5637251412871723,11
7239,0.9903713892709767,1
7240,1.482983712529311,26
7241,2.08007318776031,24
7242,0.2919944845486252,2
7243,0.5417471345087909,12
7244,1.7516543402101985,5
7245,0.7388929236793079,13
7246,0.41133925204812666,10
7247,0.08412099402974613,2
7248,0.30264251753738663,9
7249,0.1330032881368456,4
7250,0.16921269095182137,1
7251,0.33098122141264624,8
7252,10.204081632653061,10
7253,1.8987818661308553,42
7254,0.25800903031606104,1
7255,0.14144271570014144,1
7256,0.18667842049314215,2
7257,2.7809965237543453,30
7258,2.050113895216401,1
7259,0.5028167046883002,15
7260,0.29131937620660553,7
7261,0.5918966529653552,7
7262,0.15631920381418857,5
7263,0.04094561625995916,2
7264,1.6955805008242406,6
7265,0.8672260810213996,36
7266,0.20834539035823835,1
7267,0.40923041946117994,1
7268,0.07178178337852927,1
7269,0.9807719322143564,64
7270,0.6012860841243772,6
7271,2.1004862236628847,9
7272,0.15913008884763294,1
7273,0.6830860308906682,5
7274,1.790857202701995,19
7275,2.7418822513899817,30
7276,4.773744405768275,8
7277,20.904189133139777,14
7278,0.051221490260802756,1
7279,0.6160281395569921,9
7280,0.05032079506856209,1
7281,78.35914608622855,52
7282,0.528770241985826,16
7283,0.5233466727508409,36
7284,15.015641293013555,4
7285,0.1128066931971297,1
7286,0.16815358026997992,2
7287,0.32546786004882017,7
7288,1.308562197092084,9
7289,0.3081861958266453,4
7290,0.09962088717934527,1
7291,0.8438027376711045,5
7292,200.0,1
7293,1.2867482798677508,24
7294,0.6254343293954134,3
7295,0.7096892293394539,14
7296,1.9393336648433617,26
7297,0.7076093872040636,38
7298,7.152317880794702,6
7299,0.6383355990306756,3
7300,0.7396880297245005,12
7301,3.096774193548387,2
7302,1.2881130677026094,14
7303,3.3550792171481825,1
7304,0.8658008658008658,1
7305,189.4736842105263,1
7306,38.29787234042553,1
7307,0.718040774458264,14
7308,2.3228803716608595,10
7309,0.12851910293666152,5
7310,0.5844155844155845,4
7311,1.0341855788566505,13
7312,1.6285908165573402,2
7313,2.4154126329914694,7
7314,0.10126696221617121,5
7315,1.2797724848915748,2
7316,0.110722897495202,5
7317,36.734693877551024,5
7318,6.205221979076112,115
7319,6.2170200518085,36
7320,0.44708694909728797,24
7321,1.714830104795173,6
7322,0.49972237645752354,8
7323,0.22213081036610446,3
7324,23.598553345388787,29
7325,5.042016806722689,4
7326,5.980066445182724,19
7327,2.9925187032418954,1
7328,1.9704433497536946,3
7329,1.27437098355299,26
7330,1.5045135406218657,10
7331,0.41719782130026656,2
7332,0.24873903129966146,1
7333,0.6755889179712579,19
7334,0.28948214860083626,1
7335,0.07837673081947226,1
7336,0.6125574272588055,2
7337,0.41901608814856967,9
7338,0.6533575317604357,1
7339,5.572755417956656,7
7340,1.0566480774875258,2
7341,0.7586400674346727,6
7342,0.27857739808710186,5
7343,0.5693049735115048,2
7344,0.39064619391243016,2
7345,1.1015911872705018,2
7346,0.45342905724541843,2
7347,4.286734936889736,5
7348,2.2143626018760574,8
7349,0.25766432064893235,15
7350,5.192583680037111,199
7351,3.389494549058474,19
7352,0.6278926353426313,28
7353,0.3600540081012152,2
7354,0.15223274695534506,2
7355,1.493585242867173,13
7356,1.8137095101206175,34
7357,4.0721716394385,61
7358,0.6152794394120663,21
7359,0.37037037037037035,1
7360,0.15017520440513932,3
7361,0.8317289179822873,3
7362,0.2089459835938709,3
7363,6.050420168067228,5
7364,0.49018866211779655,9
7365,0.04620656903389765,1
7366,1.6349598829287986,9
7367,0.3054730589732711,5
7368,0.29201817001946784,1
7369,0.31183230351677543,6
7370,0.25103508389627366,16
7371,0.3460041328271421,2
7372,9.8889286993909,46
7373,4.498670847249676,55
7374,4.817794459228723,87
7375,6.431960634995021,61
7376,0.21894100321895404,14
7377,6.544372830937035,11
7378,8.384233422683131,53
7379,2.284988892415106,2
7380,0.34555576886158573,1
7381,58.064516129032256,1
7382,1.1557553157335836,26
7383,0.833864149632289,8
7384,1.4446227929373998,2
7385,1.7300760913095716,6
7386,0.6095496105655266,2
7387,3.418154196733764,10
7388,1.7450315075133302,4
7389,4.652665589660743,4
7390,1.1045934482447433,17
7391,192.85714285714286,3
7392,116.12903225806451,1
7393,0.8154713027720362,16
7394,1.7224651453329967,36
7395,0.04918435937371916,1
7396,50.01877581674803,37
7397,2.4890118030520028,28
7398,2.2980782152936436,19
7399,10.460048426150122,12
7400,1.1669935329108383,80
7401,0.7463349622390049,14
7402,0.9975983742841309,3
7403,0.18460118452426735,2
7404,0.0538301658268164,1
7405,0.25263512470350463,5
7406,2.7522935779816513,3
7407,0.7346938775510203,1
7408,6.779661016949153,4
7409,3.2056990204808544,2
7410,0.9015777610818934,1
7411,0.8624820316243411,1
7412,2.8391167192429023,1
7413,1.2491325468424705,2
7414,9.523809523809524,1
7415,205.71428571428572,2
7416,0.8075551268534511,10
7417,1.1755741809078044,3
7418,0.2269689556906161,5
7419,1.5107007973143096,2
7420,1.1334298847679618,25
7421,100.93457943925233,57
7422,30.96774193548387,16
7423,62.337662337662344,8
7424,5.545906269351014,102
7425,9.616318601262748,11
7426,1.5754923413566742,1
7427,0.8473468106807542,9
7428,0.9771986970684038,1
7429,0.6405010141266058,5
7430,8.845208845208845,1
7431,0.5265528922380253,25
7432,1.854475209272376,4
7433,0.33124261988375836,6
7434,0.2900068473838966,2
7435,0.1720923562311774,1
7436,0.06107284633393275,1
7437,0.07616307360314807,1
7438,2.0368903474029647,15
7439,0.44649132235846634,15
7440,2.0993002332555815,7
7441,0.17057569296375266,8
7442,0.14522277577200024,2
7443,1.4557132643373694,69
7444,3.999007338603893,94
7445,0.5936349145275654,3
7446,2.67265088497815,44
7447,3.4654537578514186,40
7448,0.15907785345899642,7
7449,0.08331597583836702,1
7450,1.2676502693756821,20
7451,0.16277807921866522,1
7452,0.05157593123209169,1
7453,0.12306009434607233,2
7454,0.6218690620141648,3
7455,0.4510901344916882,9
7456,0.49200492004920043,1
7457,0.2808386153096051,4
7458,37.442218798150996,27
7459,23.703703703703702,8
7460,0.13386383073662292,1
7461,0.10301755590848607,2
7462,1.0072747621712368,2
7463,0.8415147265077139,9
7464,0.9952311839104291,4
7465,0.29669310806634386,4
7466,13.996889580093313,5
7467,0.473302765863038,8
7468,1.1179116288853939,31
7469,8.75912408759124,1
7470,0.3074558032282859,1
7471,0.29377363109648286,3
7472,3.262347077480743,4
7473,2.0905923344947737,1
7474,0.33236905274819967,3
7475,0.4150812867519889,1
7476,0.22853515315029363,2
7477,7.320048800325336,5
7478,0.3479942000966651,1
7479,0.888176154937396,8
7480,8.957223515901624,156
7481,0.1877053026748006,13
7482,1.2202276193828463,26
7483,34.23137876386688,18
7484,0.41062557031329205,9
7485,23.213326168726493,12
7486,10.45372050816697,8
7487,0.3053694121638816,1
7488,0.18757815756565235,2
7489,0.07344790299436219,3
7490,1.0390809905905445,5
7491,30.0,3
7492,1.1983024049263544,4
7493,2.262360883050538,31
7494,2.0996150705703953,5
7495,0.835820895522388,7
7496,8.593252705283259,30
7497,0.6198080316790772,16
7498,0.055193560751245686,1
7499,8.595304417031437,6
7500,3.071017274472169,16
7501,0.506288423675011,7
7502,1.7892644135188867,2
7503,0.20826637526515396,9
7504,0.23838533665306988,10
7505,0.35308278721412334,11
7506,0.38745506597498763,5
7507,43.37349397590362,23
7508,8.120300751879698,3
7509,1.6202676964020142,69
7510,3.332965942907528,84
7511,127.05882352941177,36
7512,0.3738350106871815,24
7513,0.6846709775580069,12
7514,5.238441695879357,22
7515,0.19768678999210623,8
7516,1.3761144174448967,65
7517,0.14914066568817766,7
7518,0.7319056654920033,15
7519,0.25558198147030636,2
7520,0.9736571644939688,5
7521,0.3121883536400295,6
7522,4.024313561098302,16
7523,3.302752293577982,3
7524,6.625766871165644,6
7525,0.3234791984904304,1
7526,0.3157894736842105,11
7527,0.0893854748603352,2
7528,6.9073783359497645,22
7529,0.41419777943968245,2
7530,0.5239793319263518,2
7531,1.6692749087115282,8
7532,0.25778732545649835,1
7533,43.269230769230774,5
7534,16.666666666666668,2
7535,2.727961606466279,3
7536,1.1025726695623121,11
7537,1.634258908980858,6
7538,0.4314929957300172,8
7539,15.597920277296362,5
7540,0.34984667213751997,9
7541,3.4668721109399074,10
7542,1.3508442776735459,2
7543,0.0999222826690352,1
7544,0.33367318565205306,6
7545,1.7533373181908747,44
7546,48.91304347826087,5
7547,0.40964175311498413,6
7548,0.5257201270490307,4
7549,0.501625638643753,3
7550,1.486579490708878,3
7551,0.18856065367693273,1
7552,0.5647058823529412,1
7553,0.35764402001813056,8
7554,0.46318309717335243,23
7555,0.9438909281594127,1
7556,0.0823440609346051,3
7557,10.685375067458176,11
7558,0.6281133046611241,20
7559,4.4665012406947895,1
7560,0.20610588689939457,4
7561,4.408163265306123,9
7562,4.390243902439025,2
7563,3.0294030294030296,17
7564,0.6712660824165579,3
7565,1.4203985006904714,2
7566,0.46606069691064445,19
7567,0.2747043113315528,1
7568,0.6384007738191199,11
7569,0.24350649350649353,2
7570,2.8257456828885403,2
7571,4.022346368715084,5
7572,1.5442690459849004,5
7573,0.48688125507167973,8
7574,0.2910031525341525,2
7575,2.449379490529066,25
7576,1.3928767792779033,19
7577,0.42139004691115695,13
7578,1.1056794041616544,12
7579,32.14285714285714,3
7580,8.0,39
7581,7.816377171215881,14
7582,1.8542045805720564,15
7583,0.4450488317468167,2
7584,1.944159421072528,10
7585,0.7320793085917642,8
7586,2.2159959246051963,29
7587,0.048915701940322846,1
7588,11.1731843575419,5
7589,2.2289296494079402,16
7590,1.17162074202647,3
7591,0.5130763201026153,8
7592,0.15070959099091558,1
7593,0.2097718730880168,8
7594,2.991275446614042,22
7595,0.5277981403603534,19
7596,3.6838066001534915,4
7597,0.5918833069178006,25
7598,0.6299947500437496,3
7599,0.2587652743391103,9
7600,9.08108108108108,35
7601,2.230137834907852,12
7602,0.573321442221939,20
7603,1.4295199781275632,61
7604,7.563648348026695,51
7605,2.319961333977767,8
7606,1.011425360554411,3
7607,0.4697767628279816,14
7608,0.16791044776119401,2
7609,1.9848380427291523,20
7610,0.6667901463233933,1
7611,10.843373493975903,1
7612,1.4981273408239701,1
7613,0.6141187095479405,17
7614,19.45945945945946,1
7615,0.9483667017913593,1
7616,0.15888427928325538,2
7617,52.63157894736842,5
7618,0.06064179230186137,1
7619,0.37902716361339234,2
7620,75.4433100483611,39
7621,1.212070199065696,40
7622,0.6322814823488087,6
7623,720.0,1
7624,0.7144072121109032,14
7625,2.4984095772367128,12
7626,0.3794666385580268,2
7627,3.0544714067537755,10
7628,3.0989956958393114,3
7629,4.212168486739469,3
7630,432.0,3
7631,8.548679983237882,17
7632,4.151650569410408,8
7633,2.8443508032657365,6
7634,3.375,6
7635,2.082976170066861,27
7636,49.411764705882355,7
7637,10.978956999085087,10
7638,4.536862003780718,24
7639,1.6764294992769786,19
7640,85.71428571428571,2
7641,0.7331826235718214,10
7642,0.0496113775425831,1
7643,0.7604562737642586,1
7644,58.064516129032256,1
7645,3.629032258064516,1
7646,1.8348623853211008,1
7647,1.5973646172980605,66
7648,4.244630132772851,46
7649,0.3610198811642891,4
7650,180.0,1
7651,0.43822276323797926,23
7652,0.18668810122643711,2
7653,3.083952027412907,12
7654,24.489795918367346,1
7655,29.609321453050033,24
7656,0.8733153638814016,9
7657,327.27272727272725,1
7658,10.876132930513595,1
7659,1.1472593249459624,23
7660,0.8071748878923767,15
7661,0.8179705654531372,22
7662,0.33270586175195904,19
7663,10.975609756097562,5
7664,0.032243618450515,1
7665,0.18478216236192668,5
7666,0.583363341735686,9
7667,0.3827122313282821,11
7668,0.8786559817760241,6
7669,0.475176953917735,8
7670,3.1383845658188987,23
7671,2.801556420233463,1
7672,3.930131004366812,15
7673,0.3518774945019142,12
7674,0.32440225880091317,3
7675,2.65166733627963,11
7676,0.0917805425249847,1
7677,0.2828354251369984,4
7678,0.15955796534046418,3
7679,0.7594062823610632,22
7680,0.10343564363547554,4
7681,2.4879232061037047,100
7682,0.6837606837606838,2
7683,0.9104265516992219,21
7684,1.9410901704096604,43
7685,74.40381558028616,39
7686,0.5737470864405766,24
7687,0.3167062549485352,3
7688,0.8895478131949592,9
7689,7.488070475957421,17
7690,1.0928961748633879,1
7691,6.8833652007648185,63
7692,0.6832416018219776,2
7693,0.6783919597989949,3
7694,1.3284132841328413,2
7695,2.3577844311377247,7
7696,7.59493670886076,1
7697,2.023057405105325,33
7698,0.867731244350708,8
7699,0.3138850541306401,6
7700,0.522420548541576,21
7701,0.4535718785435303,4
7702,0.467803097423539,22
7703,0.10885341074020319,1
7704,1.0980631386304711,4
7705,0.4057195182080721,8
7706,3.4065102195306585,5
7707,0.5889329679767699,4
7708,0.5339925834363412,3
7709,0.2026228400968087,1
7710,1.0662454339026557,3
7711,0.6950782840693674,22
7712,0.22718189276173248,3
7713,0.4429842371442283,10
7714,0.7881389946362763,18
7715,0.09564547410930153,2
7716,0.6356493334510461,14
7717,0.36380960630603315,7
7718,1.216837051446546,49
7719,0.6193282009375941,40
7720,5.2921719955898565,4
7721,0.2115780193946518,2
7722,0.10622289103301762,1
7723,0.23278781038374718,11
7724,4.022299554241687,96
7725,0.8240814925031474,2
7726,1.8066242890598863,6
7727,0.6067756615540199,9
7728,0.2728547427459798,12
7729,1.4869888475836432,1
7730,0.10256994700552738,1
7731,1.7306767800865337,9
7732,0.09573195053849222,1
7733,2.1261935229845457,18
7734,0.21435801758529663,6
7735,4.934886908841673,6
7736,1.6241299303944317,7
7737,1.3252798494743874,27
7738,0.06594614398241436,3
7739,4.5736064792758455,8
7740,2.296143656167206,13
7741,2.0182825713628127,95
7742,1.1015134041000776,13
7743,5.0675675675675675,5
7744,0.3388490427514542,5
7745,0.3276897870016384,1
7746,0.1682675453971815,2
7747,0.09579563597658329,1
7748,0.7541043701395617,32
7749,1.041925080625155,7
7750,0.9612539601209505,37
7751,2.0746887966804977,10
7752,2.485501242750621,5
7753,1.0417169037858693,6
7754,1.4791403286978506,26
7755,0.2008069464328877,3
7756,2.939975500204165,38
7757,15.597920277296362,5
7758,0.4599593986456751,9
7759,10.90909090909091,1
7760,0.6109979633401221,1
7761,0.07288334615540348,1
7762,0.6747385388162087,25
7763,2.4732635628735657,30
7764,5.605889014722536,22
7765,1.0119465917076598,10
7766,1.118186053735052,2
7767,2.0220588235294117,11
7768,1.4987510407993339,2
7769,6.818181818181818,4
7770,1.1704312114989732,19
7771,3.402416796057517,28
7772,0.5562377509778887,19
7773,0.36734194092597383,15
7774,1.269169751454257,18
7775,1.1553582412880106,24
7776,0.9523809523809524,3
7777,11.90561315695388,37
7778,1.0554089709762533,2
7779,0.5804345197307428,12
7780,1.7956212044312991,57
7781,5.0865418580007065,4
7782,24.406779661016948,4
7783,0.3387151405667833,10
7784,1.1391251518833536,50
7785,0.6283161128176488,5
7786,0.16729013220567393,2
7787,0.37840962842276765,6
7788,2.741290691033695,4
7789,0.32480714575720665,2
7790,0.4431605554278961,15
7791,13.793103448275863,4
7792,2.607361963190184,17
7793,0.5015848688564561,4
7794,0.8309098462816784,5
7795,0.6236721891440921,19
7796,0.5834211166031926,14
7797,3.2345013477088953,1
7798,37.93911007025761,9
7799,2.450229709035222,8
7800,0.43916497659311665,8
7801,0.7611395951160209,4
7802,1.8478911797416375,24
7803,14.05152224824356,5
7804,0.19715116565626695,10
7805,0.4005117650330979,10
7806,1.4791870792376498,13
7807,0.9987515605493134,16
7808,0.8837880136250652,16
7809,2.3175224972263697,47
7810,0.5850804485616772,2
7811,1.158860453887011,20
7812,1.0143804530496825,28
7813,0.37968675842429994,8
7814,0.11411363816467232,2
7815,0.7730298475413355,7
7816,0.4638159166162052,10
7817,86.74698795180723,26
7818,64.05693950177935,5
7819,1.5862793614208726,13
7820,0.5950488880977508,13
7821,0.4035195875133105,2
7822,1.2395474667978357,7
7823,0.33386143204915186,12
7824,9.912804038549792,12
7825,0.7120957373157947,2
7826,0.36579789666209417,2
7827,0.3688799463447351,11
7828,0.30795551753635586,1
7829,0.7041794353524158,15
7830,41.37931034482759,1
7831,0.9314359637774904,3
7832,3.238530205522109,13
7833,20.964089291491426,54
7834,3.115904093812166,124
7835,1.2074684157567175,9
7836,8.266360505166476,10
7837,1.0748675076509666,4
7838,0.9208862108658888,18
7839,1.4934402710317527,24
7840,400.0,1
7841,0.7684644940942081,18
7842,0.07629866689273679,1
7843,4.209839275516031,43
7844,0.6751898971585759,6
7845,1.8117045650187396,38
7846,0.19165757180504167,2
7847,2.981895633652822,28
7848,10.227272727272728,5
7849,0.609257326601416,6
7850,0.5106473519034025,8
7851,0.13786236740320915,1
7852,0.06443183648631719,1
7853,1.0891122390668595,9
7854,0.7601826941124945,27
7855,0.503743091023578,4
7856,2.9122847567317693,7
7857,3.7486983686220063,6
7858,1.9496344435418358,2
7859,14.69387755102041,1
7860,65.45454545454545,1
7861,0.6092401421560332,1
7862,1.233721727210418,1
7863,1.4324630406170609,13
7864,57.14285714285714,1
7865,3.881401617250674,20
7866,2.1716649431230612,21
7867,1.0137037732307115,3
7868,1.4775080890704488,43
7869,0.40353768033090087,10
7870,0.3182777636566579,8
7871,8.23267948594067,71
7872,3.2037347727770076,61
7873,2.145730889584265,36
7874,22.802850356294538,8
7875,0.8824250347250593,3
7876,1.310441060486562,12
7877,0.8538393121849986,8
7878,0.3883076259303203,1
7879,0.3625742773693222,2
7880,0.23868458274398868,3
7881,39.657282741738065,36
7882,0.4712085939472134,14
7883,0.23643508433945948,6
7884,3.668789808917198,4
7885,3.7151702786377707,1
7886,1.195616074393889,1
7887,1.1012542061792598,1
7888,1.3457943925233644,2
7889,10.499801140129923,22
7890,0.5450416351249054,1
7891,0.686367969494757,1
7892,1.6783216783216783,1
7893,0.9803921568627451,2
7894,0.5481120584652862,1
7895,0.8735461119109631,15
7896,0.24381365187135445,16
7897,32.90322580645161,17
7898,4.84766874263592,8
7899,0.20172587694721505,1
7900,1.474837207296563,19
7901,0.5323789946909984,10
7902,1.002390968796344,46
7903,19.70802919708029,6
7904,0.23753360935618495,16
7905,17.634709587123865,7
7906,0.7101642254771415,4
7907,0.06188491125531824,2
7908,0.4964604210719868,12
7909,0.24928310740354534,17
7910,0.8457360805936736,17
7911,3.4018319495016947,75
7912,1.0562903444228773,26
7913,0.54421768707483,2
7914,0.07610671853198596,1
7915,0.8172531214528944,13
7916,3.7257438551099615,4
7917,0.5136986301369862,2
7918,0.18312844425604072,12
7919,1.2526355468474926,84
7920,4.158994909563522,32
7921,2.1241794619265995,136
7922,8.312067079839592,38
7923,1.2482662968099862,70
7924,0.669720717159268,16
7925,0.10204660128125176,1
7926,0.29135642602784073,1
7927,30.884718498659513,16
7928,0.3485511208310552,17
7929,0.13097100447484267,2
7930,116.66666666666667,7
7931,1.7487451134602483,21
7932,0.2633841201324237,4
7933,7.384194632784457,36
7934,1.2833843320162799,12
7935,2.3356401384083045,3
7936,3.554119547657512,11
7937,3.670309363749323,32
7938,1.0558474886960774,12
7939,1.3920624318908847,11
7940,1.2056262558606832,5
7941,0.47403661932884317,20
7942,39.81042654028436,21
7943,1.4836999079556537,60
7944,2.0096014290499054,5
7945,23.841059602649008,5
7946,6.887988764273646,94
7947,106.5351418002466,24
7948,0.4343694855436406,8
7949,0.04074518414559612,1
7950,4.336478618751254,12
7951,0.3335349802985465,17
7952,1.4154652686762779,6
7953,40.14869888475837,6
7954,0.09454278060822523,6
7955,17.304364545279753,25
7956,2.109828283420266,10
7957,4.265402843601896,1
7958,3.6146227922048286,22
7959,3.2254853160776507,9
7960,1.4701378254211332,4
7961,0.37876131023356946,3
7962,0.19679874048806087,5
7963,0.5575920284991481,3
7964,1.166936790923825,1
7965,0.7095973035302466,10
7966,0.4336826888326708,1
7967,33.23076923076923,3
7968,0.1784408728732698,4
7969,23.591087811271297,5
7970,0.1021566401816118,1
7971,0.42216358839050133,2
7972,0.3726515190725118,2
7973,0.10460554990556443,1
7974,0.28798848046078157,2
7975,0.9823540112788793,9
7976,0.7236180904522613,2
7977,0.14019237509248803,1
7978,0.7923157944380689,14
7979,0.7768197001475958,25
7980,0.24759852357917422,3
7981,2.6013126994640814,12
7982,0.7563660811832926,10
7983,0.6028131279303416,2
7984,0.3647293235621897,6
7985,1.4332478103158452,9
7986,0.2114040754007869,2
7987,0.5438888049554313,1
7988,1.8525930584939105,27
7989,0.43513614486956903,11
7990,0.234884732492388,3
7991,0.9062683561298985,15
7992,61.016949152542374,5
7993,0.6272505517481706,9
7994,1.4533710133225677,5
7995,0.318936877076412,2
7996,0.6425607234757775,12
7997,1.5387668493443447,28
7998,1.1822660098522169,1
7999,0.16236206741032502,3
8000,8.034219825181328,12
8001,3.769633507853403,1
8002,1.5406446381512264,19
8003,4.627249357326478,1
8004,1.745877788554801,1
8005,0.18729731135865701,9
8006,0.18776975602971283,12
8007,0.5824865704485146,10
8008,6.344730348960169,5
8009,128.57142857142858,1
8010,0.40839478162223486,6
8011,2.5380313023860626,45
8012,0.5370729524093689,4
8013,0.017448792640487015,1
8014,1.0983603330511977,31
8015,0.5866111438012039,18
8016,25.35211267605634,1
8017,7.311576663049829,73
8018,0.566287044610835,20
8019,0.2627518038119865,7
8020,0.16150740242261105,10
8021,2.35263364266109,5
8022,0.5973935151985681,28
8023,0.15316759087234616,3
8024,0.5695775633072139,19
8025,0.05846196318520263,2
8026,0.8239726750941935,13
8027,3.0934479054779804,8
8028,0.41615060688630173,7
8029,0.04473216615514606,1
8030,0.9229237984648098,34
8031,0.6628934718561017,19
8032,0.9362443597779021,20
8033,2.267722249378896,125
8034,0.38988888166872443,5
8035,1.0385756676557865,21
8036,2.1651896890359077,64
8037,1.8250220123269032,38
8038,0.9698773541335249,21
8039,1.255003609160706,85
8040,1.6889514426460241,34
8041,0.8370702541106128,7
8042,0.5607804194170221,8
8043,0.18005476665819187,12
8044,15.238095238095237,8
8045,1.167693804735647,7
8046,0.20488304592794945,3
8047,0.5836575875486382,1
8048,0.7475859204651646,2
8049,0.18822545226393392,3
8050,0.279416330332195,1
8051,0.6897212376664432,2
8052,0.08395522388059701,1
8053,3.0431107354184275,1
8054,1.4166256763403837,8
8055,0.20975761342448726,3
8056,0.6778293322574138,14
8057,0.28259305292078235,6
8058,2.081727062451812,9
8059,3.2878046800478966,45
8060,1.2055675300478572,55
8061,2.1130832442661154,67
8062,2.2942785878319727,116
8063,3.8709677419354835,1
8064,1.2166500816732693,18
8065,0.5793836002253159,12
8066,1.6783216783216783,3
8067,0.13154315549294174,9
8068,0.1624475429809124,1
8069,0.7543348059159405,12
8070,1.2112240091514703,5
8071,2.952836637047163,48
8072,0.23443096225227378,3
8073,2.0166283389350785,19
8074,1.405276081344834,62
8075,1.3237499353637727,64
8076,1.1151217847005797,49
8077,1.8944044904402737,6
8078,1.2420698347427492,49
8079,140.25974025974025,9
8080,2.3595096492292753,27
8081,1.1272015655577299,24
8082,1.8227848101265822,2
8083,0.746326673404338,8
8084,3.442430564610771,22
8085,6.983511154219204,4
8086,0.6425129394966982,1
8087,0.12725944430042657,3
8088,7.304643261608154,43
8089,0.681056538503117,21
8090,0.3081061254432082,7
8091,38.35908364411294,20
8092,3.630997964100936,162
8093,1.439244396691737,16
8094,0.43608612701008453,16
8095,0.49331963001027757,2
8096,2.130092351976972,74
8097,0.2150923104499014,2
8098,1.031962161387416,18
8099,1.0089888090328523,28
8100,0.5344153594932951,3
8101,0.3965543830274724,5
8102,0.5040476554146938,11
8103,0.3983870856186412,16
8104,1.6785825303077402,6
8105,0.3762541806020067,8
8106,1.3880855986119145,26
8107,0.4460759258398773,8
8108,1.126239475509732,23
8109,9.72748790347919,258
8110,2.0758524886640632,22
8111,11.320754716981133,28
8112,2.817452553316376,4
8113,1.1099579206093477,71
8114,2.439274788000739,33
8115,47.593865679534645,25
8116,38.318254390633314,20
8117,7.343132810982322,63
8118,0.2561715400534877,12
8119,0.4439915096360438,19
8120,14.399999999999999,4
8121,2.4004800960192036,10
8122,0.7466607671248029,30
8123,19.485791610284167,4
8124,0.8369173544112518,2
8125,0.11685276551545053,2
8126,1.6560607222264816,12
8127,0.613044218652438,3
8128,1.1190550202051601,2
8129,0.7534533277521975,1
8130,1.7485846178954036,125
8131,1.7116367526447167,8
8132,0.7395740601246319,6
8133,0.7518796992481203,2
8134,0.718562874251497,2
8135,0.09697230901842473,4
8136,1.2090003358334265,24
8137,3.4529363037886385,66
8138,1.2530204352104097,52
8139,2.993016295310941,5
8140,240.0,1
8141,20.889748549323016,6
8142,53.73134328358209,1
8143,9.39947780678851,1
8144,9.549071618037136,1
8145,7.651434643995749,2
8146,3.1320234901761763,12
8147,1.3503375843960992,4
8148,30.0,1
8149,2.808859641694993,129
8150,2.119012880642717,94
8151,2.2013184456748447,73
8152,2.10323372184734,20
8153,1.1037617836790425,75
8154,0.1748176285233306,9
8155,0.3343705010913482,4
8156,1.9000226193168968,7
8157,0.36355190208335436,10
8158,0.024967403667434183,1
8159,0.12396077636175122,9
8160,14.43850267379679,3
8161,1.4237690330235317,6
8162,0.5544676450526964,7
8163,1.7621145374449338,1
8164,0.23128814648249277,1
8165,0.23541336297797905,4
8166,6.185567010309279,20
8167,0.2941657133518549,1
8168,0.46475600309837334,1
8169,0.8438818565400843,1
8170,0.2252816020025031,1
8171,0.734094616639478,2
8172,29.75206611570248,1
8173,0.7623888182973316,1
8174,0.9075296601490491,16
8175,0.46722907203114855,1
8176,1.1501931511226,11
8177,0.6370131162770123,16
8178,29.98958694897605,24
8179,0.2098605301893117,8
8180,49.9345721015441,53
8181,1.824596970701183,26
8182,0.8871802454532013,5
8183,21.278882321332617,11
8184,15.540428357961149,26
8185,3.228025352527883,73
8186,0.7832539391718578,19
8187,0.09411764705882353,2
8188,0.5732168119101716,26
8189,3.845803098008051,82
8190,2.7620221948212085,56
8191,4.950721980288792,6
8192,1.7239315216090028,4
8193,0.3067484662576687,2
8194,1.7321408355032266,34
8195,1.0560162464037908,26
8196,0.4210690475262194,6
8197,2.3361453601557427,1
8198,0.34697457447423713,5
8199,0.6072601322477621,15
8200,0.16662038322688144,3
8201,0.2932287312713009,19
8202,0.8659111167706609,17
8203,0.5164622336991608,6
8204,0.47424581741536026,3
8205,1.8626309662398137,8
8206,0.644280354751899,27
8207,5.070422535211268,1
8208,0.3499659755301568,14
8209,0.049753306521829264,1
8210,2.7644091254073846,86
8211,0.5928707294780268,20
8212,50.602409638554214,7
8213,94.11764705882352,36
8214,0.8975877329676494,8
8215,1.3445378151260503,2
8216,4.448865177683334,82
8217,2.0498930423675343,37
8218,10.149145143688614,31
8219,0.7128007128007129,2
8220,3.9509785988659227,6
8221,0.6516279385478653,8
8222,5.741626794258373,1
8223,0.3415114252172985,8
8224,0.053075426077726015,1
8225,1.1111111111111112,1
8226,2.3404336685915332,17
8227,0.8982932428386066,15
8228,0.5493197590317324,25
8229,1.8326010073947057,38
8230,2.7111836324839964,48
8231,5.656523333158749,120
8232,0.5274925651768078,27
8233,0.10939755374914532,2
8234,2.532726952938516,56
8235,0.5633949763947939,24
8236,29.467939972714873,30
8237,0.6527047513974131,47
8238,0.15185388281942042,7
8239,4.053141184417924,5
8240,0.38167938931297707,1
8241,0.5743535199095925,12
8242,0.32000677263010857,21
8243,3.3392698130008904,50
8244,0.7473996719745885,10
8245,0.7385524372230429,10
8246,0.4939536415360129,15
8247,33.23485967503693,25
8248,12.767768477798269,75
8249,2.729925322694977,46
8250,2.3532961230954896,52
8251,0.31276409215483403,11
8252,0.45367080754373124,26
8253,76.36363636363637,7
8254,1800.0,1
8255,0.7304083185391833,48
8256,0.5546686753433511,36
8257,0.5371619941310077,9
8258,7.3502722323049,18
8259,2.480192903892525,6
8260,1.4803984282189528,9
8261,6.623328836011284,15
8262,2.664833712261408,14
8263,0.16049217600641968,7
8264,1.288577791918549,9
8265,0.2593473092716663,1
8266,4.972375690607734,3
8267,1.5325670498084292,2
8268,0.301893121449087,4
8269,1.4073494917904612,4
8270,0.9189143197481493,15
8271,5.532241858265855,26
8272,3.2944968789695817,67
8273,10.22794455757735,173
8274,27.950310559006212,5
8275,0.18369221349117257,8
8276,0.9657606777267914,19
8277,5.730410245278923,22
8278,0.17286292210364573,4
8279,4.10958904109589,88
8280,5.235649684133982,32
8281,2.4323136284453706,83
8282,2.0803236058942502,8
8283,0.09173435260391782,4
8284,1.34155935572026,9
8285,0.46409694469511403,1
8286,1.113861386138614,10
8287,10.398613518197573,5
8288,0.6635129323585428,6
8289,1.0947700788726198,47
8290,1.5304120340091565,26
8291,3.6659877800407332,1
8292,0.5291005291005291,17
8293,0.2820653451382904,5
8294,0.06042093249639153,1
8295,16.695652173913043,8
8296,0.12966431349949575,1
8297,0.25805526683631413,2
8298,0.8804288014347729,12
8299,0.4399149497763766,5
8300,0.7822496921702601,9
8301,4.86322188449848,4
8302,0.7679011437608032,29
8303,2.7629138508111795,72
8304,13.13868613138686,4
8305,1.4913276057707894,23
8306,0.3137671565473992,21
8307,2.7040680670034565,113
8308,2.9609260873301335,67
8309,0.7995050682910578,14
8310,0.7461230859260705,34
8311,0.9895683008287635,20
8312,23.04,12
8313,0.3659722089853802,16
8314,0.5173305742369374,25
8315,1.767425673660137,79
8316,1.4350633819660368,5
8317,0.4161561047788593,5
8318,0.1937932333862676,2
8319,0.3170828378913991,2
8320,1.854077253218884,6
8321,2.697841726618705,5
8322,11.11111111111111,1
8323,1.4517299782240503,10
8324,0.9350418047791025,42
8325,0.5790574231944668,12
8326,0.6357856494096277,14
8327,0.16714533021151845,7
8328,0.8655666756829863,8
8329,1.9458144719951356,8
8330,0.5930506627467876,26
8331,0.24999710651497087,6
8332,0.04421300844959717,2
8333,0.7086614173228346,2
8334,0.8095865325922832,14
8335,1.523763453863829,28
8336,8.585055643879173,3
8337,2.6277372262773726,3
8338,0.4867276578484835,3
8339,27.692307692307693,7
8340,1.321828529465761,6
8341,28.83845126835781,6
8342,0.565842004338122,10
8343,0.3692307692307692,1
8344,0.21179792908691558,6
8345,1.2541057031949836,7
8346,0.4716157205240175,6
8347,0.5729139037716833,3
8348,0.22122534259202362,2
8349,1.5982463685678214,32
8350,1.3056487442197842,12
8351,1.0284245107841736,10
8352,0.8277765003449068,2
8353,0.9407460638923367,4
8354,10.507880910683012,5
8355,1.7543859649122808,2
8356,0.11040489461699468,4
8357,0.1296362981634858,2
8358,1.4803501145509017,14
8359,0.6878381368033628,19
8360,20.443985544656687,11
8361,46.03580562659847,25
8362,1.498283217147019,8
8363,0.158231325407116,2
8364,0.6511712037623225,2
8365,28.8,5
8366,1.0775217000897936,30
8367,0.2637942404924159,1
8368,54.09015025041736,9
8369,0.3230148048452221,4
8370,0.6461455622363816,2
8371,7.361963190184049,1
8372,1.3396345774569272,10
8373,7.4150360453141095,2
8374,20.809248554913296,1
8375,0.7031874278611382,11
8376,1.4705882352941175,1
8377,0.16599040944300994,1
8378,11.180124223602485,1
8379,229.34362934362932,66
8380,1.5202014870224863,28
8381,0.06821153153835952,1
8382,2.4410917104594,8
8383,0.67438620318226,16
8384,0.05136033555419229,1
8385,3.648068669527897,17
8386,0.9594882729211088,3
8387,0.1191816195457856,2
8388,1.467291624210312,2
8389,0.46712514134242866,7
8390,4.885447433543546,68
8391,1.2247548943803546,11
8392,1.1798209926769732,29
8393,0.484196368527236,5
8394,0.6290773532152842,3
8395,1.5509219369291747,5
8396,0.2266360288331392,2
8397,0.1582487142291969,1
8398,0.14204265225196788,2
8399,6.18202633085289,9
8400,2.9962546816479403,8
8401,1.0736120085491327,6
8402,1.7934111633347052,23
8403,2.7522935779816513,1
8404,0.462546575870487,2
8405,4.648160103292446,10
8406,0.39400240779249207,3
8407,0.3419507021071129,6
8408,0.29335071707953064,1
8409,0.8154020385050962,1
8410,1.0347801092267892,15
8411,0.5411804498562489,8
8412,0.12297601967616316,1
8413,0.9932861215855789,3
8414,1.2945711171294683,32
8415,124.13793103448276,1
8416,1.2064343163538873,2
8417,1.1894749489366816,22
8418,0.6051529692227757,11
8419,0.6771715067066024,13
8420,0.876170468956153,19
8421,0.10989010989010989,1
8422,2.7447990414987475,7
8423,0.21330173307658126,2
8424,3.2644178454842216,5
8425,1.0232293739179867,22
8426,61.90220311660398,32
8427,10.90909090909091,33
8428,0.27976919041790527,12
8429,2.5832505903261604,86
8430,0.14262509409294402,1
8431,7.292985565966067,8
8432,10.762331838565023,6
8433,6.474820143884893,1
8434,1.001068391704597,19
8435,1.2606303151575788,28
8436,1.0106245141228298,13
8437,1.7005196032120926,1
8438,0.7118141374196737,4
8439,1.407074457690053,4
8440,45.652173913043484,7
8441,0.97323600973236,4
8442,2.237035363235792,11
8443,0.9838305625142336,6
8444,3.2251395493074217,26
8445,0.8514664143803217,1
8446,0.9720534629404617,4
8447,14.20678768745067,10
8448,0.3785588474986198,4
8449,0.2149015460972344,7
8450,0.0859086027920296,2
8451,1.673154011502934,8
8452,4.473994904616914,20
8453,0.6062392118890245,8
8454,1.0959857347888489,14
8455,2.200809292305901,21
8456,2.3965087896644395,27
8457,9.636711281070745,14
8458,1.2552301255230125,1
8459,0.04736031994527252,1
8460,3.619082434655456,11
8461,1.3242409665827226,13
8462,0.6925407589092484,4
8463,1.5202702702702702,3
8464,90.0,16
8465,0.6459219767263034,14
8466,4.651162790697675,5
8467,0.8068647540983606,14
8468,5.636007827788649,4
8469,6.805293005671078,1
8470,0.514972344077818,6
8471,61.01694915254237,1
8472,1.9302949061662196,1
8473,1.5171380408316164,9
8474,0.33548447219439465,4
8475,1.6054980302917685,78
8476,0.5788077437460262,22
8477,29.91689750692521,3
8478,69.66824644549763,49
8479,30.328559393428808,10
8480,42.35294117647059,1
8481,8.58066142598492,104
8482,1.0903143739778303,5
8483,8.346535801228795,60
8484,2.8582985034380477,53
8485,3.7492677211482133,16
8486,3.6748755901492918,48
8487,5.3019145802650955,31
8488,0.8803032155520235,4
8489,0.7208650380456548,2
8490,1.8807139747496735,6
8491,2.7913468248429867,30
8492,1.2295681873627715,21
8493,1.9072847682119205,24
8494,3.277918110791282,31
8495,0.6462590343578776,23
8496,0.20205194980131558,5
8497,1.4878146430923815,32
8498,0.7738930522795808,36
8499,0.961743962385125,5
8500,0.5622254758418741,8
8501,76.33378932968537,31
8502,1.068579027355623,25
8503,34.26758328926494,18
8504,1.5874182406114499,6
8505,0.6888304233436977,4
8506,4.244063902785545,78
8507,1.4002471603637492,79
8508,1.1855754981063726,16
8509,31.83023872679045,20
8510,4.796556318540535,13
8511,2.25140712945591,8
8512,18.83920076117983,11
8513,0.8654366247971632,4
8514,0.29366179949424914,1
8515,3.5434039644565964,36
8516,0.8337193144974525,2
8517,3.9654524971836276,44
8518,34.285714285714285,1
8519,1.0531242686637023,5
8520,0.16696039328448195,1
8521,2.4594963888346673,7
8522,0.41232980657723306,8
8523,0.44238725269323725,3
8524,1.2333835822940933,20
8525,1.5336116554485815,5
8526,0.6178268797597339,8
8527,0.2676878462282039,8
8528,0.0792288392975043,1
8529,1.677832799300903,8
8530,1.5282298004811095,6
8531,1.5686844111986638,12
8532,0.2563980817624994,3
8533,2.136815551268734,4
8534,0.11554200433282516,2
8535,3.983798360497223,103
8536,1.481379877923325,6
8537,8.138658628485306,6
8538,0.38182782393494785,3
8539,1.1293231903380128,40
8540,0.4716265600220644,19
8541,23.376623376623378,1
8542,1.151815709486482,2
8543,2.0027816411682893,6
8544,1.3314594274724463,5
8545,5.3019145802650955,36
8546,6.084507042253521,3
8547,11.39240506329114,12
8548,5.6411595716897365,6
8549,0.3260278934975548,1
8550,5.696878585275152,160
8551,0.9594722902403678,32
8552,0.5177519628159953,22
8553,0.5423055962924729,34
8554,0.22919261331306673,16
8555,5.798969072164948,5
8556,1.8857053061652087,10
8557,2.3278370514064015,16
8558,0.9744214372716199,4
8559,0.14850259879547892,1
8560,1.371809923994315,37
8561,0.5567584287039901,6
8562,0.3905614320585842,2
8563,11.26609442060086,35
8564,1.506795351585582,17
8565,0.6618863761720905,1
8566,10.212765957446809,16
8567,1.7999181855370212,11
8568,0.6487655433411426,5
8569,2.2435083669936526,27
8570,1.5338136184057634,44
8571,0.45028142589118203,1
8572,1.9631232745986846,16
8573,1.2276375845968208,13
8574,0.4985535791222995,9
8575,0.31071983428275507,1
8576,0.6859840428801495,31
8577,0.23763160500346545,2
8578,0.12349066959385292,1
8579,9.127789046653144,5
8580,1.5577672003461704,2
8581,1.267605633802817,1
8582,1.5960478814364432,7
8583,0.5375006221072015,3
8584,0.6692071753880472,2
8585,0.31821797931583135,1
8586,8.643457382953182,2
8587,8.727272727272728,2
8588,2.429996080651483,31
8589,0.12898679676816413,6
8590,3600.0,1
8591,1.8080667593880388,13
8592,0.2710945442222975,2
8593,1.9220257541281605,42
8594,1.8520423911925095,5
8595,1.2066246056782335,51
8596,4.399364536233655,50
8597,13.846153846153847,1
8598,3.8379530916844353,1
8599,5.633802816901409,2
8600,211.76470588235293,1
8601,0.1867510504746589,1
8602,0.27972338465295427,7
8603,0.8447958410050904,13
8604,0.38461538461538464,6
8605,0.5177479334598026,21
8606,0.4791694396379609,6
8607,0.3544842254519674,5
8608,0.7790802524797115,36
8609,5.7052297939778125,4
8610,0.7138379664572913,31
8611,2.2338891694093457,102
8612,1.4641180167855954,11
8613,1.925545571245186,5
8614,3.3949453036589965,5
8615,0.6867607783288822,14
8616,0.3037654255880181,4
8617,1.1329661683713612,2
8618,1.136453318601531,4
8619,0.7463860331441154,29
8620,1.5239600383812157,30
8621,0.43438389883681644,15
8622,0.3721699576139771,2
8623,65.80645161290322,34
8624,3.864699139358431,59
8625,1.2969857091389456,9
8626,14.989590562109646,6
8627,7.40682123921817,26
8628,1.8824623071783402,18
8629,15.189873417721518,6
8630,3.039898670044332,12
8631,0.24083259267754237,7
8632,0.7568888713683131,16
8633,2.5474702205448754,6
8634,0.6036217303822937,8
8635,1.659190069440177,30
8636,1.5236482911861178,4
8637,0.3590735901374454,5
8638,0.3246753246753247,1
8639,2.9971345225495,129
8640,2.4,34
8641,1.2579989953480246,16
8642,2.1095905230702656,130
8643,0.08438818565400844,2
8644,0.43093773847466,8
8645,0.8227317742058353,6
8646,0.8553608553608554,4
8647,0.15320670137460457,3
8648,1.896899973654167,6
8649,0.6211394458055833,10
8650,1.5602427044206877,9
8651,0.48125125325847207,12
8652,0.3360194144550574,12
8653,0.8210586334695429,12
8654,0.6645131518227965,6
8655,0.1910574499137588,2
8656,3.9752650176678443,10
8657,1.1914300644487024,19
8658,0.1786777843954735,1
8659,0.6280843427545985,7
8660,80.0,1
8661,0.4995836802664447,1
8662,2.3515963093002368,32
8663,0.6438056064738231,20
8664,5.272407732864675,5
8665,0.38678673985661544,11
8666,0.17114333254100308,2
8667,63.29248801278636,33
8668,2.9349213100808167,23
8669,2.0745293891663463,3
8670,21.55688622754491,1
8671,0.9774328014948973,17
8672,0.3463203463203463,1
8673,0.8613127043623894,3
8674,306.3829787234042,4
8675,0.8623529059496362,8
8676,7.346938775510204,7
8677,2.9532403609515994,6
8678,2.6914210952588626,24
8679,0.5363821027171727,30
8680,9.490787173682552,92
8681,4.260039937874417,32
8682,12.325952978771971,15
8683,0.5009234194348168,22
8684,1.955193482688391,4
8685,0.2770989281659515,4
8686,2.8185554903112156,4
8687,0.7458048477315102,1
8688,0.4529441368897836,1
8689,1.3109978150036417,1
8690,5.365126676602086,1
8691,0.13378672166787448,2
8692,1.89873417721519,1
8693,2.4489795918367347,1
8694,0.58167716917111,1
8695,0.5147269087789534,1
8696,0.12008405884118882,1
8697,0.971266693646297,2
8698,0.6056731383963121,5
8699,1.4979195561719834,3
8700,2.4867603039373702,3
8701,295.8904109589041,6
8702,20.224719101123597,1
8703,0.08735743751516621,1
8704,1.4917886196593313,19
8705,79.35483870967741,41
8706,0.43668529732856837,13
8707,3.6236746745403305,15
8708,6.721344268853771,28
8709,2.613718867388491,23
8710,0.8901845441057811,19
8711,2.1063451274955525,74
8712,0.8721243225783296,27
8713,21.301775147928993,3
8714,2.2988010934372243,89
8715,1.8403563864748411,7
8716,2.6346604215456675,110
8717,2.4950555301993,41
8718,0.17869907076483202,5
8719,0.6363435497616868,28
8720,1.569767441860465,6
8721,0.8001053636692897,27
8722,1.269169751454257,2
8723,3.0769230769230766,2
8724,19.088016967126194,5
8725,0.6119500240813667,6
8726,8.224956063268893,13
8727,0.9032063826584374,10
8728,1.0020242914979758,11
8729,1.014799154334038,2
8730,0.4506384044062422,3
8731,1.8934081346423564,9
8732,3.6108324974924777,1
8733,0.30089264818962924,10
8734,0.03519061583577712,1
8735,0.9465886226449607,23
8736,3.5976015989340437,3
8737,0.8833922261484098,20
8738,0.4602918378110566,8
8739,14.610968125123739,41
8740,0.852928981816028,12
8741,0.9535660165826855,43
8742,6.531204644412192,5
8743,0.37021801727684084,2
8744,0.39953387714333277,4
8745,1.0568929818597608,19
8746,3.8003403289846855,67
8747,3.21830122290862,78
8748,4.635873801213189,38
8749,0.6627734861148954,25
8750,0.14647245504109366,1
8751,0.5188534779397193,16
8752,1.1465201216991807,47
8753,2.3032121426050125,29
8754,8.629044864780365,46
8755,2.3503910789600826,50
8756,0.8034535750495783,35
8757,1.5109505761452953,33
8758,2.075772479055727,85
8759,1.6024927665257067,12
8760,0.3538605199783752,4
8761,1.8681888946549041,2
8762,0.7948774563921396,8
8763,0.8502196400736857,5
8764,0.22445639466916062,4
8765,0.16003200640128026,2
8766,1.0856999246041719,24
8767,0.9195970582782276,62
8768,6.234845860755109,5
8769,0.5536651479324067,16
8770,0.24808195892865345,3
8771,1.074004527666146,17
8772,0.11386999841847224,1
8773,0.24899709503389128,1
8774,1.0460808291159165,12
8775,0.6846591400266256,11
8776,1.6997167138810196,1
8777,30.100334448160538,5
8778,1.2838801711840229,1
8779,1.21580547112462,1
8780,0.20853245286297678,2
8781,2.1238938053097347,1
8782,0.6823351023502654,1
8783,0.44977511244377816,1
8784,0.6286013619696176,4
8785,9.254498714652955,1
8786,0.11085109003571869,1
8787,0.22552151851155797,1
8788,0.8427360831499602,5
8789,3.096774193548387,2
8790,0.10923655783468869,1
8791,1.2232415902140672,1
8792,0.18487136034509322,1
8793,1.1099121319562202,2
8794,2.2871664548919948,1
8795,3.977900552486188,1
8796,0.16570008285004142,1
8797,0.1141661116925126,1
8798,2.694736842105263,16
8799,0.6405409012054624,12
8800,900.0,1
8801,0.28591851322373124,1
8802,0.07669365146996165,1
8803,2.0550652087998946,13
8804,0.919775166070516,1
8805,3.5328753680078506,1
8806,0.27399345460080676,1
8807,0.3884920035395938,5
8808,1.1005808621216753,1
8809,0.21564461767007972,15
8810,1.4821930968228916,24
8811,1.4405762304921967,4
8812,0.3430422767842963,3
8813,0.9708999703336121,10
8814,0.3151398433054668,6
8815,0.5431047488140536,9
8816,0.4584190420217455,13
8817,0.17401392111368907,1
8818,0.053842242230265326,1
8819,1.9421308175107568,41
8820,0.5764750154127001,40
8821,29.508196721311474,23
8822,0.8543357539513029,5
8823,42.007001166861144,10
8824,0.7482851797963002,1
8825,25.89928057553957,4
8826,2.869832593098736,7
8827,4.721458905820635,21
8828,0.3349002139640256,17
8829,1.9313304721030042,1
8830,0.6388790296446042,46
8831,0.736246506237644,3
8832,2.059496567505721,1
8833,2.3888520238885205,1
8834,0.3536797429927201,10
8835,1.2138923232550298,21
8836,2.2188110521909015,53
8837,0.12665353222628764,1
8838,0.08361009824186544,1
8839,0.45311516677155445,6
8840,0.2666864212163864,1
8841,1.0889292196007259,2
8842,46.351931330472105,6
8843,0.35784398996048805,4
8844,0.19641184654415172,6
8845,1.4769506191257646,11
8846,1.2121892362085414,6
8847,0.5514109633473889,17
8848,0.8606263447286636,8
8849,65.42239685658153,37
8850,41.34762633996937,15
8851,2.0248954537673325,23
8852,0.8949287371561153,6
8853,2.2897232287410376,66
8854,1.6672640358260407,115
8855,2.949610815239656,4
8856,0.2874382635078874,14
8857,0.9404388714733544,1
8858,0.6303624584135878,1
8859,0.9728415079043372,12
8860,25.13089005235602,4
8861,0.1407404511513351,1
8862,0.12145456298045641,7
8863,41.14285714285714,2
8864,1.4684886803997552,2
8865,2.9662921348314604,11
8866,0.14200063111391606,2
8867,0.7972362476747276,15
8868,0.5527076705248164,18
8869,0.05954153021732658,1
8870,3.6749583414648788,68
8871,0.4433518536938883,26
8872,0.5362928754981192,4
8873,0.649565452741106,12
8874,0.0931803622386582,4
8875,1.2910003737638014,71
8876,0.43726466658569174,5
8877,2.309595820731372,7
8878,0.8412197686645636,2
8879,8.51063829787234,2
8880,1.233721727210418,4
8881,0.7104395139691579,7
8882,0.811953763744009,4
8883,3.2951945080091534,2
8884,0.5143297996971169,5
8885,0.6654958868656993,2
8886,0.3856660774546039,2
8887,0.3217661385828883,4
8888,1.1321028568663973,13
8889,4.07055630936228,5
8890,0.6447761194029851,3
8891,0.690051753881541,3
8892,1.0369921164342024,19
8893,2.3003194888178915,1
8894,0.6690827989963758,16
8895,0.24229371382420242,4
8896,18.022930961267683,224
8897,4.158004158004158,10
8898,1.235383833248602,27
8899,0.5606254087893605,5
8900,1.0076396206533191,17
8901,0.49439877577445995,7
8902,2.4623803009575926,10
8903,0.18368284096127352,1
8904,2.6752539014119394,9
8905,0.3207412687099073,3
8906,0.34443168771526983,1
8907,14.342629482071713,1
8908,6.622516556291391,5
8909,7.377049180327869,1
8910,0.19679658885912643,1
8911,0.3827344248352116,1
8912,0.36644018627376135,8
8913,0.06514893771037678,2
8914,20.776495278069252,11
8915,0.6869737375664909,8
8916,3.2820097244732573,9
8917,1.6236694930543027,5
8918,0.2972504334902155,5
8919,1.439059814254687,30
8920,0.25859704572465947,11
8921,0.9442210176604301,3
8922,0.08134784337828554,5
8923,1.9944598337950137,5
8924,0.7331328531765696,30
8925,0.05997101400989522,1
8926,0.7476376726316154,6
8927,0.1496881496881497,9
8928,0.6448251156125839,11
8929,0.07920182164189776,2
8930,0.4840278711473517,17
8931,0.16560208185474332,7
8932,0.7479569693891684,18
8933,0.6957193931780848,4
8934,0.09946399955793779,2
8935,1.1032040587013516,9
8936,1.3249907986750094,1
8937,0.9132602992129139,38
8938,10.198300283286118,6
8939,0.6886525365368429,5
8940,0.4166666666666667,5
8941,0.07898027686974836,1
8942,0.12741558717349755,2
8943,3.335539377895434,7
8944,0.5665227046213566,9
8945,3.3987915407854987,10
8946,0.2064693737095664,1
8947,1.9081272084805654,24
8948,0.2875629043853343,1
8949,0.6946119338189186,4
8950,0.9067901308608509,21
8951,0.15133680847486128,1
8952,2.0105313547151744,35
8953,2.3369036027263874,56
8954,0.6078343088698784,3
8955,0.07511266900350526,1
8956,0.3973235841898324,8
8957,0.6706408345752608,1
8958,1.4011936093709456,63
8959,0.3512291067463306,25
8960,1.38996138996139,4
8961,0.136986301369863,2
8962,0.63102541630149,13
8963,57.08622398414271,32
8964,10.112359550561798,7
8965,5.244620901639344,91
8966,1.2126060503989389,80
8967,3.37026057107193,66
8968,0.7400889751412337,25
8969,0.4236623254354307,15
8970,1.3275893859899088,22
8971,0.3340137316756356,1
8972,0.995575221238938,1
8973,2.8753993610223643,1
8974,0.8155075887511731,7
8975,9.611277231952158,25
8976,1.271087697989563,50
8977,2.8701858162412397,124
8978,105.88235294117646,1
8979,27.692307692307693,5
8980,2.07492795389049,8
8981,1.60857908847185,22
8982,0.615531922169408,15
8983,0.8659628491246826,9
8984,0.19654946494867873,2
8985,0.01808454524903926,1
8986,15.472779369627506,6
8987,6.356680400235433,18
8988,2.441860465116279,42
8989,2.7012541537142245,49
8990,11.838637745793635,146
8991,3.306518021156648,58
8992,0.4166232684095407,30
8993,0.32196518006200814,6
8994,1.4715901348957623,33
8995,0.7632373986325329,4
8996,0.5858421480878763,3
8997,2.342987308818744,2
8998,8.950276243093922,9
8999,0.5163264330448918,3
9000,0.38996912744407736,2
9001,1.6436104643199563,10
9002,0.39237057220708443,1
9003,0.29440628066732094,2
9004,4.549847594974351,17
9005,0.6720806496779613,2
9006,2.9657293497363795,60
9007,0.34257003654080387,10
9008,0.3500260984371642,19
9009,1.2058805285031946,27
9010,0.12085538757651378,3
9011,0.045369191798258324,1
9012,0.9872480460715755,4
9013,2.2277917014759123,20
9014,0.14240787990268794,2
9015,0.5955334987593052,2
9016,0.995850622406639,1
9017,0.7395234182415776,1
9018,50.70422535211268,5
9019,2.9621503017004938,6
9020,0.7739605280130714,15
9021,8.098987626546682,4
9022,13.001605136436599,9
9023,1.4428331997376667,33
9024,21.396731054977714,4
9025,0.32843718638810326,2
9026,0.5076786394212464,20
9027,1.4132888409068605,60
9028,20.771850170261068,61
9029,2.7027027027027026,5
9030,4.341926729986431,16
9031,2.1149101163200563,25
9032,0.731749811255009,14
9033,0.5260466135749251,2
9034,1.1136789620220917,17
9035,2.338168434726131,3
9036,0.6613270629730326,10
9037,97.91999999999999,51
9038,1.194669934139991,52
9039,9.413886384129846,29
9040,1.6570771001150748,2
9041,1.6630576006929407,16
9042,0.46329065053728846,2
9043,3.9420854118505906,9
9044,0.18812217490136648,6
9045,0.3593172971354427,2
9046,0.25352559023926474,12
9047,0.6963249516441006,4
9048,5.577552074367361,9
9049,0.5673311795760776,2
9050,0.9571806678510569,44
9051,3.587832567813502,23
9052,0.3656740422218084,6
9053,0.31268791340950086,13
9054,12.698412698412698,4
9055,0.7249244870326007,29
9056,13.211009174311927,4
9057,0.28987063181061784,3
9058,0.3458102526336012,3
9059,0.46680497925311204,2
9060,0.9903713892709767,1
9061,0.485256950294861,4
9062,0.6703286472395493,2
9063,12.626656274356977,9
9064,5.142292055818042,26
9065,0.8647609896709104,1
9066,0.5414755207941641,18
9067,1.843034864076179,10
9068,0.9980395651399038,14
9069,12.465373961218837,5
9070,0.11536243030186503,1
9071,0.360649168503306,1
9072,0.3645292762574994,4
9073,0.6618863761720905,2
9074,0.6804971409668731,8
9075,5.390666905059897,134
9076,1.3472965431207116,57
9077,1.2246564158388897,5
9078,7.002457002457002,19
9079,0.16334679431916146,1
9080,0.4833642149359543,5
9081,0.2241361419528899,3
9082,0.1381957773512476,1
9083,2.5806451612903225,1
9084,4.624277456647399,2
9085,0.36378334680679064,2
9086,0.4259548487860287,5
9087,0.9250337251878975,4
9088,1.3461178921503165,14
9089,1.5920750044224306,5
9090,0.9840390763343355,23
9091,0.09606788797416842,2
9092,0.2828909887432961,4
9093,2.053003139810038,87
9094,0.6089052391221617,12
9095,0.9876685823201548,19
9096,3.4913040667226998,30
9097,0.3966097213449476,15
9098,2.2160368268921955,46
9099,0.20559680182752713,4
9100,0.17723949486743965,4
9101,7.349938750510413,5
9102,0.4376101622804352,18
9103,0.15058036181114712,4
9104,10.046511627906977,12
9105,1.210877718168211,20
9106,2.175883952855848,6
9107,0.6314127861089187,24
9108,0.8209538702111023,7
9109,0.6614759181423552,8
9110,0.8298755186721991,7
9111,2.418620779333362,31
9112,1.7919362867098059,3
9113,0.467502110252581,4
9114,1.7384218389243515,32
9115,0.24069802427038414,2
9116,1.4280047600158667,5
9117,0.79626199231386,16
9118,8.624820316243412,10
9119,0.4562737642585551,1
9120,1.2255949836112299,43
9121,0.45546558704453444,1
9122,0.10664612741249832,2
9123,0.2351496466223366,5
9124,0.36589084256530136,1
9125,2.141263940520446,4
9126,0.1644962302947224,1
9127,76.59574468085106,1
9128,0.902680266020646,65
9129,0.47830515707976184,33
9130,0.9386281588447654,13
9131,2.705278592375367,41
9132,2.1558215106602203,68
9133,0.6484879872103758,16
9134,0.154970351158511,4
9135,3.4233805883309767,76
9136,0.15991116046640755,2
9137,1.1542160949022122,1
9138,3.1449499361602045,13
9139,2.93040293040293,4
9140,0.7214428857715431,4
9141,0.25172184735866865,2
9142,1.1852522519278355,64
9143,0.6328637082799669,7
9144,0.8465276689136227,6
9145,0.6005505046292434,8
9146,0.5041054038571702,11
9147,4.734116873510315,64
9148,1.2650814103314982,6
9149,1.796127100938601,32
9150,5.374116500121862,49
9151,0.17581313575285698,7
9152,0.7545785626326407,8
9153,0.3871496109890928,26
9154,19.369715603382016,7
9155,0.3445992836801927,12
9156,1.3915243516761542,22
9157,0.7798960138648181,1
9158,0.49651748155299635,2
9159,2.7379896057802005,18
9160,2.4841046872689634,28
9161,19.501625135427954,5
9162,0.9305030532131433,8
9163,36.325013276686136,19
9164,83.72093023255813,2
9165,1.1771758678947082,24
9166,1.737989428468861,39
9167,1.399061313563122,26
9168,0.1718295069447759,1
9169,0.545578540577404,4
9170,3.9879727805032443,14
9171,1.6245820598551823,22
9172,3.655054254711593,16
9173,0.7576156152996264,4
9174,0.6989476954141265,10
9175,3.2564004166438245,33
9176,2.7674567584881484,6
9177,0.823693911274946,9
9178,0.22634391700723044,1
9179,0.7040187738339689,2
9180,1.1553273427471116,3
9181,0.8188218064007899,41
9182,42.35294117647059,14
9183,0.1411266611784076,1
9184,1.1340368561978265,24
9185,10.432456531431118,26
9186,0.6092401421560332,1
9187,5.3636733035351485,11
9188,1.8808199391499432,17
9189,1.0462943740917583,28
9190,73.91086629944917,41
9191,18.82241102727111,88
9192,4.215456674473068,42
9193,0.38210881609951813,5
9194,57.205479452054796,29
9195,108.20610687022901,63
9196,0.5469295980067455,5
9197,1.1924478304074198,1
9198,5.684210526315789,3
9199,0.89755975940412,8
9200,28.8153681963714,15
9201,19.32367149758454,10
9202,51.58371040723982,19
9203,1.1212158963498193,5
9204,0.3053823641684693,4
9205,0.10350478709640322,1
9206,0.950056079699149,16
9207,41.55844155844156,8
9208,10.465116279069766,5
9209,0.22372407364250757,4
9210,0.33736294630306435,1
9211,0.5228530347261557,10
9212,0.2039775624681285,2
9213,5.3034767236299345,20
9214,0.7942052432253558,12
9215,0.36496350364963503,14
9216,3.6474164133738602,3
9217,1.4791047112224134,21
9218,0.8338020712702247,28
9219,0.5545571245186136,3
9220,0.17301620104482562,10
9221,50.26852846401718,26
9222,2.1515768056968465,47
9223,1.149880540188325,25
9224,38.287689444296724,40
9225,2.100350058343057,6
9226,0.35620891935825855,7
9227,2.061020089156487,89
9228,6.878143350847125,68
9229,0.6257604727968017,9
9230,1.0660980810234542,20
9231,0.631246712256707,26
9232,0.3685377921856339,12
9233,0.48011930237210454,22
9234,23.684210526315788,6
9235,0.16265060240963858,6
9236,1.3544682730529518,23
9237,0.4069175991861648,1
9238,0.9257142857142858,9
9239,9.914320685434516,9
9240,0.41999650002916644,2
9241,0.555497691212721,40
9242,0.0461958962645485,1
9243,0.2512212142358688,4
9244,0.3229713362939039,4
9245,0.4087077455794284,12
9246,6.233766233766233,16
9247,2.203856749311295,18
9248,1.2594017841525276,2
9249,1.2643779085082099,4
9250,2.2835394862036154,46
9251,0.6207699271457515,12
9252,14.913007456503728,5
9253,0.3029067396749578,13
9254,0.8686420229707557,5
9255,0.1811161281396607,4
9256,0.465200423849275,5
9257,0.17349397590361446,3
9258,0.301255230125523,1
9259,27.06766917293233,4
9260,0.6372182669236518,9
9261,0.24837863943700844,1
9262,0.8391299547311473,19
9263,1.811708164009914,40
9264,0.6295834256333726,15
9265,107.92291220556746,56
9266,0.4124105011933174,18
9267,2.4004000666777796,52
9268,1.013138210418734,19
9269,1.866985164697008,33
9270,7.5,4
9271,0.923990760092399,14
9272,0.4051063404143588,9
9273,3.650884198516828,16
9274,0.7726869473141974,15
9275,2.1587047771337198,3
9276,5.0781968721251145,23
9277,0.5396492280017988,5
9278,0.39305601048149363,1
9279,3.9658496282015974,8
9280,1.1161267920035718,25
9281,2.1447721179624666,2
9282,0.5587695781007479,11
9283,1.2598866102050816,5
9284,0.4107635257202624,6
9285,0.19648509987992577,1
9286,0.25145810777773897,2
9287,1.0957018843955113,23
9288,19.22278255710472,54
9289,0.46495858962561143,8
9290,3.616273229532898,2
9291,1.1310084825636193,3
9292,0.5491153142159854,1
9293,31.18811881188119,7
9294,0.7262457131329433,1
9295,31.03448275862069,1
9296,14.399999999999999,1
9297,1.1061849787103288,7
9298,2.3483365949119372,9
9299,0.553599163450153,10
9300,1.7878156477053126,92
9301,5.141632944537015,6
9302,0.7933499642992515,25
9303,0.25963722909379394,2
9304,41.37931034482759,3
9305,0.7303322798325789,19
9306,0.49652237306169095,7
9307,1.6828625662237584,33
9308,3.9299267037479853,42
9309,1.3103615627274934,42
9310,18.99736147757256,4
9311,0.4251173501018511,4
9312,0.4135554279149914,1
9313,0.4188048550340602,18
9314,1.1764410145546869,13
9315,11.342155009451796,5
9316,0.6346827688035789,8
9317,1.4425003339121143,6
9318,0.3039205754229561,5
9319,0.8073106464091495,24
9320,0.5897610921501707,6
9321,1.5565674444999933,32
9322,0.308313452009543,14
9323,5.352022937241159,42
9324,0.29680365296803657,13
9325,1.9909669093925708,24
9326,0.19157767765281866,3
9327,0.34266133637921187,5
9328,0.23629799803085003,4
9329,2.4594745667970934,11
9330,0.2715409951474619,3
9331,1.5578635014836795,7
9332,1.161140498000258,5
9333,0.11826026017257238,3
9334,0.7766990291262136,5
9335,2.898550724637681,53
9336,1.1468011680382268,12
9337,0.4197924359622187,3
9338,13.899613899613898,7
9339,7.799795510979113,178
9340,2.961385851156489,17
9341,1.485531541754784,16
9342,2.8711950019938857,6
9343,0.3349148758024002,5
9344,0.3296250515039143,2
9345,0.1310854604376798,1
9346,0.08555065311586568,3
9347,0.3474651931568661,4
9348,0.7772440222378151,8
9349,0.9638355712991186,13
9350,0.5892355396324552,18
9351,0.9698798426639366,5
9352,0.6678002782501159,6
9353,0.10008618532625317,2
9354,0.328438763456866,19
9355,1.9471212353402505,60
9356,0.14325507361719061,2
9357,1.993355481727575,3
9358,0.3794666385580268,1
9359,1.0855194488901259,26
9360,0.1377709175798242,3
9361,1.956521739130435,9
9362,4.459626862870228,33
9363,240.0,2
9364,1.096294396717528,19
9365,0.09000900090009001,1
9366,1.6360896500586024,19
9367,17.637178051511757,35
9368,2.0250316411193925,4
9369,0.963028188637605,24
9370,0.26935220793990455,10
9371,2.698011991164405,38
9372,3.2279524484424265,31
9373,0.48930033073077916,18
9374,0.41884816753926696,2
9375,2.6579022577879394,31
9376,20.317460317460316,16
9377,6.521739130434783,1
9378,10.763225645710488,72
9379,1.3432278927075991,9
9380,2.5192442267319803,1
9381,26.95187165775401,14
9382,4.86103296950602,12
9383,46.15384615384615,1
9384,0.8808878790526959,14
9385,0.42358636455321724,7
9386,0.9560142754435168,41
9387,0.49449912647072714,32
9388,1.4930875576036866,9
9389,11.842105263157894,1
9390,0.0648029809371231,1
9391,3.093266677081706,11
9392,1.1323020615903696,22
9393,0.32551410561124317,7
9394,1.2190304193238894,6
9395,0.5218298834579926,5
9396,0.042261953676203,1
9397,0.25081705555977807,11
9398,8.035714285714286,7
9399,0.1332272449715967,8
9400,8.321294423577001,8
9401,1.1656718098885008,46
9402,2.687862990346687,113
9403,100.0,4
9404,0.16760166670546336,4
9405,0.03096760874146778,2
9406,0.53836874270959,15
9407,0.8922610015174507,49
9408,142.85714285714286,15
9409,1.410535481062255,9
9410,3.40144088815401,8
9411,0.31929046563192903,1
9412,2.071147761050916,6
9413,2.256345973049201,2
9414,4.522613065326633,4
9415,0.15080744821230338,10
9416,2.30885059394345,23
9417,0.17366973804814512,10
9418,1.3360549267025421,20
9419,0.8977929257242612,6
9420,1.5554115359688918,4
9421,0.5306864527541644,12
9422,2.143721117761995,96
9423,1.0723860589812333,5
9424,0.8226349245917987,11
9425,0.7199667707644263,13
9426,7.494795281054823,6
9427,0.36498817167962144,6
9428,0.14009090343067057,5
9429,3.5254616675993287,7
9430,0.4436477705579207,11
9431,0.6226578264629576,6
9432,4.166666666666667,1
9433,0.34826351939634326,2
9434,0.28656488306560746,5
9435,0.6297559695617948,2
9436,1.022178755087232,18
9437,0.4362050163576881,1
9438,0.46147929752595823,1
9439,5.183447098976109,54
9440,0.6047371073408365,7
9441,14.285714285714285,2
9442,6.384284837323512,26
9443,0.9080972000336333,3
9444,2.1148134851995692,18
9445,1.3216677429913568,83
9446,0.48785896440847104,11
9447,0.5669291338582678,19
9448,4.135554279149914,4
9449,0.38376608543364044,14
9450,0.7807417046193884,2
9451,27.03862660944206,14
9452,0.611973813213574,43
9453,6.4171122994652405,6
9454,0.23204847234755702,1
9455,0.18207770896788913,9
9456,0.2519640951164459,4
9457,1.6657669468651193,6
9458,0.48445700444085593,2
9459,1.0118043844856661,1
9460,0.2840535493543042,6
9461,0.7215151818819522,4
9462,0.6341783706740547,11
9463,0.1797244225520868,3
9464,0.3408445370195039,1
9465,0.6810156381368757,9
9466,0.5022321428571429,2
9467,1.4409606404269513,9
9468,48.17292846114256,26
9469,21.030270844397236,11
9470,32.19512195121951,11
9471,2.9396481330265014,11
9472,0.7441640704593442,14
9473,6.295193534666099,37
9474,0.08890205956437991,1
9475,1.255813953488372,3
9476,1.6522856618322013,15
9477,1.1171643334942418,18
9478,0.20921717905503573,1
9479,0.6372057348516136,9
9480,0.7829390919441708,17
9481,1.1750625612011751,3
9482,0.27114002054091063,11
9483,1.6979129819596745,8
9484,0.5890534238730263,2
9485,3.4492670307559643,50
9486,0.739447468419431,2
9487,1.3383161478408891,19
9488,0.4371970809366616,11
9489,1.6835016835016834,5
9490,1.216490200495607,3
9491,1.0827067669172932,1
9492,0.1650324716668789,9
9493,0.0595494094683561,1
9494,0.08275006033858567,2
9495,45.354330708661415,24
9496,1.8119589289309443,85
9497,64.28571428571428,10
9498,0.7262875752946941,14
9499,1.971117651084799,8
9500,6.2882096069869,32
9501,3.4365719134493,27
9502,0.7588053032059524,20
9503,0.13396844298898483,2
9504,2.224969097651422,2
9505,0.4360201053715254,2
9506,0.11746663621235358,1
9507,0.21919142717973697,2
9508,22.5,1
9509,46.753246753246756,1
9510,0.3806254198074483,17
9511,1.3314578129168384,61
9512,30.508474576271183,16
9513,1.272788760106988,23
9514,2.0919590324689477,8
9515,0.4763490854006306,29
9516,3.364244123355618,78
9517,1.0573110657214946,22
9518,7.089937165900778,42
9519,2.465254540644017,44
9520,2.187120291616039,3
9521,1.3689948028901,21
9522,2.015013828526274,17
9523,0.6364247074214192,5
9524,0.7639569049951029,13
9525,9.251525859299711,16
9526,2.752894909329255,21
9527,0.5336561623698286,12
9528,1.4304635761589404,6
9529,0.7023607123944369,14
9530,0.40004444938326483,2
9531,1.107042017276565,11
9532,1.183821111476488,7
9533,0.14609944908332742,4
9534,0.048010882466692446,1
9535,3.8226705601274222,48
9536,0.1974063005510926,2
9537,0.08845643520566121,1
9538,0.4600443005622764,3
9539,1.9713875008556367,8
9540,0.7265388496468214,1
9541,5.256433655776601,8
9542,2.4079623287671232,25
9543,3.4069683460762583,38
9544,2.8564344160674437,32
9545,1.149025069637883,22
9546,6.206896551724138,1
9547,0.30522485604267496,12
9548,0.49916805324459235,1
9549,1.2735634507504927,28
9550,0.6821503979210655,21
9551,0.8444206987320659,18
9552,0.5415977132540996,1
9553,0.17438480914551444,1
9554,0.5030274802049371,3
9555,0.6802721088435374,3
9556,3.3582089552238807,1
9557,0.15779092702169625,2
9558,0.24162695482918314,1
9559,0.972808647187975,8
9560,1.463176719232645,10
9561,1.615895625112215,15
9562,0.1358798218464558,1
9563,12.400964519462624,10
9564,3.18232044198895,12
9565,1.6247931397622988,6
9566,0.594157451724707,1
9567,1.3511991892804864,10
9568,0.9952082565425728,3
9569,1.1562240719428312,12
9570,1.325722703001289,14
9571,3.245192307692308,3
9572,0.538975945703164,3
9573,0.5877870904539022,12
9574,2.445283018867925,9
9575,0.5187319884726225,2
9576,1.6184139543247618,30
9577,0.0988685048884983,1
9578,3.173204054649625,8
9579,0.5824187202319321,25
9580,4.164256795835743,2
9581,0.8838603418820906,24
9582,4.857316332726169,40
9583,0.5673758865248227,1
9584,1.532436574152903,25
9585,2.0381753477838886,28
9586,0.5701314469724964,3
9587,1.4734193333232277,27
9588,0.3889369057908384,8
9589,2.07492795389049,3
9590,0.17791176070868184,8
9591,2.132982225148124,9
9592,2.122933579698465,30
9593,0.3867544852777112,26
9594,0.8884582689688583,27
9595,3.259752337134746,37
9596,1.1396913335971508,4
9597,2.298361353479464,3
9598,1.28026553655573,24
9599,0.6861717335366435,2
9600,0.952014616790076,11
9601,0.30503950685279724,4
9602,0.8308331410108469,3
9603,9.254498714652957,7
9604,12.303485987696513,5
9605,1.3741973245565668,45
9606,0.2347172960567494,5
9607,0.33270840484803677,14
9608,1.022436807725078,1
9609,0.5093955173194477,5
9610,0.13070827546769057,4
9611,8.151105285109933,76
9612,3.977900552486188,4
9613,3.2910524511484405,16
9614,3.260869565217391,10
9615,0.9113203069377424,16
9616,0.2005347593582888,4
9617,1.2285291775679674,6
9618,0.2148676474976872,2
9619,0.42022157137399724,11
9620,2.3367519148383744,10
9621,1.6682113067655235,1
9622,0.5867758117970915,18
9623,0.31970870984214383,4
9624,0.5450416351249054,5
9625,5.324011831137403,33
9626,0.452787472879917,20
9627,1.406799531066823,8
9628,0.736614755030124,9
9629,29.808054196462173,22
9630,25.714285714285715,10
9631,89.47804473902237,30
9632,2.795031055900621,77
9633,0.402072909220872,10
9634,0.12007805073297644,2
9635,1.1713279293808088,46
9636,2.5574119865025478,52
9637,0.04201141310055898,2
9638,24.767300687980573,17
9639,0.2581706220955805,15
9640,0.34194528875379937,2
9641,0.4857152494350187,4
9642,0.5153230528986922,11
9643,2.595529920692141,1
9644,0.6778668117245852,9
9645,1.7559548004227299,12
9646,0.5607159039420027,11
9647,1.5611448395490026,2
9648,0.9783649017499497,23
9649,0.30888234750584104,13
9650,0.1281017222564881,3
9651,0.5907978755147102,11
9652,32.885545405695865,17
9653,8.944628490298154,42
9654,0.9017358414948776,10
9655,0.18198362147406733,1
9656,0.28730692728924684,13
9657,40.62332079527136,21
9658,2.015301362194439,21
9659,1.9066849832006487,32
9660,8.574739281575898,74
9661,3.522686305814492,19
9662,3.237410071942446,10
9663,12.445980985306829,32
9664,1.382016720696127,9
9665,1.3494939397725854,12
9666,1.3554517064959801,17
9667,1.485228434590755,23
9668,2.272323806142375,32
9669,1.1134479772361747,5
9670,0.26856151737257317,4
9671,0.7565953210552514,19
9672,0.2701114209611465,6
9673,0.06032879191594189,1
9674,1.8652849740932642,22
9675,0.1240267346516916,1
9676,0.4093700250170571,1
9677,3.2852710348603757,5
9678,2.37702211951139,2
9679,3.5732009925558312,2
9680,3.017354719957928,51
9681,1.3108068744538304,30
9682,0.2105016957081043,1
9683,0.537915577138588,2
9684,0.9629346580053496,7
9685,1.5493867010974822,4
9686,1.7904085257548845,7
9687,0.9313998163072584,60
9688,1.444332998996991,8
9689,0.5471644343117698,8
9690,0.5409398830467937,24
9691,0.6493506493506493,11
9692,0.051165434906196704,1
9693,0.06957731779439902,2
9694,38.29787234042553,20
9695,19.10828025477707,10
9696,0.16953542584002448,8
9697,0.047541698030981336,1
9698,0.044221154909162376,1
9699,0.2997909352688257,19
9700,0.6349486308920147,4
9701,0.40756254953017096,2
9702,2.5157232704402515,1
9703,0.023004223831097875,1
9704,1.5502828675166764,51
9705,1.1377675621318775,11
9706,2.3578726748755563,10
9707,9.271223964216329,114
9708,6.317509303803213,58
9709,10.23308698123934,10
9710,1.9357743097238895,43
9711,2.7167947310647644,22
9712,5.4441755962668505,35
9713,4.615968071081574,71
9714,0.5758086543548606,13
9715,1.0868621198774178,73
9716,0.7285237276130729,6
9717,0.09722184713793541,7
9718,0.031645013273325015,1
9719,40.57971014492754,21
9720,7.333469138317376,10
9721,0.36210538416220023,7
9722,0.9664429530201342,1
9723,6.836581709145427,19
9724,0.49712770658418026,5
9725,0.6739679865206403,2
9726,0.40709837402970844,14
9727,1.8186410709775196,2
9728,0.2539861718639763,2
9729,0.6707657909446618,1
9730,0.29133284777858703,2
9731,0.7964601769911505,2
9732,0.5502663988121232,14
9733,2.9532403609516,21
9734,1.3991449669646328,2
9735,0.06420774773489335,1
9736,2.437229564654284,23
9737,0.3940886699507389,1
9738,0.9563523369451467,66
9739,5.321016166281755,16
9740,0.3523125403691452,5
9741,33.58449946178687,26
9742,0.7073038950832555,8
9743,0.8085345311622684,6
9744,0.9293920227184715,4
9745,0.2927954572341181,11
9746,2.7407689379520366,2
9747,0.20838961139196543,3
9748,1.3303769401330376,1
9749,0.6850618458610848,1
9750,28.34645669291339,1
9751,2.7200604457876842,4
9752,4.986149584487535,1
9753,20.56239015817223,13
9754,3.522504892367906,1
9755,0.667099045677754,8
9756,1.5679442508710801,4
9757,4.1279285979918185,37
9758,0.19012267439228644,7
9759,0.3588337901819088,2
9760,0.6290956749672346,2
9761,48.517520215633425,5
9762,0.6631229935266565,28
9763,0.984952120383037,2
9764,0.6890446682776276,8
9765,1.3265950726468732,7
9766,0.43322342294640065,10
9767,1.1468620579802484,1
9768,0.6101488085149657,5
9769,5.607234024142258,36
9770,1.1030538249412725,3
9771,0.09531878839228977,1
9772,0.21245205075243434,1
9773,0.1826051670499121,3
9774,0.5330497580411767,22
9775,43.90243902439024,1
9776,0.47807644536101795,17
9777,225.0,1
9778,0.11030087627918378,1
9779,0.13355097195429588,1
9780,1.751307399621245,28
9781,0.5008695652173912,10
9782,1.044646188285039,7
9783,0.7249781835268846,3
9784,0.6753587843541882,4
9785,0.6620080912100036,4
9786,0.9736045002163566,5
9787,1.2339055793991416,23
9788,7.675906183368871,6
9789,0.5450416351249054,2
9790,1.094890510948905,2
9791,1.1765859397980194,10
9792,13.475935828877004,7
9793,0.7975188303057156,2
9794,0.6056527590847913,2
9795,0.45418703674499294,4
9796,1.7661488143908421,3
9797,1.3143483023001095,2
9798,0.4967572788740169,2
9799,1.4480696974960463,88
9800,1.9638148922629328,6
9801,2.5431147012300936,46
9802,0.5837522296092104,8
9803,0.4962042495440859,13
9804,91.45496535796767,11
9805,46.905537459283394,8
9806,41.777188328912466,35
9807,4.104903078677309,2
9808,8.333333333333334,21
9809,1.5827520608750794,52
9810,1.2159898529644921,49
9811,21.019108280254777,11
9812,21.108742004264393,11
9813,0.9757882539488931,40
9814,0.9968416042919568,32
9815,0.24027230861643198,2
9816,0.8684280690171781,38
9817,0.27010044360246466,8
9818,2.023381294964029,10
9819,2.995249469926729,62
9820,0.5344832038007694,23
9821,10.588235294117647,1
9822,11.980033277870216,2
9823,9.39947780678851,2
9824,24.0,2
9825,9.36096446300528,33
9826,0.5142962101267372,21
9827,9.375,7
9828,0.29423483617862506,8
9829,0.09465713083718974,2
9830,2.5452402996380776,42
9831,1.4488670664466534,30
9832,0.12494143370295174,2
9833,0.37731893931453725,2
9834,7.130730050933786,14
9835,1.028767384263669,3
9836,0.3469210754553339,1
9837,0.17272952635324787,12
9838,5.046728971962617,6
9839,2.717051842598376,58
9840,2.0404420957874208,34
9841,0.6541260627157708,19
9842,0.19476655064832013,3
9843,0.5989642909136286,8
9844,0.5938634114153745,5
9845,1.667438628994905,8
9846,1.015228426395939,6
9847,2.5178346621905163,5
9848,42.52873563218391,37
9849,0.45340050377833757,6
9850,1.001019556956159,3
9851,1.8376722817764164,2
9852,1.149382113210382,17
9853,1.4461405351955998,13
9854,1.4067671938212578,17
9855,13.793103448275863,8
9856,3.272727272727273,6
9857,0.6810839130308234,13
9858,0.15495867768595042,1
9859,0.18510329792375801,5
9860,1.172256593943341,5
9861,154.2857142857143,42
9862,1.321920211507234,90
9863,4.51788328801506,60
9864,1.9995239228755057,7
9865,0.2603507503163985,18
9866,2.3424428332403795,28
9867,1.314828341855369,16
9868,32.5497287522604,5
9869,2.457337883959044,27
9870,0.6294586655476291,5
9871,21.233243967828415,11
9872,52.173913043478265,1
9873,4.831965308967012,26
9874,0.20961808220628325,11
9875,0.18258355733630877,1
9876,1.2160554568285624,23
9877,0.68259385665529,2
9878,14.292015880017646,9
9879,24.80127186009539,13
9880,1.3763544716428722,38
9881,16.901408450704224,2
9882,0.3935143013299326,3
9883,1.0764262648008613,5
9884,0.07426661715558856,1
9885,35.820895522388064,2
9886,0.9191997855200501,20
9887,1.5638575152041703,1
9888,0.8883405305367057,2
9889,0.5377531271513373,23
9890,51.79856115107914,4
9891,9.250218407934632,50
9892,0.417329093799682,7
9893,0.34235176644001714,2
9894,5.766150560597972,3
9895,2.738475581926061,5
9896,0.46530723963322845,17
9897,18.46153846153846,1
9898,10.16949152542373,1
9899,8.352668213457077,1
9900,5.980066445182724,1
9901,400.0,1
9902,22.929936305732483,1
9903,171.42857142857142,1
9904,27.480916030534353,1
9905,1.2166272389320716,1
9906,3.938730853391685,1
9907,21.301775147928996,1
9908,10.404624277456648,1
9909,23.376623376623378,1
9910,37.11340206185567,1
9911,34.61538461538462,1
9912,33.333333333333336,1
9913,112.5,1
9914,52.94117647058823,1
9915,112.5,1
9916,360.0,1
9917,6.680805938494168,7
9918,19.047619047619047,1
9919,2.4725274725274726,1
9920,514.2857142857143,1
9921,43.15068493150685,7
9922,240.0,1
9923,17.647058823529413,1
9924,29.149797570850204,2
9925,0.8360427310729215,1
9926,7.2727272727272725,1
9927,514.2857142857143,1
9928,16.363636363636363,1
9929,400.0,1
9930,21.301775147928996,1
9931,46.753246753246756,1
9932,300.0,1
9933,200.0,1
9934,39.56043956043956,1
9935,600.0,1
9936,53.73134328358209,1
9937,10.97560975609756,1
9938,112.5,1
9939,72.0,1
9940,4.699738903394255,1
9941,600.0,1
9942,7.627118644067796,2
9943,28.34645669291339,1
9944,240.0,1
9945,94.73684210526315,1
9946,21.428571428571427,1
9947,39.56043956043956,1
9948,720.0,1
9949,12.949640287769785,1
9950,43.373493975903614,1
9951,102.85714285714286,1
9952,92.3076923076923,1
9953,1.437125748502994,1
9954,25.174825174825177,1
9955,2.4439918533604885,1
9956,514.2857142857143,1
9957,450.0,1
9958,100.0,1
9959,72.0,1
9960,8.333333333333334,2
9961,33.9622641509434,1
9962,16.43835616438356,1
9963,23.225806451612904,1
9964,38.70967741935484,1
9965,73.46938775510205,1
9966,4.141104294478527,6
9967,1.4931563666528411,1
9968,2.3684210526315788,1
9969,0.8808416931734768,1
9970,300.0,1
9971,3.6072144288577155,1
9972,8.530805687203792,1
9973,15.384615384615383,1
9974,0.4918704741084848,1
9975,133.33333333333334,1
9976,5.51301684532925,1
9977,73.46938775510205,1
9978,0.401920285809981,1
9979,3.515625,1
9980,3.1886625332152345,1
9981,3.934426229508197,1
9982,120.0,1
9983,3.284671532846715,1
9984,33.333333333333336,1
9985,58.064516129032256,1
9986,900.0,1
9987,7.2434607645875255,1
9988,19.565217391304348,1
9989,9.0,1
9990,66.66666666666667,1
9991,11.428571428571429,1
9992,6.030150753768845,1
9993,61.01694915254237,1
9994,900.0,1
9995,57.14285714285714,1
9996,171.42857142857142,1
9997,112.5,1
9998,6.010016694490818,1
9999,13.13868613138686,1
10000,17.821782178217823,1
10001,19.25133689839572,1
10002,22.929936305732483,1
10003,73.46938775510205,1
10004,1200.0,1
10005,0.7259528130671506,1
10006,36.36363636363637,1
10007,171.42857142857142,1
10008,3.5902851108764517,17
10009,65.57377049180327,10
10010,1.8614500104645009,84
10011,0.6233265105464619,28
10012,1.2236573759347382,18
10013,24.67289719626168,44
10014,1.1471518987341771,29
10015,0.25891829689298046,2
10016,0.18311757674406776,2
10017,8.977556109725686,1
10018,3.452527743526511,21
10019,1.5083497934997308,84
10020,0.1675100331530274,4
10021,10.271041369472183,6
10022,1.029003783102144,17
10023,0.10019761195691503,1
10024,138.46153846153848,1
10025,0.5369127516778524,1
10026,0.45312657335615747,10
10027,0.11653879770807032,1
10028,0.45277323607093445,1
10029,0.5445469671759189,1
10030,0.31740433785928407,1
10031,0.814111261872456,2
10032,2.4930747922437675,1
10033,0.48255216478262813,3
10034,0.06096838112012464,1
10035,2.573266619013581,1
10036,0.2531645569620253,1
10037,0.4960727573377429,1
10038,0.3671221700999388,1
10039,0.8434864104967198,4
10040,0.14375561545372867,2
10041,0.39796595180190136,1
10042,2.10896309314587,1
10043,1.273434736469756,1
10044,0.3976143141153081,1
10045,0.6241331484049931,1
10046,1.0775217000897934,2
10047,0.036517822726258344,1
10048,29.459901800327334,5
10049,12.972972972972972,2
10050,8.108108108108109,1
10051,144.0,1
10052,2.0630372492836675,1
10053,1.8623900672529747,1
10054,30.68181818181818,3
10055,0.9486166007905138,2
10056,0.6189111747851003,6
10057,12.631578947368421,6
10058,0.8639308855291578,14
10059,0.770984075507488,14
10060,0.24016010673782523,1
10061,1.492382630324386,4
10062,0.5374036685264317,16
10063,0.9982174688057041,14
10064,1.825403532493873,6
10065,0.8097165991902834,13
10066,1.1616181986851126,8
10067,5.1481103166496425,7
10068,0.9589983794703311,12
10069,2.793616518775937,23
10070,0.43562088076088445,15
10071,3.3430200799702843,85
10072,2.3444283646888566,9
10073,1.6127442635582514,50
10074,42.297650130548305,45
10075,2.1167576648467032,7
10076,0.6029232643118149,22
10077,0.45739454514653566,3
10078,1.014977973568282,8
10079,1.083847659190125,4
10080,2.4391565938533253,25
10081,0.25713155465693815,13
10082,0.9759463722397477,11
10083,0.604351329572925,20
10084,0.9341983317886933,7
10085,0.74487895716946,1
10086,2.212389380530974,20
10087,1.7725258493353027,2
10088,1.696512723845429,4
10089,0.5418539144644892,7
10090,0.06646644675299099,3
10091,5.806841857651723,48
10092,1.098565761367104,34
10093,0.2087521261790629,9
10094,0.855920114122682,4
10095,0.5427101588557861,8
10096,0.7408060675544581,21
10097,0.7010187974130251,47
10098,0.27048552151111244,5
10099,2.1297132359809448,19
10100,0.31608337577045326,5
10101,2.659538744643984,55
10102,1.5716020245289968,32
10103,3.4632034632034627,28
10104,3.3614293645586235,37
10105,1.1157024793388428,12
10106,1.4786418400876231,9
10107,0.5572324123519852,6
10108,6.191950464396285,5
10109,0.32905689942219174,14
10110,33.38709677419355,23
10111,2.0184245937273575,130
10112,0.8476172537200979,5
10113,0.4682241623177096,8
10114,5.115891605821532,29
10115,0.0980018511460772,1
10116,6.863679694947569,6
10117,0.5446270607368434,36
10118,0.7352240391030266,15
10119,0.45385779122541603,7
10120,0.5563282336578581,1
10121,2.8746222451536814,65
10122,1.8162638169059304,33
10123,1.0501069553380435,9
10124,0.44981726173741915,4
10125,0.3942807388382956,20
10126,22.085889570552148,1
10127,0.2540160406425665,3
10128,4.295010845986985,11
10129,0.6233766233766234,1
10130,0.1336402108545549,1
10131,0.3683995088006549,2
10132,0.12396694214876033,2
10133,1.977587343441002,5
10134,0.5370328932647125,8
10135,2.197131522734208,14
10136,1.3535331195399758,17
10137,0.8315047927012357,18
10138,0.35046126887594703,17
10139,4.968502753446933,101
10140,4.412993815122304,88
10141,3.804591931094613,80
10142,4.269426700088946,88
10143,21.712907117008445,10
10144,3.7697834097717453,79
10145,0.37731103005911204,15
10146,0.038393447518290214,1
10147,1.0644064455723647,12
10148,1.4364827936446518,33
10149,1.1066140683436652,12
10150,0.4127073089954908,27
10151,61.736334405144696,32
10152,0.36110135914539343,26
10153,2.5793076113965157,47
10154,0.9840156872066077,23
10155,0.13675992934070316,2
10156,0.4255130534994016,8
10157,0.6392612980555802,10
10158,0.20617900664990932,9
10159,2.0172735135398523,46
10160,0.2002459811744056,9
10161,22.865208186309104,9
10162,11.984021304926765,5
10163,0.7879832553558237,32
10164,1.589403973509934,1
10165,0.2048106111402343,14
10166,1.279041733812128,56
10167,0.5563480741797432,13
10168,0.14378719495147183,2
10169,16.513761467889907,6
10170,1.5938606847697756,3
10171,0.4198740377886634,2
10172,11.39240506329114,6
10173,3.8471814052898745,44
10174,0.7521546095586314,8
10175,0.580707602968061,6
10176,2.290258449304175,24
10177,1.3562092546595748,59
10178,0.6467762992418344,15
10179,0.6553994599022969,6
10180,0.1775921464806334,12
10181,0.5255962730446093,11
10182,0.9050342530324933,8
10183,0.62402496099844,1
10184,1.0958236941434312,5
10185,0.2057142857142857,9
10186,28.465998945703742,15
10187,20.319849482596428,6
10188,0.688117234788149,12
10189,0.2692041651866669,4
10190,0.20706712425944743,3
10191,0.2995065821051217,13
10192,13.44286781179985,5
10193,0.833356028214276,17
10194,2.042009006841074,33
10195,1.1461988304093567,49
10196,0.44338615649889157,6
10197,0.2582496413199426,11
10198,0.544639649010004,8
10199,0.5645287752861847,1
10200,1.38996138996139,1
10201,0.39279869067103107,1
10202,1.83019827147941,1
10203,0.4898625663355559,1
10204,1.0575793184488835,1
10205,0.8952328848879715,10
10206,0.22681451612903225,1
10207,0.2774281384058157,3
10208,0.5453621935679341,17
10209,1.8988899698756345,45
10210,0.3434704830053667,16
10211,0.6108099150074576,43
10212,28.125,1
10213,1.2339331619537275,6
10214,0.6171781244642551,2
10215,0.6088794926004228,4
10216,1.2595780413561457,10
10217,1.757469244288225,15
10218,2.771362586605081,1
10219,1.0420634074254636,19
10220,0.24691358024691357,3
10221,19.672131147540984,8
10222,0.5581395348837209,1
10223,0.16405395552314983,1
10224,0.2708396027685826,2
10225,0.45477513895907024,2
10226,4.811281625881377,29
10227,14.117647058823529,1
10228,8.31889081455806,4
10229,0.15268542561062387,9
10230,0.7473143390938813,4
10231,0.3267528931245745,2
10232,0.46235008199798466,13
10233,0.6283270791517584,6
10234,0.7315090761311298,6
10235,0.881488736532811,4
10236,0.15971039182282792,5
10237,8.531614371030429,25
10238,0.34460817712409836,17
10239,0.5890052356020942,1
10240,10.495626822157433,1
10241,1.8241189055286569,27
10242,0.9102444643183234,54
10243,0.21372912801484228,12
10244,41.37931034482759,1
10245,3.696098562628337,39
10246,34.74903474903475,5
10247,0.4562159422126474,1
10248,4.094527991912043,9
10249,0.28393406420064676,2
10250,0.09724473257698542,2
10251,0.16776829334596774,6
10252,0.9957325746799431,49
10253,85.03937007874016,6
10254,0.5051390886448942,4
10255,1.9391327767304067,10
10256,4.918032786885246,1
10257,0.9176237742525565,17
10258,0.49150783681939814,5
10259,0.38542607648298705,16
10260,1.8286861367475336,83
10261,0.9079903147699757,20
10262,6.274509803921569,4
10263,216.0,36
10264,2.3914863087408826,50
10265,0.76016570808028,21
10266,1.4189988175009853,1
10267,1.0167768174885612,20
10268,11.036362088052456,36
10269,0.8790672120139186,8
10270,0.3063631132327792,21
10271,28.21948488241881,7
10272,0.6747469698862927,9
10273,0.8749088636600355,7
10274,3.969128996692392,1
10275,3.5236541598694946,3
10276,1.8124150430448573,10
10277,0.6961566352429297,28
10278,1.2796950513920087,47
10279,0.19957129130017,3
10280,5.894372200646811,121
10281,0.32974959640023355,8
10282,3.467094703049759,12
10283,0.1601423487544484,1
10284,1.6576766214971714,14
10285,0.6722084676136599,27
10286,0.4917696878628509,2
10287,2.9605263157894735,14
10288,1.0846514861811227,26
10289,1.102024751825775,14
10290,0.5645029564535625,24
10291,1.3872832369942196,1
10292,0.1125879593432369,2
10293,2.4635248547449966,53
10294,16.589861751152075,5
10295,2.5142058982254536,22
10296,720.0,1
10297,12.486659551760939,13
10298,0.5805047166008224,2
10299,0.7961719409706864,11
10300,19.08801696712619,15
10301,1.2353869735306902,15
10302,4.287841191066997,12
10303,2.0195458974283267,38
10304,0.932677005070506,7
10305,0.497787610619469,4
10306,0.15774944130406204,1
10307,0.2737184653518043,5
10308,0.17376613973693736,4
10309,1.0356731875719218,7
10310,0.4036779546983628,9
10311,1.9218449711723256,5
10312,2.4965325936199725,2
10313,1.9386106623586428,1
10314,3.932277444019661,4
10315,1.4054447972515747,15
10316,12.532637075718016,4
10317,15.0,1
10318,0.8810572687224669,1
10319,1.5292822800208539,66
10320,2.7949105024800516,18
10321,2.1102846054333764,29
10322,0.7993326892264117,37
10323,0.328193373619504,14
10324,0.3356643356643357,1
10325,0.14968192590744667,1
10326,0.06148590947907771,1
10327,0.7979986700022166,35
10328,0.09358427784132266,1
10329,0.09298000929800092,1
10330,0.9459719284752932,41
10331,1.5877085918829936,43
10332,0.35154104363747335,8
10333,1.715434072498498,69
10334,0.5017167327598221,11
10335,5.283018867924528,21
10336,0.7955801104972375,2
10337,1.2367946405565575,4
10338,0.5540734660373486,12
10339,0.49732534133556416,18
10340,1.3975959049864841,27
10341,19.302949061662197,10
10342,2.1787151632523374,40
10343,0.264350822914321,15
10344,0.2951182522441284,4
10345,23.653088042049937,5
10346,0.5399730013499325,12
10347,0.6496631376323388,3
10348,1.0731852735131913,14
10349,1.2209391056621053,20
10350,9.183673469387756,52
10351,2.8597908115980406,30
10352,5.8584214808787625,4
10353,40.0,2
10354,0.3198578409595735,2
10355,0.605143721633888,14
10356,0.22220079081878677,16
10357,54.576080853453114,27
10358,11.076923076923077,5
10359,0.8399685011812058,8
10360,0.4150334332487895,1
10361,0.7139214686384497,7
10362,0.33812341504649196,1
10363,7.692307692307692,1
10364,1.0212765957446808,7
10365,0.20071924395751442,2
10366,16.615384615384617,3
10367,1.9869986508033852,9
10368,8.64345738295318,12
10369,11.070536229098597,32
10370,0.9454471176994119,18
10371,0.14924444997201666,2
10372,0.04546851515827675,3
10373,1.2864289684745494,27
10374,11.774325429272283,4
10375,17.282765242438792,10
10376,1.2673825030804435,2
10377,0.4992372763833033,4
10378,1.0822629133643071,11
10379,0.44296788482835,1
10380,0.40696359936694554,1
10381,3.7906137184115525,7
10382,0.7780419278149989,2
10383,0.605245460659045,5
10384,2.396804260985353,1
10385,215.73033707865167,16
10386,0.25324766683862493,3
10387,0.22081825430902288,1
10388,4.110175538746967,8
10389,1.9313304721030042,1
10390,2.9139966273187183,12
10391,0.8275227951881082,18
10392,0.8499111569477752,19
10393,0.23062139654067904,8
10394,0.10623229461756373,1
10395,11.48936170212766,6
10396,29.984383133784487,16
10397,1.2314428405281523,5
10398,0.4891082831393506,3
10399,1.44,1
10400,0.6315789473684211,1
10401,0.7371196027744363,8
10402,1.1586739620212423,3
10403,7.6611777839799045,61
10404,0.830976975012984,12
10405,0.5485682135196277,13
10406,0.1971576439661546,4
10407,0.9375488306682639,45
10408,3.2830813226899647,81
10409,0.047661287119537155,1
10410,145.34161490683232,26
10411,0.31391242424682814,6
10412,1.287078470268026,31
10413,0.2927257647460604,5
10414,14.5523718939484,34
10415,0.3663624953356627,3
10416,0.29313573813207394,2
10417,0.488135593220339,3
10418,4.0349465455799525,39
10419,0.35332221022671506,1
10420,3.280757097791798,26
10421,1.262011795273642,17
10422,0.3594105666706601,10
10423,1.2210978574255187,6
10424,2.48030434652368,46
10425,0.32223415682062295,1
10426,1.0776829815895825,4
10427,3.504296455424275,29
10428,0.8952699902183463,15
10429,0.6239001759718446,13
10430,9.56881275841701,27
10431,24.026696329254726,12
10432,3.8176033934252387,2
10433,5.726405090137859,3
10434,1.830464153410329,7
10435,1.287922152261019,5
10436,0.21797705186037358,2
10437,0.51524259338772,3
10438,0.14122631517006,1
10439,0.641562561260314,10
10440,2.506039883706646,17
10441,0.9773755656108597,3
10442,14.285714285714285,4
10443,0.1899610843611899,4
10444,0.05773764654937371,1
10445,1.6553838293524077,18
10446,0.1301200899997289,4
10447,1.0871206401932658,50
10448,30.08356545961003,6
10449,4.993065187239945,1
10450,52.173913043478265,1
10451,124.13793103448276,1
10452,5.925550772347429,13
10453,2.1956239993901043,24
10454,2.367836882348105,8
10455,0.06694062738243552,1
10456,0.6786264098777844,6
10457,0.266173752310536,2
10458,6.4159686330422385,10
10459,1.6142839672251437,33
10460,19.955654101995567,5
10461,0.7462753828266532,23
10462,0.10147419454858078,1
10463,3.7240865643232506,25
10464,0.442287609804042,6
10465,8.649225840896957,9
10466,0.8029599307250256,51
10467,0.31118314424635335,8
10468,0.16475972540045766,1
10469,2.4660782505598733,52
10470,1.4439467878868908,6
10471,6.164383561643836,2
10472,2.3878242475306095,37
10473,1.5791782424331042,3
10474,1.4874614626704383,13
10475,0.7529805480025099,2
10476,0.8016032064128256,1
10477,0.2543720190779014,2
10478,0.9566199428685312,4
10479,2.1875632975491186,3
10480,0.08537076999691716,1
10481,0.6198347107438017,3
10482,0.5142122553920868,1
10483,0.6640952540667449,11
10484,0.17073344241303265,2
10485,0.8180191439202431,8
10486,0.28217097470912006,9
10487,1.6233278220351721,15
10488,0.18747780802461828,11
10489,0.9832782009650693,36
10490,0.5833423355298692,3
10491,0.8001778172927317,4
10492,0.10177325766303158,4
10493,4.136980004596644,5
10494,0.6981344296629562,20
10495,0.055743086308878635,1
10496,1.0919679689395778,5
10497,0.33532562291391754,6
10498,0.23610291309329537,17
10499,9.708261828879628,11
10500,0.8189262966333031,2
10501,0.6200354109112454,25
10502,0.7124279090806288,7
10503,0.07301046483329277,1
10504,67.35266604303087,20
10505,0.31261759342345213,3
10506,0.24182172365150803,3
10507,0.3313653039487699,7
10508,0.6653728860548933,2
10509,1.0418501648337821,69
10510,0.5421354111472411,27
10511,0.1456163413894226,2
10512,0.7276402223345123,34
10513,1.4088641033167009,20
10514,2.8476506881822496,20
10515,24.640657084188913,10
10516,2.125147579693034,36
10517,3.4041122516521503,90
10518,0.520739160308104,4
10519,0.7805724197745013,41
10520,0.7980786994273046,48
10521,1.2226184411614875,4
10522,0.7213959987435146,37
10523,0.5394773812868783,8
10524,2.5274982447928855,24
10525,6.521739130434783,1
10526,44.44444444444444,1
10527,0.6057546693589096,1
10528,0.2057377986055549,1
10529,0.8309609909979226,9
10530,6.679035250463822,1
10531,1.4072463414038259,16
10532,1.270289343683839,1
10533,0.7816457986538322,3
10534,0.8491678679072205,9
10535,0.46227929373996784,8
10536,0.04386873499628335,1
10537,0.7639036246841182,33
10538,7.463450095581702,154
10539,0.6568486902124332,28
10540,0.6154472372036227,42
10541,2.5906824529239416,84
10542,2.4599765716516986,70
10543,54.049135577798005,33
10544,4.357788249535256,28
10545,0.8417770849571317,6
10546,0.8845604002859184,22
10547,1.70923938847213,5
10548,0.22970512667812357,15
10549,2.233181352935703,20
10550,0.8475906451106576,18
10551,0.19861226048761857,13
10552,1.9721299688430853,16
10553,0.45972662346876036,27
10554,0.5903810439816148,37
10555,0.5410085945942078,21
10556,0.5270931930048187,34
10557,0.43212099387828595,3
10558,0.33820138355111456,11
10559,0.1762071412838648,4
10560,0.9351195849108064,40
10561,1.0259008295864733,9
10562,0.7390679531923631,16
10563,0.3679933410728758,14
10564,57.14285714285714,1
10565,0.3587872989296179,5
10566,0.3104652666982881,2
10567,1.2364093103583624,35
10568,0.2490143183233036,1
10569,0.24565833020573885,2
10570,1.2553030743302145,42
10571,0.164963570544838,2
10572,0.6195147134744451,7
10573,10.959521930319088,27
10574,1.238136700043535,79
10575,0.1735692589556916,4
10576,1.0312768561681294,22
10577,0.9864242122306639,11
10578,0.2857171202095259,8
10579,0.22417685062660545,4
10580,0.7870572802798426,1
10581,1.5009576422457036,32
10582,327.27272727272725,1
10583,1.6582220175034545,1
10584,0.4812405311469566,9
10585,6.335239771227453,4
10586,0.18492359059971747,6
10587,5.160057333970378,9
10588,0.301993154821824,5
10589,2.1518230723251643,1
10590,0.14109070956869355,2
10591,1.633949846817202,4
10592,0.17349397590361446,1
10593,0.3775299751808998,3
10594,1.2304887774866127,24
10595,0.09738942242661977,1
10596,0.452173349324171,31
10597,1.9027255582649643,44
10598,0.024048899428838637,1
10599,13.688212927756654,1
10600,1.4412250412850924,16
10601,0.22032632777213362,5
10602,0.4736218918563347,8
10603,1.9332071804838133,42
10604,3.0368173283626767,31
10605,0.16999575010624735,3
10606,2.0737327188940093,1
10607,1.174766984152883,16
10608,3.2727272727272725,2
10609,2.234405710147926,6
10610,0.7241639426703546,4
10611,0.3882866850024268,4
10612,0.23129309975585727,3
10613,0.02560018204573899,1
10614,1.9989707196836317,41
10615,0.9116616722238635,6
10616,0.3819448537646324,9
10617,0.14521984671238403,1
10618,0.1151005531221025,1
10619,1.1707860992380599,7
10620,0.2391549857171328,1
10621,2.502482621648461,7
10622,8.864655703104388,56
10623,0.2110013773701023,8
10624,0.7651899310721769,14
10625,4.568214555182111,37
10626,0.9365244536940688,33
10627,87.02049395691013,46
10628,96.77419354838709,50
10629,22.966507177033495,12
10630,5.20932089217105,29
10631,0.7954043305346885,1
10632,0.5669526296158149,19
10633,1.998519615099926,6
10634,1.0230179028132993,2
10635,0.31151300134123655,2
10636,17.570498915401302,9
10637,1.7013026355649803,39
10638,0.5417199608757807,2
10639,0.08333140436563968,6
10640,0.06479015189691167,3
10641,0.4013697539221152,7
10642,0.29265573465880057,14
10643,1.4622753274887452,12
10644,0.6323370122076173,24
10645,7.424446735940351,26
10646,0.7428004362478753,21
10647,1.1307898615507284,13
10648,3.254114722609318,24
10649,0.8453680873547024,6
10650,0.47083442322783153,21
10651,123.27447833065811,64
10652,1.4534175819950526,63
10653,2.1382317576670675,41
10654,32.523997741389046,32
10655,26.456692913385826,14
10656,11.495476317189995,6
10657,0.7634296014526368,16
10658,1.8951073142118007,35
10659,0.09719222462203023,1
10660,2.0231143255063895,23
10661,1.7988921456907636,82
10662,4.4534770698948485,196
10663,0.6560318483837505,13
10664,6.156524983675881,55
10665,2.6612456107928293,32
10666,0.8231864174241125,4
10667,0.2830795625134034,11
10668,0.27228378020648186,2
10669,1.1087726502746265,6
10670,0.8290660814435504,17
10671,21.791767554479417,5
10672,1.4213197969543148,7
10673,0.36330608537693004,8
10674,0.7461734693877552,13
10675,1.6605166051660516,1
10676,0.09914351023105945,1
10677,0.2823042298583774,5
10678,2.226973291514277,57
10679,0.3756717741795224,6
10680,1.1288805268109126,2
10681,4.8758760487587605,149
10682,0.5943536404160475,1
10683,2.012190253120758,21
10684,2.1189161422884295,55
10685,0.4100361222298155,7
10686,0.8733368746418608,58
10687,1.2192877180323525,46
10688,0.8520710059171597,6
10689,44.379985496736765,17
10690,5.344021376085504,20
10691,1.5010753317435004,57
10692,10.260586319218241,7
10693,0.6571861479764144,10
10694,12.0,1
10695,15.802675585284282,21
10696,7.597340930674265,20
10697,8.22857142857143,6
10698,2.5227750525578134,4
10699,3.127601809954751,24
10700,0.2841186055904514,17
10701,17.951668584579977,13
10702,0.8281732262331538,24
10703,0.2050172271420029,2
10704,1.0688836104513064,4
10705,0.270310857486109,4
10706,0.4528871556170587,1
10707,3.8027139026570245,13
10708,1.5828169908564633,108
10709,19.081272084805654,15
10710,1.677826814792269,49
10711,1.552202032645519,7
10712,0.49732915822435075,6
10713,1.0133233252017264,15
10714,0.2751557305002484,2
10715,0.28731045490822027,2
10716,0.34687372030094504,12
10717,2.5894897182025893,51
10718,1.5693886951371983,106
10719,2.0246107575785364,92
10720,0.702301989855638,9
10721,1.6767582673497905,4
10722,2.4336200097645246,18
10723,0.9756482147608676,55
10724,0.19065699258963525,13
10725,1.326148985720797,59
10726,0.6333010818893483,16
10727,0.8579344037653788,32
10728,0.9728569725390454,34
10729,13.05699481865285,84
10730,1.6901408450704225,8
10731,3.194690948375646,23
10732,1.7088115992060067,11
10733,0.9778888466344325,10
10734,0.18605612693162438,1
10735,0.6032677000418936,10
10736,0.3939161833898676,8
10737,0.1556420233463035,1
10738,0.49692380501656414,7
10739,1.5253429373444203,40
10740,1.5026833631484795,21
10741,4.845222072678331,2
10742,1.7783531495928866,58
10743,1.3964313421256787,12
10744,1.5343088506890183,27
10745,0.5885993903792028,14
10746,39.19129082426127,7
10747,0.26455674497219706,6
10748,0.26666666666666666,2
10749,0.23436482791545504,6
10750,0.66559021828894,15
10751,0.42345745167487875,9
10752,1.637084511645753,32
10753,0.14917642183777063,4
10754,1.0350032343851074,4
10755,0.606026597834016,6
10756,13.744954728918948,140
10757,0.9148031787100351,22
10758,0.17203807776121116,5
10759,48.10261892036345,25
10760,6.475790736021587,12
10761,2.096497102757476,40
10762,1.0328651967464746,20
10763,0.7428110521280786,11
10764,1.3366021545932438,63
10765,40.089086859688194,5
10766,2.4213889355977805,4
10767,2.731756671303908,6
10768,0.05221780627193873,2
10769,0.2089682194166304,2
10770,0.27096191479753123,1
10771,3.231597845601436,1
10772,0.8841912698815997,58
10773,2.770083102493075,5
10774,1.595037660611431,5
10775,0.8663634394628547,10
10776,0.6343655328060509,26
10777,0.7064364207221351,4
10778,3.588530774192287,102
10779,0.4275365187443094,3
10780,3.4428852555496294,104
10781,0.9139802906296978,38
10782,1.4391586457148127,13
10783,0.6307150124997474,26
10784,0.5943143923135339,10
10785,11.416490486257928,6
10786,11.61290322580645,6
10787,0.4921663522270528,5
10788,0.3351487222454964,4
10789,0.08563578624356245,2
10790,2.2767698327997152,16
10791,0.8622606969940634,28
10792,1.4454348349795232,5
10793,0.3694107385649419,8
10794,0.465485712174668,7
10795,2.874825314434019,8
10796,58.44155844155844,5
10797,2.1424230145867096,47
10798,0.49841936451531027,12
10799,0.9834844157456849,44
10800,0.5266457680250783,14
10801,2.4836809425250754,13
10802,0.08198728058438712,4
10803,13.227189222290262,6
10804,0.5628187840769185,8
10805,0.4369510526548087,11
10806,1.1090573012939,19
10807,1.8942766939205051,13
10808,0.5422612293262906,15
10809,0.21646323131501413,7
10810,0.13444820217025955,9
10811,2.634713352945397,51
10812,1.924584788652078,15
10813,0.7370001364815066,3
10814,2.9536332793755684,37
10815,0.6802935340619194,24
10816,0.21621621621621623,4
10817,71.42091152815013,37
10818,7.1602209944751385,9
10819,2.8179770132498376,41
10820,1.2235933905040786,13
10821,2.512796649604467,3
10822,0.5706134094151213,1
10823,0.7253677211364095,3
10824,0.08946322067594434,1
10825,1.5852610495962274,62
10826,1.1144648247039701,4
10827,0.28048487524266486,12
10828,0.45263904730257665,14
10829,1.022990216641182,42
10830,14.754098360655737,3
10831,2.2360248447204967,1
10832,0.8774780630484237,3
10833,36.61670235546039,19
10834,55.38461538461538,29
10835,2.8973843058350104,30
10836,0.146484375,1
10837,0.18747746665064294,13
10838,50.09074410163339,23
10839,13.683483068417416,11
10840,3.896103896103896,7
10841,0.24127473484911952,8
10842,0.0898876404494382,1
10843,5.2709603030802175,80
10844,30.0,6
10845,0.578368999421631,5
10846,2.530585810079693,89
10847,0.6013028227826959,1
10848,0.8821907737548245,4
10849,1.066824714772559,2
10850,1.2136280314363372,16
10851,0.8567348881485007,3
10852,0.3619982302308744,5
10853,5.37647790914748,12
10854,10.899182561307903,10
10855,6.255430060816681,2
10856,1.008183713476678,9
10857,1.2479122679860082,11
10858,4.406107937988111,21
10859,1.587826662256037,24
10860,0.8666345690900337,2
10861,0.9224619484446267,5
10862,0.06777874006853184,1
10863,0.9778622843949476,10
10864,1.8054162487462388,3
10865,0.8404710139640758,16
10866,0.48999591670069415,1
10867,1.1144360747084923,9
10868,0.6666803843700487,9
10869,0.7875434307038991,17
10870,0.08934997890347719,1
10871,0.6835821604044527,8
10872,0.2949731656356262,2
10873,0.139254216308216,2
10874,0.6298566533133838,29
10875,3.1348754898242954,62
10876,1.6388193402286166,118
10877,1.091622366887455,32
10878,1.8690133167198815,20
10879,24.324324324324323,3
10880,2.593659942363112,3
10881,1.0010646242829675,35
10882,0.9022556390977443,2
10883,0.16969125618666037,1
10884,1.256763833129691,4
10885,1.8200202224469162,1
10886,0.2773094139698897,9
10887,1.5260703688003392,1
10888,2.4419656315948144,9
10889,3.2876712328767126,1
10890,1.3896037056098816,9
10891,34.155597722960145,5
10892,0.5853658536585366,3
10893,0.29972071478849255,11
10894,48.16053511705686,8
10895,1.686608043822978,39
10896,1.5347994457668668,12
10897,1.488423373759647,18
10898,17.30769230769231,1
10899,0.7403375068045727,34
10900,2.7212302880229373,58
10901,1.1216575606173567,28
10902,0.45474641571401503,10
10903,1.2826741813234865,22
10904,15.789473684210526,3
10905,0.234456408475165,3
10906,4.055241399508866,50
10907,0.40783958309731505,1
10908,0.09493420532158961,1
10909,50.0,1
10910,0.6008010680907877,2
10911,4.316916488222699,14
10912,0.3253575543957161,12
10913,2.362063823441694,11
10914,0.49298748131326386,24
10915,0.13768046658380342,2
10916,0.2543121210337317,18
10917,0.8814967306628456,27
10918,0.8405581601115829,38
10919,0.722247996890321,16
10920,2.1903520208604954,7
10921,0.9038602364264045,12
10922,0.33066580938493867,8
10923,27.55741127348643,44
10924,8.814968814968815,53
10925,0.8785487675913122,12
10926,0.7745010425975574,13
10927,41.37931034482759,1
10928,0.3111898690409301,4
10929,7.2727272727272725,1
10930,0.532938564026647,1
10931,156.52173913043478,4
10932,19.51219512195122,2
10933,0.40327097569172177,1
10934,0.5444646098003629,10
10935,0.3204272363150868,1
10936,0.7872293898972228,3
10937,18.877818563188253,10
10938,1.9035029742233973,8
10939,0.3043625295908015,2
10940,0.28505993567878374,13
10941,1.7548135510601997,4
10942,0.4571235079996614,3
10943,0.5221932114882507,5
10944,0.6401707121899174,2
10945,0.10939921597228554,1
10946,2.4324324324324325,2
10947,30.14354066985646,7
10948,1.6724385505532562,33
10949,0.22958085550754906,8
10950,21.392190152801355,7
10951,0.5859184271345333,5
10952,0.5597711158104242,5
10953,0.6691928219060557,13
10954,18.837600448514294,28
10955,0.3072825975622247,20
10956,2.6212132063310176,61
10957,0.7660611688236318,11
10958,1.2521739130434781,1
10959,0.12065556188624862,2
10960,0.6974671609211733,30
10961,0.4704806090110106,12
10962,1.227202999829555,2
10963,0.0591667351466842,1
10964,0.05950118175958217,1
10965,1.032200157073937,23
10966,0.42720674037301476,18
10967,1.369181709136655,13
10968,0.5322511572893938,29
10969,0.23888044697185853,10
10970,36.38297872340425,19
10971,5.5915091897488995,6
10972,0.5313565993177644,9
10973,0.06682423987427143,3
10974,1.8154311649016641,5
10975,0.10850236595436874,1
10976,0.700508355021526,8
10977,0.44694781688208157,19
10978,0.8723804354147684,25
10979,0.4573635532066267,20
10980,1.406947555127993,26
10981,3.1634446397188047,6
10982,1.529745042492918,6
10983,22.720897615708274,9
10984,0.5500171880371262,4
10985,0.7259737266651303,7
10986,1.3373784904959447,6
10987,0.7985549957220268,7
10988,0.6810550046507229,12
10989,0.2082478780803332,11
10990,0.15718807990394063,2
10991,0.42060754423055524,21
10992,2.820126544139801,13
10993,1.5927671443685678,23
10994,7.954043305346884,5
10995,0.5548363232846311,15
10996,0.3492433061699651,5
10997,3.6703910614525137,73
10998,0.7184624902708204,10
10999,6.654343807763401,5
11000,14.5985401459854,5
11001,1.8200450912072146,37
11002,1.6827890670648575,36
11003,0.6289418054123936,20
11004,0.8474576271186441,8
11005,2.2160974859045566,44
11006,0.9236040420090871,31
11007,0.39393055150277206,3
11008,45.66596194503171,6
11009,0.6918752702637775,4
11010,0.4129387474191328,4
11011,0.16059957173447537,4
11012,0.19047308957119133,13
11013,16.38225255972696,4
11014,0.13142363435024398,6
11015,1.5710919088766693,10
11016,3.2980456026058635,9
11017,0.22246941045606228,1
11018,0.2740629837338544,3
11019,1.2486992715920917,1
11020,6.378454996456414,10
11021,1.3577894235350165,19
11022,5.194805194805195,4
11023,0.9070580454158925,16
11024,0.08477969055412947,2
11025,46.40171858216971,24
11026,188.37209302325581,36
11027,0.36024316413579166,4
11028,8.89226676800304,13
11029,4.605052766229613,4
11030,1.090909090909091,1
11031,0.6734846595160888,9
11032,4.877263581488934,101
11033,11.382113821138212,7
11034,0.2352018816150529,2
11035,0.4349270591077955,8
11036,0.08065058135627395,2
11037,0.22905134567665583,2
11038,0.20933883816944818,2
11039,0.44749681469281205,4
11040,0.8798549868632762,12
11041,0.221483942414175,1
11042,0.2821980089362703,2
11043,3.175303197353914,20
11044,0.09438909281594127,1
11045,1.7413737504030957,3
11046,1.0902483343428224,1
11047,0.7516599156470539,5
11048,0.19696347968814115,2
11049,0.21859250713461656,1
11050,1.3891324937734593,11
11051,2.628747117601845,19
11052,7.373493975903615,17
11053,0.42578356002365464,2
11054,0.09578671491478973,2
11055,0.18393741018681142,8
11056,62.919225318847424,37
11057,0.28042087098243174,13
11058,1.6369446191985946,73
11059,2.3590351670983245,21
11060,5.187319884726225,1
11061,5.134658947898314,17
11062,3.0038510911424905,13
11063,4.66346413342689,24
11064,0.09952174273629504,1
11065,4.612850082372323,21
11066,1.8494734138196762,2
11067,3.2564004166438245,66
11068,8.880118401578688,5
11069,0.5545381416126106,9
11070,36.57754010695187,19
11071,21.244635193133046,11
11072,84.75120385232745,44
11073,17.40999462654487,9
11074,29.016657710908113,15
11075,4.113670062983771,84
11076,0.25210084033613445,3
11077,0.18690133167198816,6
11078,0.3109076776923741,2
11079,0.43912256805383315,30
11080,2.5356233407379314,39
11081,0.8155339805825242,7
11082,0.7667935781037835,8
11083,2.9702970297029707,7
11084,0.7638446849140675,1
11085,2.6219956300072833,1
11086,5.128205128205128,1
11087,0.9070294784580498,1
11088,9.79739945570003,9
11089,2.582496413199426,4
11090,1.4176949330532949,3
11091,0.37787341240684374,1
11092,5.255474452554745,1
11093,0.8674859589612411,13
11094,0.38690124345760746,10
11095,6.483067597838978,41
11096,2.6977991638400254,38
11097,1.0621906042028653,45
11098,58.612829697167044,50
11099,24.59016393442623,5
11100,2.8059236165237724,2
11101,0.5325443786982249,2
11102,1.0428736964078795,1
11103,7.7087794432548185,1
11104,2.02275600505689,4
11105,17.273090763694523,12
11106,0.6728552738147157,9
11107,7.128712871287129,20
11108,0.49604712447682525,8
11109,0.24099611728477707,1
11110,3.576751117734724,2
11111,0.7038123167155425,4
11112,0.28890137228151835,5
11113,1.130298273155416,13
11114,0.5701037588841169,25
11115,3.260509399368221,41
11116,1.363340284685649,75
11117,1.9704433497536946,5
11118,0.17774141445489106,7
11119,0.6942100949717978,4
11120,0.0734858845863357,1
11121,0.34241146444310583,6
11122,0.5327163151097719,11
11123,4.352980226658447,51
11124,29.032258064516128,4
11125,0.46567581202219727,10
11126,3.3146169172251407,61
11127,0.5475628086751128,17
11128,0.2760171744019628,3
11129,12.926391382405743,4
11130,0.520745437450276,6
11131,0.47619047619047616,1
11132,0.35306075141313453,11
11133,6.164013217182338,114
11134,8.581644815256256,6
11135,0.24650901176297962,14
11136,0.28855402372555305,3
11137,0.5687203791469194,3
11138,0.23886935173512044,1
11139,0.30627871362940273,1
11140,0.24718483932985444,1
11141,0.07268175486059235,1
11142,0.07577990148612807,1
11143,5.274325553197939,58
11144,0.8810158036916068,26
11145,1.8582991949566727,47
11146,27.971223021582734,27
11147,0.7333944495374615,22
11148,1.9805248390823569,10
11149,3.114186851211073,31
11150,0.793475865109103,2
11151,1.6181306332946939,19
11152,4.389123592956988,43
11153,32.57918552036199,4
11154,2.0533713587288656,14
11155,0.7543103448275862,35
11156,327.27272727272725,1
11157,200.0,1
11158,6.166495375128469,25
11159,0.5726101479242882,2
11160,90.52808046940486,30
11161,4.202729358721468,29
11162,1.5588539536673964,18
11163,0.49560401739620163,22
11164,0.5628976994615761,23
11165,2.9390334898828074,93
11166,2.2628733062379016,88
11167,1.6871976781683327,109
11168,0.6281534904686432,12
11169,1.3046993337112378,78
11170,0.3688839552557424,6
11171,4.746001054666901,15
11172,0.17814726840855105,18
11173,0.2807298977341087,14
11174,0.0717545992704949,1
11175,2.210811825113867,36
11176,0.07206413708200299,2
11177,1.5232210618220894,63
11178,12.07884803578918,24
11179,2.0539390294675486,37
11180,2.940833236083557,56
11181,0.25721109682160576,7
11182,0.8229041659523402,4
11183,0.05540365151103199,3
11184,3.8125496425734715,4
11185,0.16973125884016974,2
11186,0.13438100748427556,2
11187,0.17771634496717184,2
11188,1.1703138047309745,51
11189,1.1731160896130346,12
11190,1.0178117048346056,35
11191,5.942432683379759,16
11192,1.2512218963831867,16
11193,0.8307756213509335,10
11194,1.9022345384732808,45
11195,3.740110285303284,13
11196,0.47033352619496444,7
11197,2.517014220745483,109
11198,1.5741145605596851,47
11199,1.653916065757146,23
11200,1.6294452273919617,44
11201,0.10417269517911917,1
11202,0.6988255847811317,2
11203,0.8561236623067776,2
11204,0.28214824539059896,4
11205,0.30695770804911326,1
11206,6.727574750830565,9
11207,1.0458903330933345,69
11208,49.9009900990099,7
11209,0.33622863547212106,1
11210,0.5519053876478318,7
11211,0.11177347242921012,1
11212,0.5180601525399338,6
11213,19.047619047619047,10
11214,1.1083898957385767,22
11215,0.9426786538149805,21
11216,56.708310700706136,29
11217,0.24347355606654944,4
11218,0.23515579071134624,1
11219,5.2060737527114975,14
11220,23.15112540192926,12
11221,0.3766084318443352,2
11222,3.59685275384039,56
11223,0.21097046413502107,2
11224,0.6111120541852688,20
11225,0.5922391988319726,8
11226,2.073533646923299,6
11227,0.7424593967517401,20
11228,0.33662687404544467,6
11229,1.4122394082044383,7
11230,6.478461365425711,16
11231,2.1655122129055777,33
11232,0.32697547683923706,6
11233,0.09519578599987308,5
11234,0.12226807274950327,2
11235,1.719526175009553,15
11236,1.6682333937957605,35
11237,1.3391362571141614,30
11238,0.4761316944997972,30
11239,0.24154589371980678,5
11240,0.7035097318846244,5
11241,5.262566063195773,13
11242,1.0180995475113122,10
11243,0.7194883638301652,9
11244,2.9232465974233737,67
11245,0.17220236386881313,11
11246,1.2959285004965244,29
11247,1.1924917188075084,54
11248,18.01983314969306,159
11249,20.11173184357542,44
11250,1.2101421436803688,7
11251,3.2846715328467155,29
11252,13.449729969667827,101
11253,16.93674856246733,18
11254,18.685121107266436,21
11255,19.543973941368076,5
11256,16.601409553641346,53
11257,22.5,48
11258,40.13377926421405,10
11259,15.66774434220343,35
11260,8.323699421965317,2
11261,10.53952321204517,14
11262,23.513444736618883,154
11263,2.2593196937366637,5
11264,20.151465261771484,17
11265,1.2207040989328812,51
11266,0.5230277495278222,5
11267,0.1702208142228947,3
11268,1.6403402187120293,9
11269,0.23977849034701276,7
11270,0.1722900215362527,1
11271,0.6865549652635881,7
11272,0.855960816015978,5
11273,0.4382761139517896,4
11274,1.1796832332058984,3
11275,0.17157154771833671,2
11276,1.1249913195114236,81
11277,0.12448132780082988,2
11278,70.86614173228347,5
11279,0.5386190920863235,29
11280,1.4615782091976084,11
11281,1.182071909374487,18
11282,0.24299149529766456,3
11283,0.6500541711809318,1
11284,0.12401818933443573,4
11285,2.725974644108866,35
11286,0.7848266841072596,1
11287,110.76923076923077,2
11288,1.0332291600229608,18
11289,0.27323495809598375,19
11290,11.000269614451335,34
11291,0.34385048871342605,3
11292,0.7099827882960412,11
11293,0.32249395323837676,1
11294,94.58445040214477,49
11295,44.20715429791778,23
11296,0.8147008237530551,5
11297,0.08714807911108959,1
11298,0.5122020623585686,21
11299,675.0,3
11300,1.8433179723502304,1
11301,1.4756114223254542,9
11302,1.5985790408525755,5
11303,4.110053069366555,91
11304,1.7697374889391406,5
11305,1.1761054574560186,20
11306,4.831935805106149,93
11307,31.858407079646017,7
11308,0.7059008078642578,15
11309,8.658008658008658,25
11310,1.0181406811845986,7
11311,0.12780913835339228,2
11312,0.6730799193372478,42
11313,24.545454545454547,24
11314,8.622754491017965,2
11315,40.449438202247194,1
11316,113.38582677165356,4
11317,0.7361712279745067,6
11318,0.9221311475409836,6
11319,0.24343239679480674,4
11320,0.11675423234092236,1
11321,0.6266619446928816,29
11322,1.7382906808305167,1
11323,0.48563958605006713,21
11324,1.282233936458185,5
11325,2.9256399837464446,4
11326,0.49079754601226994,3
11327,0.12996296055624149,5
11328,2.977667493796526,1
11329,21.492537313432834,2
11330,1.4781966001478197,5
11331,0.7713734733233341,1
11332,0.6988934187536401,1
11333,0.7009345794392523,1
11334,1.4046039797112757,1
11335,1.9501625135427951,1
11336,0.20952159236410198,1
11337,0.6795818683782061,8
11338,0.30040053404539385,14
11339,16.666666666666668,8
11340,1.2938780400143763,12
11341,0.7919243272309535,9
11342,2.1185817272326024,4
11343,4.245283018867925,2
11344,1.0887645546650537,2
11345,0.7011052144700326,4
11346,0.37479178234314264,6
11347,6.8445884092669536,27
11348,2.100789447606884,53
11349,1.7707095134647703,12
11350,1.785397994969712,28
11351,1.5825567082820466,5
11352,1.702530148971388,2
11353,1.8921760024027632,7
11354,0.6164685160722149,7
11355,3.419344625613424,6
11356,0.08780059509292229,1
11357,0.47953964194373405,5
11358,4.208557400046762,10
11359,0.3607937462417318,3
11360,11.305940853179797,60
11361,1.4174881875984366,54
11362,15.818240274354302,41
11363,0.5993119011505309,9
11364,1.4349905783446877,11
11365,0.7831534980856248,20
11366,0.35751526888127516,6
11367,0.14695677021676123,1
11368,0.23608560803616893,17
11369,0.7292667759624626,43
11370,0.3367738314259877,3
11371,1.0277604067538542,42
11372,9.106239460370995,6
11373,0.4892744693863683,6
11374,1.4558968193245163,37
11375,0.5930540787444026,11
11376,10.449927431059507,4
11377,0.06987803694477694,3
11378,0.17129805862200229,2
11379,6.13614573346117,16
11380,1.3363855719853988,12
11381,0.8513657325292657,8
11382,0.6027727546714888,5
11383,0.7323026851098453,1
11384,0.39452054794520547,8
11385,0.37731015127342177,18
11386,2.3195876288659796,1
11387,0.27010804321728693,4
11388,3.9625756741882228,8
11389,2.576808721506442,13
11390,2.1117994648963414,41
11391,15.824175824175825,2
11392,0.4570054119061936,19
11393,0.2379064234734338,3
11394,0.11605415860735009,1
11395,1.0516475812105632,5
11396,2.202545843884366,36
11397,8.181818181818182,1
11398,70.58823529411765,1
11399,2.959862471036699,11
11400,0.757784290548746,13
11401,0.26687423551651285,2
11402,2.5659301496792586,1
11403,27.22117202268431,4
11404,4.016960499888418,20
11405,1.7551802193975274,14
11406,1.8305084745762712,12
11407,0.7841931267778888,17
11408,0.6243496357960459,14
11409,0.22087244616234125,4
11410,20.65997130559541,4
11411,0.7448042381116579,33
11412,1.852963884361328,6
11413,0.6282722513089005,6
11414,0.4676257324048859,28
11415,0.8574734024453871,21
11416,0.24719332578020392,2
11417,5.018920533758215,42
11418,1.5930613328613152,20
11419,2.5095852213314744,2
11420,0.27718426979268923,16
11421,0.15277600953692666,11
11422,2.5694785207654904,16
11423,2.540908043327956,49
11424,2.154398563734291,2
11425,0.7152933696278487,10
11426,9.222886421861658,6
11427,0.4938610329926607,6
11428,2.3731048121292027,4
11429,2.330674424924469,81
11430,3.6697247706422016,2
11431,1.306751549673312,26
11432,1.870766584238254,29
11433,1.3554854803031016,24
11434,4.462809917355371,3
11435,0.8950428396572827,13
11436,1.0709186101856258,15
11437,0.1616016519279975,2
11438,0.21766733176129152,1
11439,0.16570008285004142,2
11440,0.7458357503936356,5
11441,1.2264365205541676,15
11442,0.7125636853793808,50
11443,10.92351980082471,39
11444,2.3011281920163635,60
11445,1.0926013354016322,18
11446,0.7065750736015701,1
11447,55.38461538461539,1
11448,0.3065917220235054,1
11449,0.7668431623151359,7
11450,0.6388642413487134,1
11451,5.76,5
11452,0.39776258545680543,8
11453,1.3771338401950939,8
11454,0.5018248175182481,11
11455,0.3239324369488649,7
11456,1.4613354982748124,24
11457,5.357142857142857,1
11458,0.6871540370299676,1
11459,0.4247286455875413,5
11460,0.3949533735600658,2
11461,0.8383140572847939,3
11462,3.5124587211047733,13
11463,0.14611575614903807,1
11464,0.9833378858235455,1
11465,1.2425790418334943,5
11466,0.2090668215309789,8
11467,6.486486486486486,1
11468,0.04103873600693099,1
11469,2.6094520150768337,5
11470,0.34035579786647335,6
11471,0.1559837083682371,3
11472,0.42399259695465635,7
11473,2.676843822020286,181
11474,0.3542348281715087,8
11475,0.7914117172901476,6
11476,0.07178750897343862,1
11477,0.08351505590869021,1
11478,0.08406991814859358,2
11479,3.4838709677419355,3
11480,3.101962661560555,9
11481,1.3503375843960992,1
11482,0.13038754074610648,1
11483,1.4078212290502794,7
11484,0.17391304347826086,1
11485,0.7371007371007371,1
11486,0.41778958362883784,9
11487,156.52173913043478,7
11488,3.098106712564544,1
11489,3.1746031746031744,1
11490,4.945054945054945,1
11491,0.7448275862068966,6
11492,16.744186046511626,1
11493,5.413533834586466,1
11494,232.25806451612902,4
11495,60.0,1
11496,0.13609899942031906,3
11497,0.32292787944025836,1
11498,0.14539579967689822,2
11499,0.48102618920363444,1
11500,1.680672268907563,1
11501,0.09161237785016288,1
11502,4.873096446700508,4
11503,0.5636890315509278,4
11504,0.6841690875030544,7
11505,8.06090461262875,5
11506,0.7586933614330875,4
11507,0.9801845409166542,9
11508,0.3225228453682136,9
11509,2.4226110363391657,12
11510,28.63202545068929,15
11511,26.346053319393622,14
11512,23.80952380952381,5
11513,2.0867549029079315,6
11514,0.5044843049327354,2
11515,1.2586783876929224,7
11516,1.409244106667176,82
11517,0.45996984642117905,5
11518,0.9742895805142083,22
11519,1.1740304465229132,25
11520,1.8361374807938744,80
11521,0.6064069784930064,28
11522,6.206896551724138,1
11523,2.528332003192338,22
11524,0.2791223153860638,7
11525,0.9952999723527786,3
11526,182.72138228941682,47
11527,2.42505894240485,8
11528,0.14821219045266473,2
11529,22.881355932203387,12
11530,0.8516254342169155,38
11531,0.3824878978438573,16
11532,0.7910349373764007,10
11533,0.5155869575595551,6
11534,0.3320216428922774,6
11535,0.8784773060029282,1
11536,138.46153846153848,20
11537,0.3019500943594045,2
11538,0.11819360769571713,2
11539,1.1923161845882093,12
11540,2.857142857142857,1
11541,3.91304347826087,1
11542,1.5608064166486018,10
11543,4.15944540727903,4
11544,0.7373649444415997,4
11545,2.0173718128327263,2
11546,2.4403103110642466,9
11547,0.6662553979025292,3
11548,3.5999999999999996,1
11549,1.1554509468278593,3
11550,0.8122743682310469,2
11551,1.0065706696490984,2
11552,0.2975206611570248,1
11553,0.21863565279443695,4
11554,0.5387877276128711,9
11555,0.5497022446174988,2
11556,2.552467385138968,5
11557,0.7219926998515904,20
11558,0.5272187120800034,7
11559,128.42809364548495,32
11560,1.7425742574257426,11
11561,1.0395460648850003,20
11562,40.12158054711246,66
11563,9.242618741976893,6
11564,0.6968467062129253,31
11565,2.6179098275503843,7
11566,0.38175021871106285,4
11567,0.9644148769924543,12
11568,0.5361570940285504,20
11569,0.6029926300900768,27
11570,0.10045904201141327,2
11571,2.5095852213314744,28
11572,4.827586206896552,7
11573,1.1195975302995655,34
11574,6.185567010309279,14
11575,0.07282731833630036,1
11576,0.2059378754075854,2
11577,1.2523917202991823,2
11578,0.6958538706871558,2
11579,0.7296557781305949,6
11580,1.2358393408856847,1
11581,1.58102766798419,1
11582,81.71206225680933,35
11583,2.0732696308310707,49
11584,1.303274642093138,22
11585,0.19167798099193356,4
11586,3.8487854943551145,50
11587,88.96734333627538,28
11588,2.5988645262333594,59
11589,1.610738255033557,4
11590,1.5733501675326569,9
11591,19.10828025477707,5
11592,0.10550841869257484,2
11593,2.1739130434782608,1
11594,0.31267642332913537,2
11595,0.6226757761826515,10
11596,0.06870491240123669,1
11597,0.6748840043117589,12
11598,1.0550652903057736,9
11599,0.7558642467812782,25
11600,2.2349341492616737,42
11601,83.59941944847606,32
11602,0.39660680841687784,8
11603,13.478658790248772,45
11604,2.205674427372985,26
11605,0.7088465170480802,49
11606,2.6303772033975705,24
11607,4.457586398077989,67
11608,0.9387560583035851,29
11609,1.4973795857249812,5
11610,14.00374585794554,27
11611,1.837359646138142,3
11612,0.8688756335551494,7
11613,41.98250728862973,32
11614,3.5420766292394954,34
11615,1.6567855112482741,17
11616,3.452409494126109,4
11617,2.6490066225165565,2
11618,3.3618677042801552,6
11619,1.944171087055661,45
11620,0.09110522020258258,4
11621,18.203548772639515,110
11622,48.97959183673469,4
11623,4.871447902571042,1
11624,0.9526100553283617,11
11625,0.621104617308978,8
11626,1.323367234407548,15
11627,1.3564796124343965,14
11628,0.162063609966912,4
11629,0.7160921826603394,7
11630,1.9887671485130283,36
11631,0.3214285714285714,2
11632,0.4424914728205758,4
11633,6.24783061437001,5
11634,0.6903233619958823,19
11635,0.27469033751303507,3
11636,1.311987504880906,14
11637,0.24932474548098899,3
11638,0.716275368085953,2
11639,3.5285469247733396,8
11640,1.699917365128084,12
11641,6.8805460750853245,70
11642,1.296681864902617,41
11643,4.375416330680503,104
11644,0.48860597999429956,20
11645,22.167487684729064,5
11646,0.6217616580310881,8
11647,1.988661142607937,19
11648,0.31678428749934,10
11649,0.9517874341397088,14
11650,1.7300521998508576,29
11651,4.343629343629344,5
11652,5.521472392638037,4
11653,3.8986354775828462,10
11654,0.7908495774812906,15
11655,0.439851986315716,14
11656,0.04311841994945563,1
11657,0.06746500252993759,1
11658,12.969377857835667,52
11659,4.120070629782226,35
11660,11.881188118811881,1
11661,0.8188127215537471,41
11662,7.065750736015701,8
11663,40.449438202247194,1
11664,0.4562159422126474,2
11665,0.5828354946816261,10
11666,0.3488879197557785,2
11667,0.29027576197387517,4
11668,0.6206896551724138,1
11669,1.3435700575815739,7
11670,0.41735501260759933,16
11671,12.949640287769785,6
11672,1.6974682052155234,36
11673,0.6651065402143121,6
11674,0.19465622320580261,7
11675,0.05252254092381314,1
11676,85.71428571428571,1
11677,2.0279697376608916,86
11678,27.428571428571427,4
11679,0.21966548472172315,9
11680,10.92675030352084,30
11681,0.227783226296308,2
11682,2.1176859868747586,32
11683,2.271866717152594,5
11684,1.205020920502092,2
11685,4.140310523289247,2
11686,0.7854688267059401,4
11687,0.4303646144650329,2
11688,3.01381331100879,10
11689,5.261448522247483,9
11690,2.5714285714285716,10
11691,0.2782071097372488,14
11692,0.201663725737333,2
11693,0.8417958311063602,7
11694,0.02852840954116808,1
11695,2.7407689379520366,6
11696,0.09772650152697658,2
11697,1.675197766402978,1
11698,0.9215017064846416,18
11699,0.049085777395999515,1
11700,2.909625275532697,11
11701,1.8031555221637867,2
11702,51.87319884726225,5
11703,0.11110939645993116,8
11704,0.0654236179260713,1
11705,25.899280575539567,14
11706,34.10526315789473,18
11707,1.355966251506629,45
11708,6.289399740853436,120
11709,2.3942537909018355,15
11710,0.36390285815369844,4
11711,4.178272980501393,10
11712,0.5525285856803008,2
11713,0.6353688669255206,1
11714,1.0261839801278658,14
11715,14.97611832982384,81
11716,10.816854168122424,43
11717,5.075930934054504,61
11718,0.407147704139335,6
11719,0.45156860673919935,19
11720,0.6287843502561714,6
11721,3.3250901290111137,62
11722,1.434009028945738,9
11723,3.2243618450515,4
11724,0.3633427533306419,3
11725,1.8493512593201433,35
11726,7.146827602636385,25
11727,18.99736147757256,2
11728,1.2897447380206002,32
11729,29.032258064516128,5
11730,34.806629834254146,7
11731,0.5552984729291994,12
11732,0.8371444074102782,3
11733,0.07524454477050414,2
11734,0.046068501302075,2
11735,0.19351717464925014,5
11736,46.4516129032258,24
11737,2.635093486747483,57
11738,2.6908652206981563,57
11739,1.1508311558347695,23
11740,0.040906766660985174,1
11741,0.45171849427168576,23
11742,0.07858889276982187,1
11743,0.8140628161336777,19
11744,0.3327910072474486,5
11745,0.34622042700519334,1
11746,0.690603318732615,6
11747,1.5803433969963583,71
11748,2.7671022290545735,15
11749,0.5530840447276663,23
11750,0.8627104748691429,19
11751,1.563631098885189,6
11752,0.4504504504504504,1
11753,0.24722444775094424,3
11754,0.7156741473758615,9
11755,8.683068017366136,5
11756,2.9029503842140216,17
11757,1.0934771053231072,28
11758,0.7931262392597489,5
11759,0.8487386800171967,17
11760,0.08228336333247623,4
11761,0.5858917272088118,25
11762,0.8560422314167498,15
11763,0.25615027482789904,12
11764,4.959531599793353,8
11765,0.4762744752160875,3
11766,0.8473080317740512,8
11767,2.009906988346816,94
11768,0.4220233675901684,6
11769,0.2557794612645097,8
11770,1.9771528998242531,35
11771,1.1370964557861627,24
11772,0.6385190318269564,43
11773,1.725142536634774,88
11774,0.4614645088928056,4
11775,10.37463976945245,7
11776,0.6478607099473613,8
11777,1.2587412587412588,2
11778,2.8475380660470635,8
11779,0.7208971164115344,9
11780,1.0708548991611637,5
11781,0.1282188267977348,1
11782,0.6630974016405521,45
11783,1.1737854581023803,20
11784,0.439038271309391,27
11785,0.11542284303562077,6
11786,0.2404916718624744,3
11787,70.18984094407388,38
11788,3.216439580075944,4
11789,0.7920095041140494,20
11790,0.5591798695246971,1
11791,0.15175786190034568,2
11792,1.0371650821089025,1
11793,66.25766871165644,6
11794,0.7662427499600916,4
11795,0.3779527559055118,4
11796,4.6062369853734415,102
11797,1.6484037010136736,29
11798,2.7363940407418665,5
11799,0.1443609022556391,2
11800,0.5376,7
11801,3.439341082466019,66
11802,1.4284297192738817,4
11803,0.9977827050997783,9
11804,0.4828164291701593,4
11805,0.32155571718409065,7
11806,2.059033806557042,28
11807,1.2895522388059701,3
11808,0.182370820668693,3
11809,1.7919245505452401,76
11810,0.6388642413487134,7
11811,0.2349371053790808,4
11812,0.8576278252583306,8
11813,0.28753993610223644,2
11814,0.3006363469343444,5
11815,2.2541298089023396,102
11816,0.38892162639952854,11
11817,0.5129301132720667,6
11818,0.4413820161349648,5
11819,2.8869286287089015,3
11820,0.32817770214834846,3
11821,4.285714285714286,1
11822,0.19616568735185405,6
11823,38.70967741935484,2
11824,0.50168971884472,8
11825,0.21332881843770504,14
11826,0.0505987518974532,1
11827,53.874933190807056,28
11828,28.938906752411576,15
11829,5.450733752620545,117
11830,1.0212352082995624,21
11831,0.23538257841999444,16
11832,1.7532729684526214,76
11833,89.85661178969728,47
11834,4.809763101220388,67
11835,36.36363636363637,1
11836,0.7682317865047282,35
11837,1.1646716273050792,1
11838,0.9680021511158914,20
11839,0.2655271944101608,15
11840,0.9201571935205598,64
11841,0.6402276364929753,1
11842,0.18110473890733475,1
11843,0.4535718785435303,1
11844,0.6860845535685925,6
11845,0.12902763341815707,1
11846,1.0743774248101603,9
11847,0.47600473360262857,20
11848,0.5443822773325269,6
11849,0.04964079370113485,1
11850,0.08028904054596547,1
11851,3.020979020979021,3
11852,0.1907554268152675,3
11853,33.76318874560375,8
11854,29.212410501193315,17
11855,1.4141017367638395,28
11856,1.2334399269072636,3
11857,0.2372348954958319,6
11858,1.349279362158847,11
11859,1.3217678645187938,16
11860,3.368484940444579,111
11861,0.3696145997766912,8
11862,1.118220786481953,5
11863,0.1920392613601003,6
11864,0.826889212158334,51
11865,25.984251968503937,11
11866,3.143555710792875,15
11867,1.6213452783796285,37
11868,0.449415099466136,17
11869,1.1548825869369947,5
11870,1.8471010774756285,1
11871,1.6998313659359192,7
11872,0.913328065991577,35
11873,0.6692693809258226,11
11874,2.3010226767452204,46
11875,0.7703830515728655,4
11876,0.2924134943412574,3
11877,19.848380427291524,16
11878,38.252656434474616,9
11879,5.024424284717377,2
11880,9.207161125319693,4
11881,2.2579633528963754,28
11882,0.4503297056773709,7
11883,2.468571428571429,3
11884,1.8609459808736108,2
11885,63.65751512331316,38
11886,0.055153817869836995,2
11887,0.9057743112341174,10
11888,2.0904405893881104,8
11889,0.718132854578097,2
11890,7.346938775510205,1
11891,5.507664244314337,52
11892,0.708468631162201,34
11893,8.0,2
11894,0.43870911583574523,28
11895,1.188707280832095,2
11896,1.8707129494907504,5
11897,0.2722858396236405,5
11898,0.23653088042049933,1
11899,0.053308850750025914,2
11900,0.5433962264150943,1
11901,1.0960440660991488,76
11902,1.3804902510250434,13
11903,0.32729256318564764,6
11904,0.23293432546101586,2
11905,0.03833416745642151,1
11906,0.6954144253915421,13
11907,0.1857824796800413,10
11908,6.091214397415849,132
11909,3.6529680365296806,2
11910,3.3975084937712343,10
11911,80.0,3
11912,1.963845676341679,58
11913,3.9669421487603302,10
11914,1.1532916866890919,2
11915,0.8338158656629994,4
11916,0.5353955978584176,2
11917,1.4632446870282196,14
11918,1.003939066476104,8
11919,7.135777998017839,2
11920,2.2030138453300694,8
11921,0.21871867310671647,2
11922,0.6367624168671289,5
11923,40.90909090909091,2
11924,5.075784279168135,4
11925,0.9426057813154588,10
11926,0.8013454689354966,18
11927,0.3584050973169396,2
11928,0.1527742413370061,11
11929,0.11172837590391359,5
11930,2.0385050962627407,4
11931,0.484332081394697,24
11932,1.8620143892334189,100
11933,0.7084696563430174,8
11934,18.620689655172413,21
11935,1.6491176822062592,69
11936,2.865101472343812,24
11937,0.07397057614859867,1
11938,0.42858843604904956,6
11939,1.3370473537604457,2
11940,2.247191011235955,1
11941,2.9752066115702482,3
11942,7.223476297968398,8
11943,1.2839310481474144,9
11944,1.7115442797251157,11
11945,0.34524922678558584,4
11946,2.5334271639690362,6
11947,5.046284051838138,53
11948,5.598755832037324,3
11949,0.4575931869458833,4
11950,0.32581291615489044,7
11951,0.2042205582028591,1
11952,0.10171071776688467,2
11953,0.5485068424843481,11
11954,0.0847617253720098,2
11955,7.535321821036106,20
11956,0.9262237087541004,4
11957,0.7226980728051392,9
11958,1.053521493139104,18
11959,0.488407114463634,10
11960,0.9573619359985817,3
11961,0.7849864081057115,30
11962,5.064715813168261,5
11963,42.534908700322234,22
11964,2.8625126499927713,22
11965,0.6798829090545517,34
11966,0.49797122832902985,9
11967,2.4430752745780873,38
11968,0.4183533148689741,12
11969,3.2345506045746655,118
11970,7.020125832444166,53
11971,0.5057194461167971,14
11972,0.095721768725571,4
11973,13.264554163596166,5
11974,0.09782077061029293,1
11975,0.3629032258064516,1
11976,0.5415680857756322,11
11977,0.5826185466904029,2
11978,0.07348888480617306,2
11979,1.6709767256813208,7
11980,2.2626441881100265,153
11981,6.736985369173188,11
11982,1.6707920792079207,3
11983,1.1154390934844192,7
11984,0.9862713463821497,9
11985,0.7269789983844911,2
11986,50.26852846401718,26
11987,19.32367149758454,10
11988,2.731976543635737,11
11989,0.7692307692307692,4
11990,1.715766584254267,32
11991,1.6462886300182922,19
11992,22.948676037920887,39
11993,1.9813657270904588,14
11994,0.6798802655310149,20
11995,2.6629009481541255,11
11996,4.374240583232078,2
11997,1.335671883432272,11
11998,0.3103448275862069,8
11999,0.3927129922548271,4
12000,1.8466273403436777,16
12001,0.5185398576073089,7
12002,0.389768574908648,4
12003,0.4770739464617016,6
12004,37.5,5
12005,1.3138343630249472,14
12006,0.8163265306122448,2
12007,6.081081081081081,1
12008,13.846153846153847,1
12009,0.1667850634709825,3
12010,1.6460905349794237,2
12011,139.14265635980323,55
12012,58.69565217391305,9
12013,1.416241476324448,33
12014,0.3096165423695495,7
12015,0.22219907648508838,16
12016,0.21950951817660758,5
12017,1.7192460038767312,34
12018,0.2216994494463672,5
12019,0.6238283526835647,11
12020,0.42458462944671316,8
12021,11.906976744186046,64
12022,0.922355593702361,20
12023,72.7659574468085,38
12024,20.85308056872038,11
12025,17.755856966707768,12
12026,0.4144736842105263,14
12027,0.192102454642476,2
12028,0.9047499371701432,2
12029,0.06369990268070423,1
12030,0.47046523784631467,1
12031,0.7133656989993065,2
12032,0.33707865168539325,1
12033,0.7744933522653931,10
12034,0.6643292120317402,1
12035,42.50513347022587,23
12036,0.19657385666986016,11
12037,1.6470695886901223,10
12038,0.30378115482866286,11
12039,1.1877703643962167,18
12040,0.14516226587544273,6
12041,0.2401921537229784,3
12042,6.208569118835893,64
12043,2.1712907117008444,6
12044,1.9969386946493888,133
12045,18.647764449291166,38
12046,5.083117412442865,194
12047,2.0487949720393925,23
12048,1.3131279636568625,11
12049,0.3343239227340268,2
12050,0.6778019849915274,7
12051,0.8807770410784626,10
12052,1.3627169168529756,32
12053,0.5158701726732106,22
12054,0.888523241464418,39
12055,28.31672784478238,15
12056,0.23478005673851368,10
12057,1.1421634893922257,23
12058,6.850618458610847,4
12059,1.0569583088667058,7
12060,0.22668597695359233,2
12061,45.378151260504204,24
12062,1.1049871218288336,23
12063,15.31276063386155,51
12064,0.4669624095260332,5
12065,0.2789130140037576,8
12066,0.6500541711809317,3
12067,1.1699307277858548,19
12068,0.3892499729687519,9
12069,2.0943220601923676,15
12070,0.22042953143416963,8
12071,1.7014726856750888,113
12072,0.3758657092145103,9
12073,0.05304883439922195,1
12074,0.5708108108108109,11
12075,1.1426437640029874,51
12076,0.7637541260818289,34
12077,0.5836891314921905,6
12078,0.16043638697256538,5
12079,17.990773962070733,39
12080,0.47529144607422463,10
12081,3.3003972700417643,18
12082,0.5386399341662302,8
12083,0.9437672040896579,8
12084,1.0129431626336522,11
12085,45.3305351521511,24
12086,24.65753424657534,6
12087,60.25104602510461,4
12088,0.04062976130015236,1
12089,0.1291271364264065,2
12090,0.7434944237918216,2
12091,0.3274215552523875,6
12092,66.98564593301435,35
12093,4.989111067115423,7
12094,1.6286243059839607,11
12095,0.743821698392878,23
12096,1.6974459724950886,30
12097,0.8795504519912044,2
12098,1.1665316514292328,14
12099,1.9513062022392038,61
12100,0.5059732958538299,7
12101,0.2985012748491947,8
12102,2.8685258964143423,3
12103,0.7535659818785323,35
12104,0.3933566433566434,8
12105,1.5805211448099103,74
12106,3.8886513491009747,48
12107,0.13754019548537044,6
12108,6.751937031115484,61
12109,0.22265860560048245,4
12110,0.05583472920156337,1
12111,0.39397160903007944,7
12112,1.1853245531514582,21
12113,0.21221410044800754,2
12114,0.32789274264062956,5
12115,21.267454350161117,11
12116,43.237597911227155,23
12117,18.95734597156398,10
12118,64.28571428571428,5
12119,0.7082558305909287,11
12120,1.5267857142857142,19
12121,1.2103552616832902,3
12122,0.8567144998929107,30
12123,1.3925900455600446,9
12124,0.3135296764547922,18
12125,0.8474869657335539,34
12126,0.8142954082786701,8
12127,0.18668590097161525,11
12128,4.149246310651088,51
12129,1.941747572815534,42
12130,5.44967589178279,39
12131,0.9988901220865706,1
12132,1.7973040439340988,1
12133,0.2639392939623887,2
12134,0.20670054258892429,2
12135,5.027932960893855,1
12136,0.6306937631394534,2
12137,0.33955857385398985,1
12138,1.6697588126159555,1
12139,4.086265607264472,1
12140,32.142857142857146,1
12141,0.7694362810579749,4
12142,1.95492804778713,2
12143,66.3157894736842,35
12144,0.7448581302495163,37
12145,0.23934280454917536,16
12146,0.9834233563047122,44
12147,4.5906168641411185,24
12148,0.6057852491291837,10
12149,1.2120629118368524,7
12150,1.0087742342247674,16
12151,0.43843624406284254,1
12152,0.6089389109361785,13
12153,32.6530612244898,4
12154,1.6709213274541659,34
12155,0.7154497396557892,5
12156,2.321270250664947,8
12157,0.2680815414688635,4
12158,1.7115689381933437,9
12159,1.7263703064307292,10
12160,1.640277935983597,4
12161,0.5403283533839794,13
12162,0.08357515960533952,1
12163,0.0852434173138852,1
12164,43.689320388349515,5
12165,2.0674278764948317,17
12166,1.4678471575023297,14
12167,61.53846153846153,2
12168,0.2481100166466977,13
12169,9.819967266775778,5
12170,16.957801766437683,24
12171,5.429864253393665,27
12172,1.3432835820895521,1
12173,0.22889406019913783,5
12174,2.6657003765380556,47
12175,4.227678079929539,192
12176,5.2084384778439485,43
12177,1.3804193209227533,31
12178,52.249637155297535,10
12179,1.2571807721185242,20
12180,7.379106475542418,147
12181,0.9262654136353987,40
12182,0.7919049714034315,6
12183,0.13088053515596598,1
12184,0.17929030919277858,6
12185,0.4641168886978943,3
12186,0.6373796613920549,8
12187,1.126848736207841,24
12188,6.04171661472069,7
12189,0.45080769712401386,3
12190,1.022848348526104,12
12191,4.886877828054299,9
12192,0.7219492630101273,2
12193,0.769762907993208,17
12194,1.422844559878042,7
12195,0.43155118676576365,1
12196,5.114063675106543,34
12197,0.9258578881622456,14
12198,3.9258451472191926,2
12199,4.961503293091796,208
12200,1.2539184952978057,1
12201,0.8704061895551257,2
12202,1.8331635959633368,11
12203,4.6635071090047395,41
12204,3.7733556129424275,69
12205,0.5719919497429296,39
12206,2.9877998174122333,10
12207,0.3579158285980865,13
12208,0.6534761299691414,4
12209,0.6330226833128187,3
12210,0.7058504140084159,13
12211,0.8317065000173272,20
12212,0.6415587501485089,6
12213,0.20282261472154145,2
12214,5.472788081483734,30
12215,0.286697247706422,5
12216,0.22023736693992413,4
12217,2.9079159935379644,16
12218,0.8230661755366443,9
12219,0.6180964917300978,6
12220,0.9634387351778656,13
12221,0.044503232665372774,1
12222,1.5223596574690772,8
12223,0.42050343605816964,6
12224,0.09823986901350798,1
12225,0.8186935016203309,4
12226,0.09610507488187084,1
12227,0.3194757321318861,13
12228,22.18798151001541,20
12229,1.1472421573251412,25
12230,0.1784068270345812,5
12231,0.579088471849866,9
12232,3.149147105992127,12
12233,0.9641824090276042,15
12234,1.6484708264044539,38
12235,1.5567086730911786,14
12236,2.3285899094437257,1
12237,0.1659980633559275,1
12238,0.5953365305109972,1
12239,1.2570507655116843,39
12240,0.2423752777216724,3
12241,29.001074113856067,15
12242,0.3348774906513367,10
12243,0.25636765020058394,6
12244,5.4660238139634,57
12245,2.0216606498194944,7
12246,2.584074040135618,47
12247,38.44660194174757,11
12248,2.077127445455277,43
12249,52.94117647058824,5
12250,1.9623875715453802,6
12251,0.20251645446192504,3
12252,1.3949163050216988,5
12253,0.5830116872250263,6
12254,0.0973630831643002,2
12255,3.809213739215367,13
12256,0.283777392401072,2
12257,0.08841081558977382,1
12258,1.2663085188027627,11
12259,0.34784625195663516,5
12260,0.2944771106598789,17
12261,3.976210705182668,13
12262,1.090954171659986,22
12263,0.513559394570536,10
12264,17.142857142857142,7
12265,4.256079622781574,86
12266,1.4441881456223047,4
12267,1.5817480594294642,27
12268,0.892533613044722,13
12269,3.497757847533632,26
12270,40.7108239095315,21
12271,1.4203985006904714,8
12272,0.3450920245398773,1
12273,0.18902003612382912,5
12274,0.1068693225672386,1
12275,0.4752726216565891,5
12276,0.5699058072346376,6
12277,3.4166403037013606,30
12278,0.8760545100584036,9
12279,4.636785162287481,5
12280,1.9377990430622007,18
12281,1.9625658731600943,3
12282,0.38939967550027044,2
12283,3.006025591839498,37
12284,0.13111171810980607,2
12285,0.3168874609392192,2
12286,1.692524682651622,1
12287,1.4905289307525103,8
12288,0.11083402604599611,2
12289,0.6116323410039076,9
12290,0.8483063328424153,4
12291,0.24647967683775704,3
12292,11.688311688311689,1
12293,1.6895062887178525,5
12294,56.038647342995176,29
12295,0.297680572208211,10
12296,6.403794841387489,6
12297,4.63171437761338,4
12298,0.7138607971445569,23
12299,1.366393121688894,95
12300,2.1334597605784045,5
12301,0.5052631578947369,2
12302,1.4507354422728187,52
12303,2.7558178376572764,55
12304,7.828923523015585,6
12305,0.2867002920095567,6
12306,44.89477786438036,16
12307,2.0169681447094607,7
12308,0.8739599655712741,22
12309,32.44962884411453,17
12310,85.71428571428571,1
12311,3.0100334448160537,1
12312,38.29787234042553,1
12313,1.1830430496220834,1
12314,3.726708074534162,1
12315,4.121350887235261,4
12316,0.29826014913007454,1
12317,0.5068994649394537,1
12318,1.3533834586466165,1
12319,0.13666907102995332,3
12320,0.5530803502842219,1
12321,1.4552804446690248,4
12322,4.082895143829261,66
12323,0.12383687931064137,2
12324,2.7796702548031065,17
12325,0.1621292981152469,2
12326,0.18920083668814447,5
12327,1.0438633487979754,11
12328,1.0036241984945637,4
12329,0.6682548030813972,6
12330,0.15134953333893889,2
12331,1.6352486940722235,2
12332,22.342406241688092,140
12333,9.07647105534821,127
12334,2.162162162162162,1
12335,4.5584045584045585,4
12336,0.18574892936380993,1
12337,0.1560964329074406,3
12338,0.16913319238900634,1
12339,1.490066225165563,5
12340,3.2226300241697254,50
12341,1.217450118363206,1
12342,15.0,4
12343,4.49042482940788,17
12344,2.088409328228333,25
12345,0.7556675062972292,3
12346,2.0083352475962326,34
12347,0.29041040637289506,12
12348,7.9411764705882355,12
12349,1.2201798983183418,13
12350,0.7658759706414211,6
12351,0.6485317960727797,9
12352,0.44445663804219593,9
12353,27.096774193548384,14
12354,4.415552557340856,10
12355,0.3327248781164075,4
12356,0.267176280683526,4
12357,1.3482757627265132,13
12358,0.201607257861283,2
12359,0.4524697306129289,6
12360,1.0652463382157122,12
12361,1.491244586706835,33
12362,0.401354277298252,19
12363,19.039395574743658,49
12364,0.42088854247856583,3
12365,0.2768166089965398,1
12366,1.1896893588896233,11
12367,2.071703976520688,30
12368,1.8698773152717034,50
12369,14.87603305785124,3
12370,156.52173913043478,1
12371,1.5178542470729413,26
12372,14.318181818181818,42
12373,1.408891671884784,35
12374,1.646090534979424,11
12375,4.4091630755273306,81
12376,4.763887542137475,232
12377,0.6604777455692951,10
12378,38.50267379679144,4
12379,13.521634615384617,25
12380,1.8099547511312217,1
12381,1.808136614766449,2
12382,1.6472203157172272,2
12383,0.724265116798927,9
12384,25.0,1
12385,8.200455580865604,1
12386,1.249045867739921,10
12387,2.05106461913532,86
12388,1.9914403004629224,19
12389,0.6410457844954907,17
12390,0.9370906526047089,31
12391,0.3824723769949948,18
12392,1.0116950215093279,13
12393,46.601941747572816,24
12394,2.9222473473647588,14
12395,1.0663243897020709,24
12396,0.3627569528415961,1
12397,1.6342320293688075,23
12398,75.4601226993865,41
12399,3.156787092248334,10
12400,1.2127337038908539,2
12401,0.8345568348659299,3
12402,4.251968503937007,3
12403,2.42914979757085,1
12404,10.650887573964498,1
12405,514.2857142857143,1
12406,1.6129032258064517,2
12407,7.1798962903869175,5
12408,0.5451241671714112,1
12409,24.82758620689655,1
12410,3.364485981308411,2
12411,7.578947368421052,1
12412,10.292249047013977,18
12413,17.866004962779158,2
12414,0.22823089358734588,2
12415,0.4249667994687915,4
12416,2.7293404094010616,6
12417,0.5323278252190307,8
12418,0.06714695390641394,4
12419,0.8570408284728008,4
12420,1.266268026732325,1
12421,0.6557051313893993,11
12422,0.2329192546583851,3
12423,1.2756909992912828,7
12424,1.673856327331904,36
12425,5.39568345323741,5
12426,0.38046924540266325,1
12427,0.547945205479452,2
12428,0.18781302170283806,2
12429,0.07286269430051814,1
12430,0.08092069771623808,2
12431,0.07852717912922084,1
12432,2.8251409003353074,11
12433,2.0145495243424736,2
12434,0.49966966283401526,25
12435,0.9284845805239306,7
12436,5.8919803600654665,6
12437,5.142857142857142,1
12438,46.055437100213226,6
12439,0.24543223343332424,2
12440,0.5364227309132225,8
12441,0.9163569719492949,5
12442,2.6076042635828336,116
12443,2.239474469991042,25
12444,1.0279965004374454,47
12445,1.508643268727082,4
12446,0.1853138753764188,2
12447,0.5520414031052329,4
12448,5.6296568852911415,17
12449,0.5273842161438169,14
12450,0.0959155942770362,1
12451,1.9423558897243107,31
12452,1.4248826733513014,21
12453,0.17404757300328755,2
12454,2.1773935318603908,51
12455,0.6654548815428695,6
12456,46.06946983546618,7
12457,1.161697649947387,23
12458,0.28625954198473286,1
12459,0.44591925210735966,19
12460,2.4740267615313094,17
12461,0.08427558115036168,1
12462,0.5653266331658291,1
12463,0.12049805864238854,1
12464,0.23197370964624012,1
12465,0.9036144578313253,1
12466,0.11181339586601027,2
12467,0.5038488453463961,1
12468,1.1448726473734425,11
12469,0.2983343001574542,1
12470,0.0851687998296624,1
12471,0.7718696397941681,1
12472,2.361494519911444,24
12473,1.8725765265912173,66
12474,0.44336067390822437,5
12475,0.6715582638975252,3
12476,0.36747818098300417,4
12477,0.7377553111551335,15
12478,0.5373134328358209,2
12479,0.5495763682161667,4
12480,0.10471661067236791,2
12481,7.876071844454638,62
12482,0.11992005329780148,1
12483,0.4174493842621582,5
12484,3.5243790835763082,46
12485,6.504320502749411,23
12486,2.215822910026159,28
12487,1.0287477853346287,10
12488,0.24526919997956087,8
12489,69.23076923076923,37
12490,7.14498362607919,20
12491,2.8834355828220857,47
12492,1.4502484221834295,6
12493,4.252538453805168,94
12494,86.03435399551904,32
12495,0.3256518691060404,4
12496,0.6636250518457072,4
12497,1.6705336426914155,15
12498,1.36986301369863,7
12499,2.2979945741794774,12
12500,0.3672719853091206,2
12501,3.7519541427827,2
12502,0.834658187599364,14
12503,0.04917495355698831,2
12504,1.8340375797896251,102
12505,0.7079646017699115,1
12506,2.5,1
12507,0.4716826623865833,4
12508,0.31021934098275894,13
12509,1.9286144780017411,8
12510,0.48269666537053674,10
12511,0.2658003544004725,1
12512,0.7054059349894407,9
12513,3.0041724617524337,27
12514,0.29425588000899117,4
12515,0.6122448979591837,11
12516,0.2776492364645997,3
12517,2.55500354861604,6
12518,0.5558472037797609,5
12519,0.2659552636979273,9
12520,0.279416330332195,6
12521,13.899613899613898,4
12522,1.1468620579802484,1
12523,0.29292107404393813,6
12524,2.923396192366688,27
12525,0.4728691334673129,10
12526,0.20466173962478681,1
12527,0.15585933694840406,4
12528,102.85714285714286,4
12529,0.11106037982649901,5
12530,8.098987626546682,4
12531,0.13574319398707926,3
12532,0.49984726889006137,20
12533,0.8719662839703531,5
12534,0.7599639720783606,15
12535,3.7120601116884973,101
12536,7.961379756735619,82
12537,1.4989945768082384,41
12538,1.3782542113323124,10
12539,4.721517880563084,15
12540,1.3293051359516617,33
12541,3.7924243118215544,23
12542,1.5180532372836686,48
12543,0.466432785839579,26
12544,0.07728970758727297,1
12545,27.692307692307693,5
12546,0.21024967148488832,2
12547,2.0567510950295183,6
12548,0.26789700848340525,2
12549,0.549618320610687,2
12550,0.2931317600119424,6
12551,0.45862621963100075,17
12552,0.7231190535175055,30
12553,1.5656258154301121,5
12554,0.15761131298979905,1
12555,0.09094698548637689,2
12556,0.340393343419062,1
12557,0.5604334018307491,10
12558,4.369735535366168,33
12559,0.8786332371865987,11
12560,11.523687580025609,5
12561,0.2776545899774406,4
12562,0.2543405690870233,4
12563,0.21814215597164152,4
12564,0.34169862181555866,15
12565,0.9440394398699323,5
12566,0.38413931452473427,10
12567,0.5332758759998922,11
12568,3.047668663714509,13
12569,0.5948774442302397,12
12570,0.20356234096692113,4
12571,3.416919261504547,31
12572,1.9494584837545126,6
12573,4.385659589279499,7
12574,0.7548300134791075,7
12575,3.6730008927432727,48
12576,1.6035865160789724,31
12577,26.980728051391864,14
12578,2.281765758600119,51
12579,4.819188733220861,73
12580,1.4244732416658423,16
12581,5.037574501166105,108
12582,0.7357127216991461,14
12583,3.32761125049518,7
12584,0.5381970399162804,2
12585,0.7158124968931748,8
12586,3.600450056257032,16
12587,0.7544533705902899,12
12588,1.1153650386173015,28
12589,4.77516912057302,10
12590,0.27219628376462585,4
12591,0.9748700173310226,10
12592,0.3421890594553491,8
12593,0.8735743751516623,4
12594,0.22221364916476988,16
12595,0.3565839259890251,5
12596,0.5836575875486382,2
12597,1.0319128606917638,3
12598,2.8985507246376816,6
12599,16.69242658423493,3
12600,12.631578947368421,1
12601,2.2723686286886537,16
12602,2.4907307207862477,39
12603,0.6516174074936002,21
12604,1.8508997429305913,1
12605,0.29167510633988253,2
12606,12.84989667480744,19
12607,0.22152482924127745,4
12608,0.07514010498742446,4
12609,0.05552642132214579,1
12610,1.808590806330068,4
12611,0.8639308855291576,1
12612,2.591792656587473,2
12613,1.6863406408094437,5
12614,0.4226013460635467,3
12615,0.3326249653515661,4
12616,0.10352562259159141,1
12617,0.08721845800996553,3
12618,0.4726890756302521,19
12619,1.4473033151904997,13
12620,0.9382329945269742,1
12621,0.3763328454944595,1
12622,0.10087848346013199,2
12623,0.811419984973704,15
12624,3.426861882960881,105
12625,0.25705717141905077,3
12626,9.171974522292993,6
12627,1.3501205464773642,7
12628,120.0,1
12629,42.857142857142854,1
12630,3.515625,1
12631,6.666666666666666,3
12632,1.1396011396011396,7
12633,1200.0,1
12634,26.27737226277372,1
12635,6.38254347084896,26
12636,1.0899549216174393,9
12637,1.567602873938602,6
12638,8.737864077669903,1
12639,16.43835616438356,2
12640,4.972375690607735,1
12641,3.3031852143138027,42
12642,11.960132890365449,2
12643,0.3349148758024002,1
12644,0.3878474466709761,1
12645,0.13016125533299588,1
12646,2.1712907117008444,1
12647,7.1764203331909435,14
12648,4.085036571194203,83
12649,15.584415584415583,5
12650,2.2767518340500885,5
12651,0.3690036900369003,3
12652,6.34308840128844,64
12653,2.519832011199253,6
12654,0.25295998313600115,2
12655,0.24508135339369597,1
12656,25.292740046838407,3
12657,0.4677754677754678,5
12658,0.4854368932038835,1
12659,0.2581385343467661,4
12660,0.20006668889629878,4
12661,0.11387540133170956,2
12662,25.806451612903228,2
12663,19.23762023512647,15
12664,1.2016021361815754,6
12665,3.7809830555944544,15
12666,5.904059040590406,4
12667,2.1190181882394494,10
12668,0.4731061672768235,14
12669,0.22857626616436325,6
12670,0.9900990099009901,4
12671,0.16731734523145567,1
12672,0.22413707227175375,5
12673,69.23076923076924,1
12674,21.267454350161117,11
12675,75.63025210084034,10
12676,2.9762905666722714,59
12677,1.1402814156057746,26
12678,1.7389624190899429,5
12679,0.15424605101545316,9
12680,0.08847600088476,2
12681,0.9410944579993029,9
12682,0.4558955584720591,11
12683,2.127659574468085,7
12684,0.18583416021887136,9
12685,0.16203443231686734,2
12686,3.153468815697267,5
12687,2.32821341956346,24
12688,3.547913608723003,47
12689,1.356365145758166,59
12690,1.711351968054763,15
12691,0.09090105672478443,2
12692,24.965325936199722,5
12693,0.23399567108008504,10
12694,0.3574620196604111,14
12695,44.22604422604422,5
12696,7.605633802816901,9
12697,1.45748987854251,8
12698,0.16106661894322402,2
12699,0.20537981002367572,2
12700,0.09487415996837528,2
12701,2.212901359560312,17
12702,0.5631511435096831,5
12703,8.49056603773585,1
12704,0.29512430061689177,4
12705,0.2726859566732313,1
12706,1.3712196236763923,5
12707,0.15772870662460567,2
12708,0.39121930015214085,2
12709,0.06310751943623949,2
12710,0.5515719801434087,10
12711,0.3063047732493831,3
12712,28.8,5
12713,0.41594110802089607,14
12714,0.486815415821501,5
12715,0.22215822602542476,6
12716,0.07123141305315644,2
12717,1.749348411892035,77
12718,7.737775389575497,4
12719,1.19442601194426,11
12720,1.5841584158415842,2
12721,5.524817252938089,38
12722,0.9094641109040958,8
12723,1.9396551724137931,1
12724,2.6835631755497578,2
12725,0.20957038071952497,4
12726,0.29523234903024376,14
12727,2.3552502453385675,6
12728,0.46252676659528913,6
12729,1.1293231903380128,4
12730,0.14536644457904302,1
12731,0.11154432079320406,6
12732,2.706593723006047,47
12733,0.20885708760394506,9
12734,19.715224534501644,5
12735,0.46668395125745393,4
12736,20.57142857142857,1
12737,0.12810248198558846,4
12738,3.8070059484467946,8
12739,0.6942770358227665,12
12740,3.6383092562867843,17
12741,3.7075180226570548,19
12742,7.037170696499459,65
12743,0.768632474722057,14
12744,68.44106463878326,60
12745,1.0991247710156729,9
12746,0.1875634980592388,2
12747,0.21316911416390338,2
12748,0.22212898289606833,5
12749,1.4779673387464647,9
12750,0.9850868791900398,2
12751,0.4347957365862496,4
12752,2.4031007751937983,31
12753,0.24964393733297063,13
12754,2.2495982860203534,7
12755,0.45030958784164116,8
12756,2.8652643547470156,49
12757,1.0606172202990352,4
12758,1.5205913410770855,4
12759,0.9065726517250063,3
12760,3.712746253578043,49
12761,34.50834879406308,31
12762,0.28455123898351975,2
12763,7.249879168680522,25
12764,1.665838317708958,27
12765,2.993016295310941,40
12766,12.50634294859284,89
12767,3.79205650907739,51
12768,5.8875330230217635,13
12769,2.731461776190388,41
12770,0.47160418784518804,25
12771,0.18054615211013314,2
12772,0.7747558711968364,16
12773,26.568265682656826,6
12774,2.1164021164021163,6
12775,0.24773767333035132,2
12776,1.151815709486482,8
12777,6.090958310774228,25
12778,0.8908685968819599,1
12779,2.284626368396002,4
12780,2.763915547024952,4
12781,0.5990016638935108,1
12782,0.19955654101995565,1
12783,0.18017116260447424,1
12784,0.7306677491374062,1
12785,0.19602504764497686,1
12786,0.9445348166028231,10
12787,0.4227038959209074,5
12788,8.716707021791768,2
12789,5.4961832061068705,2
12790,8.43520782396088,23
12791,2.0244622522142555,8
12792,2.0905923344947737,34
12793,0.9357941252924356,4
12794,0.44745509912373377,6
12795,1.0969502662886517,23
12796,3.158818367943843,3
12797,2.895684960201089,48
12798,2.765137242398771,53
12799,2.569593147751606,4
12800,1.1152416356877324,1
12801,0.09554140127388534,1
12802,2.82307355213691,34
12803,11.199446940891807,9
12804,9.242618741976894,2
12805,8.79038317054846,13
12806,2.673869007427414,22
12807,1.2495544006454153,37
12808,0.3711531522243414,2
12809,0.08753480116226764,2
12810,6.0596786534047435,33
12811,0.6524975725536735,42
12812,0.7240449980558051,15
12813,0.47182175622542594,6
12814,0.13604071144253538,3
12815,0.9180550833049983,6
12816,10.454985479186835,6
12817,0.4971612705232469,9
12818,0.0764039220679995,1
12819,0.3673094582185491,1
12820,480.0,2
12821,9.92282249173098,5
12822,0.37704231252618353,1
12823,0.5436424041075204,1
12824,0.15665569109818542,3
12825,0.1362655664483894,2
12826,1.5151515151515151,2
12827,0.8058398517652618,18
12828,5.3118237261459775,45
12829,2.2231768875523574,92
12830,2.367642222952976,12
12831,28.61685214626391,15
12832,0.2539218899754791,17
12833,8.83977900552486,40
12834,1.1440677966101696,30
12835,1.070154577883472,2
12836,0.2801556420233463,3
12837,5.263157894736842,13
12838,5.013927576601671,9
12839,0.7287818209423553,8
12840,2.9951079902825386,25
12841,0.5705531195520102,3
12842,0.4831647289747848,16
12843,0.33809166040571,3
12844,5.4372019077901435,38
12845,1.1304639088929829,15
12846,0.1451739735326339,6
12847,0.6734006734006733,2
12848,0.9127623739065868,14
12849,1.5574526995846794,15
12850,0.4462809917355372,6
12851,0.7740895040989114,8
12852,0.36703003685985414,13
12853,55.319148936170215,26
12854,24.691358024691358,25
12855,0.6604615892662762,15
12856,1.0184307679250888,20
12857,0.35883498242373096,15
12858,1.646090534979424,5
12859,0.14679497634969826,2
12860,0.4198642438944741,5
12861,0.8556149732620321,2
12862,2.6716141001855287,2
12863,1.1867479808801713,2
12864,0.16183412002697237,1
12865,0.37091988130563797,5
12866,1.3740458015267176,1
12867,8.78048780487805,6
12868,3.829334594019619,9
12869,0.7448618327279415,9
12870,2.8962188254223653,3
12871,0.6793307334255881,3
12872,0.47512207997888345,1
12873,1.5957446808510638,1
12874,37.58564437194127,32
12875,0.28842976034291096,8
12876,5.279999999999999,44
12877,0.5316792202038103,6
12878,0.9237875288683602,6
12879,0.29660144181256437,2
12880,0.43305665824612055,2
12881,0.7629763785595931,11
12882,0.41574366673315766,11
12883,3.8029386343993083,66
12884,5.471124620060791,227
12885,1.317836551661023,4
12886,0.9483090514883183,26
12887,0.1703308835126013,12
12888,0.8597014925373134,6
12889,0.260284867327019,4
12890,0.20137606981037084,3
12891,2.2167487684729066,10
12892,0.19328859060402687,1
12893,0.6857142857142857,1
12894,0.8729388942774005,2
12895,0.7561119045618752,5
12896,0.1620833108217624,10
12897,42.420996250669525,22
12898,30.934479054779803,16
12899,45.0,1
12900,3.0249276444776396,9
12901,0.40564142049615953,6
12902,1.0312231452305929,14
12903,0.09194462890126168,2
12904,0.20224719101123595,1
12905,2.8336314847942754,11
12906,1.1180124223602483,1
12907,0.15418549371479967,2
12908,0.06449185790293975,3
12909,0.5244341392057008,24
12910,0.49823228192901453,11
12911,3.112943993614474,52
12912,0.4931957256370445,12
12913,86.53846153846153,45
12914,9.554140127388536,5
12915,1.521583328739181,23
12916,0.32558560188116126,2
12917,0.5916336927802991,13
12918,6.961107448912326,88
12919,2.4930747922437675,119
12920,0.31081372760630266,2
12921,1.156378821136035,12
12922,0.983311026740597,10
12923,0.22043290573431712,2
12924,0.28103592966295204,4
12925,19.862068965517242,4
12926,0.7017999870037039,9
12927,34.118006725771934,31
12928,11.910669975186105,4
12929,0.24033647105948325,1
12930,0.49896049896049893,1
12931,1.03956107421311,1
12932,0.1792328832596487,5
12933,0.31608707613601106,15
12934,0.14260814450958642,1
12935,0.5317184846023189,4
12936,3.781121022500333,71
12937,0.4697898995171604,2
12938,2.522333158171308,12
12939,1.314708299096138,24
12940,28.16625916870416,80
12941,0.6523455533072452,42
12942,2.7249724258742622,35
12943,2.9197080291970803,21
12944,0.5219849929314533,4
12945,0.163667184080119,7
12946,5.800214822771213,3
12947,2.3611395777823327,16
12948,0.4833123002980426,5
12949,0.7673724598550519,3
12950,6.053617757278755,35
12951,2.6461866017793323,29
12952,1.0509890773644737,29
12953,0.7213465134918514,21
12954,0.6505176792342254,37
12955,1.2257405515832482,3
12956,2.077022933794894,40
12957,29.501996217692795,39
12958,2.6234817813765186,9
12959,0.6070826306913997,1
12960,2.088876731405267,70
12961,36.63631494376004,19
12962,0.356158962572868,13
12963,0.5608961874639702,10
12964,0.7358671351006068,16
12965,0.7685063100395555,17
12966,0.6707711092698823,47
12967,2.0706315426204993,20
12968,3.11598384304674,6
12969,0.5213009354455675,15
12970,1.5982667684821794,25
12971,0.5671130056062642,17
12972,0.36171513258701676,24
12973,0.3057621607192691,7
12974,5.632096896290689,31
12975,0.7723871590634805,8
12976,0.09696708506168185,1
12977,0.3288271830471319,1
12978,0.8845817402671436,25
12979,0.5974718091040689,18
12980,0.3688335638543107,4
12981,0.772055866820363,16
12982,4.335059879251756,73
12983,7.083427029458062,35
12984,0.2526847757422615,4
12985,0.7850777081546312,15
12986,6.505534221820646,8
12987,1.8623900672529747,2
12988,1.7973040439340988,2
12989,0.2972446585814824,17
12990,0.1451261791502056,2
12991,0.8020000495061759,18
12992,3.130434782608696,4
12993,0.10224077702990542,4
12994,5.885074488757287,53
12995,2.022669532929451,69
12996,0.7857688529957437,10
12997,1.5501127124439604,51
12998,1.8329090488312891,33
12999,4.839056563194494,75
13000,0.919943051144453,21
13001,1.4513202983269502,16
13002,0.21628116551516974,1
13003,0.14531656810704988,4
13004,1.3577109125194722,23
13005,0.912450534715636,31
13006,1.3820335636722605,7
13007,0.719654565808412,5
13008,0.7517540928833947,5
13009,0.5753556017260668,4
13010,1.4484978540772533,12
13011,1.5461426960863265,8
13012,2.6439184226879835,13
13013,3.050707709220833,37
13014,3.407247160627366,14
13015,4.846091716772862,15
13016,2.6714234748483765,52
13017,3.3750823994726438,64
13018,2.253564310899893,49
13019,10.263720598717034,4
13020,1.4195583596214512,1
13021,2.1114369501466275,1
13022,3.602620087336245,11
13023,0.48298376637896334,3
13024,0.47587574355584933,1
13025,39.58115183246073,21
13026,4.1041543162022895,25
13027,1.7512161223071578,14
13028,0.9441609842162987,11
13029,1.6589861751152073,24
13030,0.5379406957739902,16
13031,0.33623700973219345,15
13032,6.921597949156163,9
13033,1.26809273728705,33
13034,1.0725458066438254,2
13035,0.08975989228812925,1
13036,1.599822241973114,4
13037,0.26739953947857087,4
13038,0.2638603854521888,19
13039,0.10007088354250929,2
13040,0.3308367412580986,6
13041,0.3496928045848612,8
13042,7.68409818569904,2
13043,0.49972237645752354,10
13044,84.92307692307693,23
13045,0.41802136553646074,1
13046,24.161073825503358,12
13047,3.7175488960945082,100
13048,0.6008812925624248,10
13049,0.2895112487183096,12
13050,52.80251440544788,28
13051,1.9726027397260275,1
13052,2.8193525931082495,9
13053,0.8163265306122449,3
13054,0.1265022137887413,1
13055,1.543573802122414,4
13056,0.2613833349972319,8
13057,3.974578550297952,78
13058,13.397129186602871,7
13059,0.8249312557286892,8
13060,0.31456782670172456,11
13061,3.4871112781737486,67
13062,7.262247838616714,7
13063,1.0356731875719218,15
13064,90.0,1
13065,4.205607476635514,1
13066,0.20325777037517995,2
13067,0.96,1
13068,1.5904572564612325,2
13069,1.0175240248728095,2
13070,3.894698882077173,3
13071,2.3394245015726134,25
13072,1.3256561328334227,11
13073,0.29367856880644133,10
13074,1.1855754981063726,4
13075,0.10647107535786113,1
13076,4.5194587808620446,9
13077,2.165543792107796,90
13078,0.918958513684491,46
13079,0.07061454267276045,1
13080,1.5646187545634713,25
13081,1.2353672433440381,53
13082,0.5085977234197142,7
13083,0.4219706027146775,5
13084,0.8,2
13085,6.56934306569343,1
13086,0.3785356279134976,6
13087,1.538593042140354,5
13088,1.3378511312711772,17
13089,0.2530222097272983,1
13090,0.38438347904733194,17
13091,24.88765986864846,20
13092,25.62623896197513,79
13093,27.459954233409608,10
13094,3.693654666089058,45
13095,9.0,4
13096,0.3806077977609924,18
13097,3.2917542375194473,67
13098,10.095816779621407,24
13099,1.1425502307072581,13
13100,41.98250728862974,24
13101,4.151223128243143,14
13102,1.1848305782033062,44
13103,93.91304347826087,6
13104,0.32637519548514315,4
13105,1.7631552412094325,34
13106,0.8908426614652323,17
13107,0.7615729218516675,17
13108,4.667098805444948,14
13109,0.9457092819614712,3
13110,2.5727650727650726,44
13111,0.746144917924059,5
13112,1.5755785327424914,24
13113,1.1824407547913485,20
13114,4.3478260869565215,21
13115,0.18519471166212254,1
13116,0.7792395199499748,9
13117,0.3210988716942425,2
13118,1.3505739939474277,30
13119,0.09498304816432067,2
13120,1.5645119752768477,27
13121,0.45575996641768673,19
13122,0.9838753757857338,6
13123,3.7775445960125915,1
13124,1.916932907348243,2
13125,0.25391451544646637,1
13126,3.1358885017421603,1
13127,0.2890869669959046,5
13128,0.6944176536399058,50
13129,0.44507503282134003,21
13130,1.2597984322508398,5
13131,0.7143970857134758,14
13132,0.5985037406483791,2
13133,0.14473816463966227,2
13134,0.6577745295084962,1
13135,14.957930819569958,40
13136,0.0481058328322309,1
13137,0.412268814536293,6
13138,28.16166883963494,6
13139,0.689853406151193,2
13140,1.792047787941012,32
13141,0.2665679378008145,2
13142,0.17491861425586705,2
13143,4.749732002968583,16
13144,2.2037218413320274,5
13145,1.962836953677048,25
13146,1.1403682439120966,8
13147,0.8193922840559918,6
13148,0.48828125,5
13149,0.23238050155458254,6
13150,0.5565555396048897,14
13151,0.08149774749281234,1
13152,0.23864074210641886,16
13153,2.307028327796814,49
13154,43.68450082735797,44
13155,1.1351990540007884,12
13156,0.5098840620763613,7
13157,3.495630461922597,7
13158,0.7420767843339345,12
13159,0.10755579456843238,1
13160,34.61538461538462,1
13161,8.256880733944953,3
13162,2.2850446755529514,13
13163,1.106217351224009,3
13164,0.03494687589490698,2
13165,0.7085219444991144,1
13166,1.1057926126910178,24
13167,2.2498777240367374,23
13168,1.168555240793201,11
13169,0.4879928085270322,19
13170,0.9098721124197543,5
13171,27.943078913324708,6
13172,0.46863177421060764,32
13173,0.8829794100561544,19
13174,0.5980397585691345,6
13175,0.47080363565029754,2
13176,0.856906187814794,25
13177,0.11874134177716208,1
13178,1.8944044904402737,6
13179,0.24901718910319226,6
13180,0.4784243890121865,10
13181,1.0405913201470043,14
13182,0.13664140487607385,3
13183,8.294930875576036,6
13184,0.9421993523488444,59
13185,1.1048593350383633,3
13186,8.263198163733742,42
13187,3.612281757977122,20
13188,72.0,1
13189,3.4185715254697144,28
13190,2.582638927211523,91
13191,0.6760245997840476,8
13192,1.4338186484931628,27
13193,3.812045003309067,8
13194,0.547112462006079,1
13195,7.996615189337846,21
13196,3.039490348083049,22
13197,0.8443035005965188,23
13198,7.567106945036216,74
13199,2.4548244118649847,10
13200,2.29275023882815,24
13201,0.5553841406973157,1
13202,4.802744425385935,21
13203,12.542047092743873,29
13204,2.0229589788873725,7
13205,1.041365345675441,5
13206,1.017044919483944,12
13207,1.5813877816643618,54
13208,9.62566844919786,1
13209,1.099656357388316,4
13210,3.300229182582124,12
13211,19.047619047619047,1
13212,1.5156448226695556,75
13213,0.3299785513941594,5
13214,0.8717832811339641,15
13215,43.83116883116883,30
13216,165.61743341404357,38
13217,3.4693221972373918,3
13218,3.6622583926754833,1
13219,15.75585521646558,37
13220,4.841402337228715,29
13221,6.779661016949153,1
13222,2.5214238628872776,51
13223,7.151042860417144,26
13224,52.55474452554745,10
13225,2.337131171487,40
13226,3.7798836958862805,78
13227,0.6261614654375349,19
13228,0.09061390923506758,1
13229,29.79310344827586,6
13230,0.3900240514831748,10
13231,0.06434776391520396,1
13232,0.29564781774954524,20
13233,3.781121022500333,71
13234,0.9924331723639682,58
13235,0.5928487618106589,8
13236,1.1200883223766749,31
13237,0.9442976786015401,14
13238,0.1981151544335145,8
13239,1.7759775665991586,19
13240,1.1931460388656274,30
13241,1.8945763819156274,87
13242,1.0591785208448796,43
13243,0.7972097658196313,12
13244,2.2664835164835164,11
13245,20.429671665991084,14
13246,1.3148677049091988,61
13247,0.5543066547593385,10
13248,1.2937230474365118,3
13249,0.414651002073255,8
13250,1.32099184471007,40
13251,1.2680308621268033,21
13252,4.001803281725716,180
13253,0.9614768284084354,25
13254,0.4479469099958524,9
13255,3.465611295325703,9
13256,0.03030098983233452,1
13257,0.46395074103243356,9
13258,1.384083044982699,6
13259,0.3465370361457381,4
13260,3.2811334824757643,11
13261,1.3102820746132848,8
13262,0.18127800997029056,2
13263,0.2903372145773476,8
13264,0.21191429244172358,1
13265,19.424460431654676,9
13266,2.2682628516363366,17
13267,2.0009154515137646,17
13268,1.3228899429061387,54
13269,0.7938695628204422,32
13270,4.720150782594444,32
13271,0.4689026375773364,2
13272,2.6084593786794676,16
13273,12.094064949608063,9
13274,4.649160568230736,30
13275,1.5876891090512457,56
13276,0.5900672020980168,11
13277,0.0726304321510713,1
13278,5.813953488372093,5
13279,0.6951596292481979,6
13280,0.03126465530717524,1
13281,1.241539854291503,24
13282,1.954397394136808,6
13283,0.45457096357820304,9
13284,2.8781579788935083,45
13285,0.13869091189274568,1
13286,0.6002751260994623,4
13287,1.7245508982035926,2
13288,4.551757892160862,31
13289,1.952913095367256,10
13290,0.6755235307363207,10
13291,0.2801120448179272,5
13292,0.2825893558009315,3
13293,0.14389754494799703,5
13294,1.3091702527425904,18
13295,0.36455696202531646,2
13296,0.1364877161055505,2
13297,1.206939904450591,4
13298,0.08209993386394215,1
13299,0.10813993307339698,5
13300,1.7285531370038412,3
13301,0.5361043086901847,9
13302,0.28917985380351835,1
13303,0.7526293782766718,13
13304,17.982017982017982,5
13305,13.232050967900024,15
13306,0.5707386675447261,13
13307,1.8764917286219858,19
13308,0.07873326918029919,1
13309,0.5193056690868876,6
13310,30.37974683544304,4
13311,1.8858699448208425,15
13312,0.9799651567944251,10
13313,0.1203659123736158,5
13314,0.4490737853177821,2
13315,0.5965386031668098,27
13316,0.9148333696362448,7
13317,0.0668914964185178,4
13318,33.7851929092805,9
13319,0.2213749846267372,8
13320,0.5597885243352511,6
13321,0.0793330150218533,3
13322,0.7730600292825769,11
13323,0.2433583451632529,1
13324,0.2104688778890751,6
13325,0.08119995488891395,1
13326,0.35850622406639004,18
13327,2.591792656587473,4
13328,0.26453406488432757,12
13329,3.339517625231911,51
13330,1.270513499205929,2
13331,3.3994334277620393,1
13332,0.7316081831730118,3
13333,0.7453158966219248,12
13334,0.42893312813384304,12
13335,0.5538972828261071,5
13336,0.46755454803060353,11
13337,6.259314456035767,7
13338,0.07028230057397213,1
13339,2.3870417732310316,42
13340,1.2173324960146854,21
13341,1.7843866171003717,4
13342,1.5183466891606916,4
13343,1.3610586011342156,3
13344,0.1847227448431567,9
13345,0.3795766665788017,12
13346,7.031524668932381,50
13347,1.3206162876008805,2
13348,2.8122253686163465,24
13349,0.5483473420385782,11
13350,0.5986281438370401,8
13351,7.735281478298238,5
13352,1.233632723731198,19
13353,0.23770078513289636,11
13354,1.0286693970854368,3
13355,0.9822646657571624,1
13356,1.0480349344978166,2
13357,1.692524682651622,7
13358,0.2798978891034197,6
13359,0.9990545670057996,59
13360,0.700705128772262,22
13361,0.4910601863510451,13
13362,18.717504332755635,6
13363,0.22374145431945308,1
13364,1.696512723845429,3
13365,60.0,1
13366,1.13314447592068,14
13367,4.639175257731959,1
13368,5.671077504725898,5
13369,1.6359918200408998,4
13370,2.0640511098370053,7
13371,6.105444266928844,69
13372,2.1108179419525066,4
13373,1.2144383222759474,3
13374,1.3142683297839974,6
13375,0.3086949065340422,1
13376,0.4090583703569034,10
13377,0.33024493165764607,4
13378,17.647058823529413,1
13379,0.16526649221870265,1
13380,1.1037866012570903,2
13381,1.3259668508287292,7
13382,2.072240610159735,4
13383,0.6037229582424953,5
13384,1.3297217434129525,18
13385,0.9876896650443745,69
13386,71.61290322580645,37
13387,0.6050165959413469,12
13388,0.15834151919890918,3
13389,18.181818181818183,9
13390,1.1891150240109765,13
13391,0.636717368234878,1
13392,2.373706634205721,13
13393,1.9661387220098305,2
13394,0.7844846371758553,1
13395,26.568265682656826,2
13396,1.1556982343499198,8
13397,0.3940275636874413,12
13398,0.34780368414272833,6
13399,0.8693972179289026,5
13400,0.5217391304347826,1
13401,0.43843624406284254,4
13402,2.445289729783135,55
13403,0.2915097777237945,2
13404,0.16143497757847533,2
13405,0.8388149050956213,13
13406,0.25233939648827675,2
13407,4.255252966701401,76
13408,3.3294797687861273,4
13409,0.3069053708439898,4
13410,2.535806527353839,3
13411,2.4362734040153393,9
13412,0.6883553224616897,7
13413,5.784011463806505,37
13414,3.084832904884319,4
13415,0.3301742586365026,6
13416,1.2656744404078284,3
13417,1.1559079740897924,46
13418,104.85436893203884,3
13419,0.5128753071909392,4
13420,0.2691675033645938,7
13421,0.06158899609936357,1
13422,0.9258238730298689,7
13423,1.9157670670518474,7
13424,4.345202172601086,4
13425,1.8641473827140604,45
13426,0.28953647355298784,6
13427,7.453416149068323,3
13428,1.209474214681673,4
13429,0.20960698689956334,4
13430,1.1160868067516363,9
13431,0.5454158085363255,32
13432,55.72755417956657,5
13433,3.0606069339174042,59
13434,11.556982343499199,2
13435,2.4988431281813974,48
13436,10.97560975609756,4
13437,0.2665876777251185,8
13438,0.352332366866077,16
13439,0.9463722397476341,3
13440,0.0702545262942201,4
13441,3.3182421991487514,34
13442,2.7950310559006213,3
13443,0.7872648335745297,34
13444,1.1874469889737067,7
13445,2.5429116338207245,10
13446,0.6303174932558622,27
13447,47.849882720875684,51
13448,0.800122240897915,16
13449,0.2904084541127753,3
13450,0.918702150929639,7
13451,82.20924057355283,43
13452,0.7925686040565876,31
13453,1.452315636598354,5
13454,0.9286727718302592,2
13455,0.7512677643523445,10
13456,0.268992239787368,7
13457,2.897933091838909,68
13458,2.521873391662378,49
13459,1.1916583912611718,21
13460,3.571428571428571,1
13461,0.6121321185155796,24
13462,0.10602579961123873,1
13463,0.6439495572846794,8
13464,0.4067973401712373,13
13465,2.026646650403453,9
13466,0.10284832728623261,1
13467,1.2043490381934765,6
13468,0.3100737040272668,7
13469,0.14234875444839856,1
13470,8.450704225352112,1
13471,0.3020254248888379,19
13472,0.4481067489855361,10
13473,0.43962541857610216,19
13474,5.777212107797022,58
13475,0.5485953129932187,14
13476,0.6976744186046512,8
13477,2.802404532283873,18
13478,0.9304729904368054,1
13479,1.029542139731747,10
13480,1.4166792795519902,13
13481,14.117647058823529,1
13482,0.34668721109399075,1
13483,156.52173913043478,1
13484,0.41241837552984306,1
13485,0.9590622502442057,3
13486,1.4516129032258063,3
13487,1.4123801220575416,9
13488,1.6390954621338594,18
13489,12.162162162162161,1
13490,1.7601043024771839,24
13491,3.0954428202923476,1
13492,0.21206409048067862,1
13493,0.39491004826678366,1
13494,0.7843137254901962,1
13495,0.7033997655334115,1
13496,1.1943040881947635,13
13497,0.9694793536804308,3
13498,1.0447997467152128,11
13499,0.6950701505985327,3
13500,0.8922670191672175,3
13501,0.7205764611689351,1
13502,4.131401520585282,16
13503,24.283305227655987,8
13504,0.36224592473334677,1
13505,1.5664660236420334,6
13506,2.2613065326633164,1
13507,1.1079479879972303,12
13508,0.902687230447563,65
13509,0.6395289818292559,14
13510,2.513200649878148,55
13511,9.252120277563607,30
13512,1.242164586807752,24
13513,0.1429819683850981,2
13514,0.5098668680955528,3
13515,0.6255647459512059,5
13516,0.4744750021966435,6
13517,2.1628116551516974,4
13518,0.09668842156151801,1
13519,8.470588235294118,4
13520,1.158860453887011,2
13521,2.603507503163985,4
13522,0.18816027596840473,8
13523,3.8413037152003104,11
13524,0.19196782253641292,7
13525,0.28994845360824745,2
13526,0.7356268153489119,14
13527,3.276102651216405,15
13528,1.1798837110498779,27
13529,0.4656376649133397,3
13530,0.09798851356868724,1
13531,2.6498613561885556,73
13532,1.4613354982748124,4
13533,2.5378921395840677,2
13534,2.2292555387367554,18
13535,2.5527931812057694,50
13536,3.9532512353910114,14
13537,0.5382583497682498,21
13538,0.6850117096018735,13
13539,0.9230571996324866,12
13540,0.666851903306474,2
13541,0.5840955645243069,8
13542,42.857142857142854,3
13543,2.121807465618861,9
13544,0.7340835284344083,27
13545,4.229488936753476,36
13546,2.3622768197772013,43
13547,1.339119652820831,3
13548,0.9189804814829361,13
13549,2.6814874233656103,13
13550,0.278508432616432,1
13551,1.1562815453794622,14
13552,0.21455390666905058,2
13553,1.2040996726951287,14
13554,2.472672005611738,47
13555,1.108673056934981,24
13556,0.2009526644834772,9
13557,0.2079267965659074,14
13558,4.25531914893617,10
13559,0.9948232346493248,15
13560,3.4395900286632504,22
13561,3.809786734764304,46
13562,1.7654401711941983,33
13563,0.7682094081942337,9
13564,29.85781990521327,7
13565,6.5805231641979205,29
13566,2.0843202273803887,33
13567,1.3852468361646335,27
13568,0.9751472878716057,16
13569,9.0,1
13570,0.2840909090909091,1
13571,0.30084927242528386,8
13572,0.2736706070166103,2
13573,0.489795918367347,2
13574,0.10520368602544371,3
13575,194.84536082474227,21
13576,1.9394029462577325,29
13577,46.15384615384615,1
13578,4.044943820224719,6
13579,39.83140147523709,21
13580,1.4289494575284467,30
13581,0.5452273673848018,4
13582,0.3117377938778161,18
13583,1.2149574764883229,15
13584,0.45386659425490233,13
13585,3.200948429164197,3
13586,3.7177280550774525,15
13587,1.7209071092584802,25
13588,1.173062997827661,9
13589,0.3604325190228274,1
13590,0.6592601635941887,3
13591,0.1523293699488004,1
13592,4.174133024138294,33
13593,1.4473428527395653,60
13594,0.4645760743321719,1
13595,51.83464932652113,31
13596,0.38633863654656186,4
13597,0.2071465561885034,1
13598,1.0775217000897934,2
13599,1.11765144177036,25
13600,1.023539028348714,24
13601,1.2232793772395898,11
13602,0.6341377488109917,2
13603,3.3356276804151,140
13604,13.588850174216027,13
13605,4.400328760194727,58
13606,0.4774681942928267,13
13607,0.22921176620399847,1
13608,14.33175355450237,84
13609,0.49246932326507165,10
13610,0.05602764030254926,1
13611,1.9057333393586873,82
13612,0.5531228393639087,2
13613,0.35555555555555557,1
13614,0.14884336303309698,2
13615,0.5336021106927934,5
13616,2.8398957332967485,23
13617,2.34375,18
13618,2.3131552248900915,19
13619,0.3674069235793599,5
13620,1.4330069262001432,5
13621,0.30106312917489886,8
13622,0.3489407588249904,16
13623,1.7178987553187257,12
13624,0.16758042826109446,9
13625,50.893970893970895,34
13626,0.9821306779429818,6
13627,0.22360645264334772,7
13628,1.446794576008812,27
13629,0.20339749143093902,3
13630,38.24239497827136,22
13631,3.1984314206059867,87
13632,3.3038889526213144,16
13633,2.3855827823155713,46
13634,9.86639260020555,8
13635,1.514726507713885,3
13636,0.4963372151805656,15
13637,1.0478569869260437,12
13638,1.7058916442900016,39
13639,1.748497385059714,56
13640,0.4070241417681748,19
13641,1.3501856505269476,40
13642,1.3454536686518939,31
13643,0.875959770736455,9
13644,0.28793473479344683,6
13645,0.2188649420919841,2
13646,0.8262249933060475,12
13647,0.5885045445628719,5
13648,0.2711455901182496,2
13649,1.2198427758200054,15
13650,0.5258967635436678,20
13651,1.587501574902356,21
13652,2.0764667106130523,7
13653,0.48996257230350454,8
13654,2.6860660324566314,60
13655,26.82277807344332,14
13656,62.06896551724139,33
13657,4.313960455362492,4
13658,0.8714714149306723,18
13659,0.33045713236644025,6
13660,0.800533689126084,3
13661,0.26233808821118215,4
13662,1.4191036980462688,80
13663,0.7280549350541904,22
13664,0.5557842733635241,6
13665,0.10176534607284701,2
13666,45.56962025316456,5
13667,0.08389522418668241,3
13668,1.236449799134794,89
13669,1.3500091216832546,37
13670,0.8802201947661827,35
13671,0.43533466352258304,2
13672,0.14696276943174397,3
13673,0.9437919463087248,5
13674,0.6779501424166098,8
13675,72.72727272727273,8
13676,1.0134421845309312,20
13677,1.3333744868668784,12
13678,2.284263959390863,2
13679,2.4789120330521603,4
13680,0.2003338898163606,1
13681,0.12969234094675408,1
13682,0.6785891001625787,8
13683,1.4472361809045227,2
13684,60.111317254174395,18
13685,4.455445544554456,1
13686,1.0082903876316378,15
13687,1.1763058395182746,7
13688,7.494795281054823,3
13689,0.5390028447372361,1
13690,1.1152213131184285,17
13691,0.5586158740010861,8
13692,0.6465285011314249,5
13693,0.743349933195676,17
13694,1.8169200681345026,8
13695,36.734693877551024,1
13696,327.27272727272725,1
13697,2.62582056892779,25
13698,1.946998377501352,2
13699,1.2956631275868276,4
13700,0.6134707962339709,4
13701,1.9966722129783694,1
13702,0.4189700320046552,4
13703,0.218107463364762,8
13704,0.8944654947512267,8
13705,0.5580530150364285,19
13706,2.583114087538866,45
13707,4.440606882940669,40
13708,23.452768729641697,2
13709,0.25622775800711745,2
13710,1.2778985668012601,16
13711,0.7808142777467931,7
13712,5.363310083293831,22
13713,17.00787401574803,9
13714,3.1187395094482646,64
13715,1.5023019142234066,31
13716,0.24239159709130084,4
13717,4.779199959922852,53
13718,1.415958009521097,29
13719,0.9214623949490209,6
13720,0.4917696878628509,2
13721,3.787661406025825,11
13722,3.1976313841598816,24
13723,0.32764008130327943,3
13724,0.58167716917111,1
13725,5.027932960893855,1
13726,3.3676333021515434,1
13727,73.46938775510205,1
13728,0.39370078740157477,1
13729,1.0454221686482932,53
13730,0.9266886326194399,10
13731,1.85377932137653,47
13732,1.7176317501626546,11
13733,3.6511156186612572,1
13734,2.0327498588368154,1
13735,1.8924128263536009,9
13736,0.23669157772469263,6
13737,2.8784648187633266,6
13738,2.306566830191927,67
13739,0.1575027070777779,4
13740,1.9065042607481584,11
13741,2.4242424242424243,1
13742,0.09677939674176031,1
13743,0.06527533498939277,1
13744,0.11062286820514396,1
13745,2.5495117163233356,57
13746,13.211009174311927,2
13747,1.1040867566838142,75
13748,0.19443844325792414,14
13749,0.7127654308766025,28
13750,1.5362556329373207,25
13751,0.08921380335790843,2
13752,0.3208098666856776,5
13753,0.522344747533372,2
13754,0.35384892616680047,6
13755,4.981656690480788,43
13756,6.675338333379459,67
13757,1.4456264700070751,63
13758,0.8191592240741794,12
13759,2.0651890482398954,11
13760,0.16929624491523432,2
13761,0.0838593957464651,1
13762,0.491614589768434,21
13763,1.1187001769372729,49
13764,2.7184466019417473,56
13765,12.5,5
13766,23.498694516971277,5
13767,3.8791988735955862,75
13768,1.9361344537815126,8
13769,0.26781728909388486,5
13770,0.6559766763848396,21
13771,3.3331404432613856,32
13772,1.556220880897869,54
13773,1.5133998949027851,12
13774,2.338830584707646,26
13775,0.6432017152045739,1
13776,1.3822699040090345,17
13777,0.6734006734006733,1
13778,64.28571428571429,1
13779,2.8526148969889062,11
13780,0.3165948465394425,1
13781,0.2342529932326913,1
13782,0.829556801597665,3
13783,5.9405940594059405,1
13784,1.3318534961154274,1
13785,0.8502598016060463,1
13786,6.0606060606060606,1
13787,1.1772400261608895,1
13788,17.5609756097561,1
13789,0.4683028358338392,3
13790,2.4468988954970263,4
13791,0.619301565456735,3
13792,1.7563990206087765,54
13793,0.17164809416124024,7
13794,28.391167192429023,10
13795,1.6979867437877019,19
13796,5.252407353370295,45
13797,1.8305245918960324,77
13798,2.9690721649484537,52
13799,1.153951827090393,28
13800,0.589305201891597,18
13801,0.03878140216314043,1
13802,0.0846222556532368,1
13803,0.6402883669089486,15
13804,0.04339440694310511,1
13805,0.801107704480269,27
13806,0.4140151805566204,3
13807,2.226730664555396,25
13808,55.871702017589236,30
13809,0.8407005838198498,14
13810,1.11890595861824,14
13811,0.7729468599033816,4
13812,42.534908700322234,22
13813,3.6125754207684975,79
13814,1.5982951518380395,70
13815,17.014765133799386,766
13816,3.80619859603398,172
13817,1.9265073135925792,60
13818,1.2573734864948773,9
13819,0.17371932265549286,12
13820,0.42425313770549766,8
13821,1.069479000334212,24
13822,0.5265467310223783,4
13823,0.07374178086400787,1
13824,4.063825243310858,37
13825,0.27706645396918683,11
13826,0.44106836559666746,8
13827,2.9154518950437316,10
13828,1.8795683954054996,18
13829,5.099150141643059,1
13830,0.7189455465317534,3
13831,0.3186780761286515,3
13832,9.963099630996311,6
13833,0.22216736608244878,2
13834,0.5563660641428253,25
13835,1.0578123852200103,12
13836,0.23234050792216593,2
13837,0.0646513020053876,3
13838,0.9898748099505063,34
13839,0.3014772384684956,5
13840,0.13750954927425516,2
13841,20.0,1
13842,0.5250109377278693,1
13843,1.0930620919993927,2
13844,2.573266619013581,1
13845,0.7278608976951071,1
13846,0.561491070732278,6
13847,2.403204272363151,3
13848,7.909914858555342,8
13849,10.714285714285714,1
13850,0.225,11
13851,0.2515152044434353,4
13852,0.4444197544580857,20
13853,2.019338639884609,21
13854,2.0761245674740483,1
13855,0.33308043892600064,10
13856,0.3409910599138779,13
13857,0.392598785851903,3
13858,1.7717827196500182,27
13859,1.5584415584415585,7
13860,11.897356143079316,17
13861,0.655422962975223,11
13862,0.7976955461998672,4
13863,0.8366186662240113,28
13864,22.748815165876778,4
13865,0.21437503721788842,1
13866,7.725321888412017,1
13867,2.622738495163314,18
13868,0.5715786195399281,26
13869,2.56936390400571,8
13870,0.5349750557265683,14
13871,1.5138772077375946,1
13872,1.0853180584865842,3
13873,1.004414829889547,17
13874,0.5292561011467215,2
13875,0.28508829818124226,3
13876,3.241973375097886,23
13877,0.5704175139303351,6
13878,0.18834362247567227,1
13879,0.4711517697638352,20
13880,1.046498401182998,23
13881,2.594007020288841,70
13882,0.817067635043123,3
13883,0.9279801219558576,61
13884,2.0460745680509245,45
13885,115.19999999999999,16
13886,3.2171581769436997,14
13887,0.4664118675908532,2
13888,0.30798186329027294,3
13889,7.271258331650172,10
13890,0.7535006383824854,30
13891,0.7652247847805292,20
13892,5.599547511312217,22
13893,3.3639619996885224,6
13894,0.8088070096607505,3
13895,0.8602630174521878,30
13896,16.55933762649494,5
13897,2.329445095398821,37
13898,0.3878808774727406,5
13899,0.07245355928109969,1
13900,0.6492168178070898,28
13901,0.08713542296986566,1
13902,0.17189924794079026,4
13903,0.43473010505977544,4
13904,1.1288362795437619,8
13905,0.8062676526579045,54
13906,70.14809041309431,25
13907,0.3686216508333807,9
13908,0.29092672283168675,4
13909,2.6402640264026402,4
13910,1.085246932997798,23
13911,0.04016422706176366,1
13912,0.18354236769654328,1
13913,2.508710801393728,1
13914,0.8205293218566487,17
13915,2.449131053250046,11
13916,0.7492195629552549,2
13917,1.1751264893096132,4
13918,0.14789860728811471,2
13919,0.7658379543617309,15
13920,0.8270972823946435,35
13921,11.203319502074688,3
13922,8.450704225352112,4
13923,0.655220530243281,3
13924,0.7970479704797048,6
13925,0.0936000936000936,2
13926,100.0,1
13927,1.1984021304926764,1
13928,0.3652736381508022,8
13929,0.6870430723156875,13
13930,11.017597551644988,16
13931,9.664429530201343,2
13932,10.449927431059507,2
13933,74.22680412371135,2
13934,5.056179775280899,2
13935,0.4546717522544141,10
13936,0.12283335608025112,1
13937,1.2575979878432193,20
13938,0.2206761271339688,2
13939,0.2413030363965413,1
13940,1.9914032319495074,61
13941,1.951854261548471,25
13942,0.5929304446978335,13
13943,0.6273130092769306,21
13944,0.1941067047690939,2
13945,0.4087471898630697,5
13946,0.46057155650797205,8
13947,0.48365118257832146,21
13948,0.1926060670911134,4
13949,1.229954517306912,32
13950,0.559310184106269,2
13951,0.2660164043449346,2
13952,1.3371046541527385,13
13953,0.5293561600672199,7
13954,0.4294917680744453,2
13955,0.6448723690103001,8
13956,0.5945499587118084,3
13957,0.23880597014925373,1
13958,0.7239091091896239,8
13959,0.41138155639355506,1
13960,1.3745704467353952,4
13961,0.23945723027803645,2
13962,1.0186757215619693,9
13963,4.510764323954892,22
13964,12.040133779264215,4
13965,2.5247409023611005,27
13966,1.7059590095960193,4
13967,0.403203225625805,2
13968,0.09139839545039098,1
13969,0.18266230306720452,4
13970,1.1860311882275423,6
13971,1.0852713178294573,7
13972,0.28820750940677287,2
13973,78.26086956521739,6
13974,1.910574499137588,16
13975,9.809264305177111,1
13976,0.8374597055598019,28
13977,28.8,5
13978,4.201925882696235,8
13979,4.9815498154981555,36
13980,0.12499662431955927,9
13981,25.517993456924753,13
13982,55.53191489361702,29
13983,0.965989132622258,4
13984,0.2979392534966482,1
13985,0.05842353819438809,2
13986,0.8472436766952361,55
13987,0.7825614395265986,18
13988,3.349962519709463,72
13989,17.034089687063123,44
13990,5.893288199550512,59
13991,2.021336327905671,2
13992,143.84656366542353,75
13993,0.38094192987062864,27
13994,0.4366988799482431,12
13995,0.6777408637873754,17
13996,0.10473336630494866,1
13997,0.3337969401947149,1
13998,4.38489646772229,1
13999,0.6699336269462192,3
14000,0.496544114266448,9
14001,22.558053814964982,17
14002,2.3715415019762847,4
14003,0.8724311748739821,25
14004,0.9081735620585267,6
14005,1.7727440600763265,4
14006,8.017817371937639,1
14007,27.635619242579324,15
14008,7.8468447175608596,83
14009,5.066031608573284,78
14010,0.8854878382071604,18
14011,0.6620689655172414,2
14012,1.4798574952041657,12
14013,0.32740666636351234,2
14014,17.041420118343197,8
14015,2.557165958861668,47
14016,1.6156687648879735,39
14017,4.235294117647059,1
14018,0.3037974683544304,3
14019,0.13971539456662355,3
14020,0.6456048061691125,6
14021,0.8252221752010157,39
14022,10.821643286573147,3
14023,1.2136150364471365,61
14024,0.41294664194084924,6
14025,0.6843455945252352,2
14026,0.0936682841791666,6
14027,8.700906344410877,4
14028,0.8916960802526473,4
14029,0.024037177501201858,1
14030,0.06970125268640244,1
14031,2.206080172181867,41
14032,1.4380375017623008,34
14033,1.715102429728442,5
14034,0.6427168673503799,9
14035,3.2936870997255263,1
14036,28.57142857142857,1
14037,50.943396226415096,3
14038,3.3676333021515434,1
14039,0.5840363400389357,4
14040,0.2089512389067207,10
14041,0.990807508119117,5
14042,1.594923683759218,31
14043,8.158640226628895,4
14044,0.41874463846925575,8
14045,0.7615286983500212,27
14046,41.584158415841586,7
14047,1.2217470983506413,5
14048,2.550297534712383,5
14049,0.9271978021978021,18
14050,257.14285714285717,1
14051,32.92682926829268,3
14052,1.5286624203821657,23
14053,1.1180857811508935,71
14054,3.361021486922496,68
14055,1.3186455393965704,27
14056,0.549302221857064,13
14057,33.333333333333336,29
14058,2.3178950079409364,15
14059,2.754399387911247,1
14060,1.269691982130261,15
14061,0.984952120383037,1
14062,0.44302239724341624,1
14063,1.2054244098442994,4
14064,0.6359300476947536,2
14065,2.97828335056877,4
14066,0.9445100354191263,2
14067,0.3104384943733023,4
14068,1.2197187870574284,2
14069,0.39488838918444574,4
14070,5.869565217391304,9
14071,0.5297850813992704,24
14072,158.8235294117647,12
14073,0.9766061341078096,17
14074,3.1242863015575755,19
14075,0.11126908573901217,4
14076,0.3270348837209302,1
14077,2.2740603708884177,14
14078,0.10815357808087485,3
14079,2.2136032541859807,13
14080,0.09790590155017678,2
14081,0.9289066915685744,42
14082,0.34697541052733033,8
14083,0.3003604325190228,10
14084,0.6543592337358538,23
14085,0.38765950573413016,4
14086,1.2635135962388433,86
14087,0.5759616025598293,24
14088,1.3030101948482837,12
14089,2.5961778492774528,26
14090,0.984009840098401,10
14091,1.2903110187184703,40
14092,3.1246609525876097,8
14093,0.767658560921834,53
14094,0.4259479521493558,19
14095,1.9934979100425136,31
14096,0.48471792109869394,2
14097,5.107935542718152,14
14098,0.5588799819351925,11
14099,1.4139827179890023,2
14100,0.824418490529002,14
14101,13.468733297701764,7
14102,0.46099744875343535,13
14103,0.13247104495736087,4
14104,0.574051849302997,19
14105,0.11159157483609988,2
14106,0.07314694408322496,1
14107,0.10224077702990542,4
14108,138.46153846153848,1
14109,0.5272562172295615,15
14110,1.518901890189019,30
14111,0.714902743439278,20
14112,0.8368200836820083,1
14113,0.5412836154308789,7
14114,1.2307091228755616,7
14115,0.5016023408109238,2
14116,0.8209057326583664,5
14117,0.06430983047214134,1
14118,0.07479431563201197,1
14119,1.4100899771699718,35
14120,0.7807900852052672,14
14121,8.621539761921532,34
14122,10.748102021666808,35
14123,3.2402418772105523,71
14124,0.7493755203996669,11
14125,0.9097801364670205,2
14126,0.7743124903979106,7
14127,0.10286889930277746,2
14128,36.206896551724135,7
14129,1.9687893471708193,43
14130,2.5478343408103115,85
14131,1.325478645066274,3
14132,2.696965913347484,12
14133,2.841819321585289,34
14134,0.7374194869927396,9
14135,1.141679219852533,4
14136,2.177455938439826,36
14137,2.50511025094594,48
14138,1.3684470260285027,57
14139,0.09504825018811633,2
14140,1.0264159550657903,40
14141,1.631991427923813,66
14142,0.6173494802342008,21
14143,0.6623909157817264,7
14144,1.0710460549803642,5
14145,0.49893744802734913,6
14146,0.8525502501406116,8
14147,0.9446339543426923,5
14148,66.68358284699315,73
14149,0.605856613934702,3
14150,2.37467018469657,1
14151,103.59712230215828,4
14152,1.4503730681836495,25
14153,0.34406018322570076,21
14154,2.6112366070503388,35
14155,0.45818598350894096,14
14156,1.0504536049657807,22
14157,8.291762636141621,199
14158,2.2885477257556976,40
14159,0.45183558205208657,2
14160,17.742730409068507,30
14161,2.6346771884048747,23
14162,3.6809815950920246,1
14163,3.450479233226837,6
14164,0.28808066258552395,2
14165,13.390010626992561,35
14166,74.1962077493817,25
14167,2.6323643526532563,49
14168,5.618693807566332,142
14169,1.3433291495640964,22
14170,1.1328629633310145,38
14171,4.181405416820653,44
14172,5.062838001968881,110
14173,2.5577105250037393,57
14174,1.0436178753010437,13
14175,0.14316733875778473,5
14176,0.06087559395978829,1
14177,1.1928429423459244,1
14178,6.751600594968635,29
14179,1.118620368212538,20
14180,34.40134907251265,17
14181,2.423211818471676,19
14182,2.1697784682971255,45
14183,0.6171478950848579,28
14184,1.0465369800625015,24
14185,20.11173184357542,7
14186,3.0602703238786093,30
14187,1.346153846153846,14
14188,0.10050952746562435,2
14189,12.16064056049043,27
14190,0.3989945337748873,25
14191,0.7310692485038166,17
14192,12.368972746331238,118
14193,4.865987538324597,82
14194,2.0405849676907377,5
14195,2.5143566661493093,9
14196,3.036589536076599,37
14197,0.7649673295203018,24
14198,0.48109047173593483,1
14199,0.10827067669172932,1
14200,1.087801087801088,14
14201,1.9334049409237377,4
14202,0.8208870140234865,2
14203,7.875434307038992,34
14204,0.8385255924998545,4
14205,0.3451526821239673,6
14206,0.13018949804715754,2
14207,0.5234840773593137,1
14208,76.27118644067797,40
14209,0.5460668021721323,10
14210,28.42105263157895,3
14211,0.3194407472135739,23
14212,0.3413535616925447,12
14213,5.815831987075929,8
14214,0.3166187131710872,7
14215,0.22713650272879268,2
14216,19.047619047619047,5
14217,0.3857162536543554,7
14218,0.16482007142203095,1
14219,0.5297857311043089,5
14220,0.7159192602167644,10
14221,400.0,1
14222,28.985507246376812,15
14223,2.3963484214530237,7
14224,49.31506849315069,1
14225,0.96411355115158,2
14226,3.3157894736842106,14
14227,0.6937187326292386,26
14228,0.2681164817159455,4
14229,4.465116279069767,4
14230,0.14512032893941226,3
14231,0.8859357696567,8
14232,0.6881903143585387,9
14233,1.3441042699069987,11
14234,0.6010532743092658,35
14235,0.3148761487148388,15
14236,0.5818965517241379,6
14237,1.087011222384379,6
14238,1.3289036544850499,11
14239,0.10689259273922166,6
14240,0.2877237851662404,1
14241,3.027068982245076,26
14242,1.1192747623177497,19
14243,0.8148852369957897,5
14244,5.070422535211268,2
14245,4.1203797212684306,68
14246,14.745465184318315,7
14247,2.536282936452022,35
14248,2.447730749617542,4
14249,0.10456648478184194,7
14250,0.767678755966734,13
14251,0.8188674727642763,19
14252,0.1520759957545451,8
14253,2.0339784776695966,43
14254,2.1909471281856217,8
14255,0.9027081243731194,2
14256,1.2032085561497325,2
14257,0.6635333149018523,6
14258,1.9928371929177113,66
14259,2.490023942537909,13
14260,0.12414328203801889,8
14261,0.7955801104972376,7
14262,0.581317113868181,6
14263,0.37598238452902116,12
14264,0.46744343068852684,15
14265,80.0,1
14266,0.12150668286755771,1
14267,10.785619174434087,18
14268,2.550177095631641,12
14269,1.7467248908296944,5
14270,0.4007474257543832,14
14271,1.2171208330515924,5
14272,0.14689081116370165,1
14273,0.5336594585580077,8
14274,10.315186246418339,46
14275,0.6661485511269013,10
14276,0.19001449469542867,13
14277,0.6010016694490817,2
14278,0.5499674361386497,19
14279,0.6420753952168626,44
14280,77.24317295188557,33
14281,2.2358811813333905,29
14282,0.1567261645624728,1
14283,11.737307871448534,7
14284,0.6446298750134298,15
14285,30.125523012552303,2
14286,34.54317897371715,23
14287,8.795982082258721,18
14288,11.501597444089457,16
14289,2.526315789473684,30
14290,0.7150187030355192,6
14291,29.548563611491108,6
14292,0.8050569503250045,30
14293,55.17241379310345,4
14294,0.9582113388341762,5
14295,0.08052070053009461,1
14296,0.1491084556920082,2
14297,1.0134204777029137,46
14298,71.61290322580645,37
14299,1.696312875485923,4
14300,10.095030378563639,18
14301,1.6432353478181487,70
14302,1.2881871449657825,16
14303,7.13577799801784,26
14304,1.1454935963726036,4
14305,1.969224914976098,23
14306,7.353370294718412,63
14307,0.30390597097308353,13
14308,0.6446642373763665,43
14309,0.5647675108622254,23
14310,0.7350291849823448,34
14311,20.761245674740483,5
14312,0.21405636817695325,2
14313,3.53035571008291,22
14314,0.7329678935003916,13
14315,1.6802800466744459,2
14316,1.4323541921055882,29
14317,1.7572404816140579,6
14318,0.5204192265992049,4
14319,0.22973346663546831,3
14320,1.848840195155354,6
14321,60.14742014742015,34
14322,1.4646053702196906,1
14323,1.7885859972543636,38
14324,0.6298477867848603,3
14325,0.2930880078156802,5
14326,0.46540089115652117,15
14327,0.10656878126757645,1
14328,1.1340567028351418,9
14329,0.8880118401578687,6
14330,0.0699749256516415,3
14331,1.3676326929338978,7
14332,0.5572508955817964,7
14333,1.1646716273050792,1
14334,2.0421118029200036,42
14335,5.5788514129443945,34
14336,0.5289256198347108,8
14337,20.96347273689783,11
14338,9.488666315234582,5
14339,1.7806864013393198,13
14340,0.6335379132844982,24
14341,15.262321144674086,8
14342,23.573433115060805,14
14343,1.0300965065161407,11
14344,0.4216839244717237,5
14345,3.376477208778841,5
14346,0.3511110388660414,6
14347,1.4355020934405531,6
14348,2.344385955391545,96
14349,0.3273998991343745,22
14350,0.8234217749313816,15
14351,1.744186046511628,16
14352,0.08990110878034163,1
14353,7.045009784735812,1
14354,0.1748778284059886,5
14355,0.6962576153176675,4
14356,0.4644462123981336,6
14357,1.7518248175182483,1
14358,22.78481012658228,1
14359,0.14796750195234898,3
14360,0.6884681583476764,13
14361,53.286895951240744,34
14362,0.3511595581242227,4
14363,0.2465584549003493,1
14364,9.851822186623949,41
14365,2.7196584003941537,46
14366,156.52173913043478,2
14367,2.5690140845070424,19
14368,2.394413036248753,20
14369,0.6037229582424953,1
14370,3.191017875609396,6
14371,0.5387755102040817,11
14372,30.476190476190474,16
14373,1.132172570546359,22
14374,0.41823990705779845,2
14375,1.7374517374517373,1
14376,1.3471373331670202,3
14377,0.10292919329244758,2
14378,0.4615157043538287,13
14379,0.2806206668867613,17
14380,1.1973074634975807,71
14381,0.6497608519086725,2
14382,39.88919667590028,4
14383,0.25346757727240726,2
14384,0.6677486668212381,4
14385,1.9622093023255813,6
14386,1.4070110035475918,13
14387,0.42949746145790524,9
14388,12.949640287769785,1
14389,0.39562613330402774,2
14390,2.628460170998053,69
14391,25.35211267605634,1
14392,5.701693981545242,23
14393,0.5318537730428929,9
14394,1.6554410452000323,17
14395,3.2238522927805726,68
14396,3.8572680931199064,33
14397,1.2671594508975712,24
14398,1.9975585395627566,10
14399,0.15571158753730588,6
14400,7.573632538569425,9
14401,0.7325411036952628,5
14402,2.9941779872470193,3
14403,2.1717273275688718,24
14404,3.0970406056434965,5
14405,2.946743745843352,16
14406,2.2207730405202954,35
14407,7.682458386683738,5
14408,1.71277683945096,40
14409,4.755614266842801,4
14410,0.2934463645255951,5
14411,2.8161668839634943,6
14412,0.7337378298292648,13
14413,0.18974408874185072,13
14414,22.21460404525197,18
14415,0.26291285534315606,8
14416,0.1978674288226888,2
14417,10.416940681310008,44
14418,2.8136990194685234,11
14419,0.44006552086644013,15
14420,44.171779141104295,2
14421,2.0323673315769666,90
14422,327.27272727272725,1
14423,59.75103734439834,32
14424,0.46656298600311036,2
14425,0.6328001406222535,1
14426,2.134532815375179,29
14427,1.139240506329114,12
14428,0.484245216397081,4
14429,0.8002222839677688,4
14430,0.16931615087950336,7
14431,8.674698795180722,7
14432,0.19967829607854012,2
14433,0.2663397311237,7
14434,11.865933349941551,516
14435,2.7468684428053667,48
14436,0.35958904109589046,7
14437,3.302146395156852,5
14438,1.6327551961964937,29
14439,0.2899834870514318,2
14440,0.4446875716882246,7
14441,13.922651933701658,7
14442,2.026646650403453,3
14443,2.457531441174154,52
14444,2.814974098328609,40
14445,3.485416918794627,8
14446,1.0209869540555871,1
14447,0.7249587176285796,5
14448,1.4539579967689822,5
14449,0.11980431961130154,3
14450,0.49218429567515837,3
14451,0.17201012948540303,1
14452,0.10280720792757803,1
14453,0.6078636327088526,21
14454,0.31445167489190723,2
14455,1.590428770999749,37
14456,49.157942649066904,30
14457,0.08789384376869269,2
14458,0.10073029463611181,1
14459,0.5838784667783965,3
14460,1.0556734450143423,55
14461,0.26478375992939096,4
14462,0.21136683889149838,1
14463,0.8685162846803378,2
14464,0.08961911874533234,1
14465,1.971792414076407,8
14466,1.4436484934653033,44
14467,0.0511098649137876,2
14468,103.72148859543817,24
14469,6.150341685649202,18
14470,2.0234192037470726,6
14471,1.9924728802302412,35
14472,0.7632046519140688,21
14473,0.5613706800771885,8
14474,1.2321950448908665,13
14475,1.007473128867422,27
14476,14.201183431952662,2
14477,0.5203542613860346,11
14478,0.6806064960108897,5
14479,0.16280384397964953,4
14480,0.029371211317706765,1
14481,18.46153846153846,1
14482,1.4477286436824277,26
14483,0.3152245975257371,7
14484,5.327234815362885,22
14485,1.6730609500454852,47
14486,0.8007391438250693,13
14487,0.3563121690503291,2
14488,1.4364885834626469,9
